Nonterminals useless in grammar

    expr_list_decl


Terminals unused in grammar

    rwENDDEF
    rwGLOBAL
    rwNIL
    rwENDIF
    rwENDWHILE
    rwENDFOR
    ILLEGAL_TOKEN
    CHRCONST
    opCAT
    rwStruct


Rules useless in grammar

  186 expr_list_decl: ε
  187               | expr_list


State 252 conflicts: 1 shift/reduce


Grammar

    0 $accept: start $end

    1 start: decl_list

    2 decl_list: ε
    3          | decl_list decl

    4 decl: stmt
    5     | fn_decl_stmt
    6     | package_decl

    7 package_decl: rwPACKAGE IDENT '{' fn_decl_list '}' ';'

    8 fn_decl_list: fn_decl_stmt
    9             | fn_decl_list fn_decl_stmt

   10 statement_list: ε
   11               | statement_list stmt

   12 stmt: if_stmt
   13     | while_stmt
   14     | for_stmt
   15     | foreach_stmt
   16     | datablock_decl
   17     | switch_stmt
   18     | rwBREAK ';'
   19     | rwCONTINUE ';'
   20     | rwRETURN ';'
   21     | rwRETURN expr ';'
   22     | rwRETURN '{' expr_list '}' ';'
   23     | expression_stmt ';'
   24     | TTAG '=' expr ';'
   25     | TTAG '=' expr ',' expr ';'
   26     | DOCBLOCK

   27 fn_decl_stmt: rwDEFINE IDENT '(' var_list_decl ')' '{' statement_list '}'
   28             | rwDEFINE IDENT opCOLONCOLON IDENT '(' var_list_decl ')' '{' statement_list '}'

   29 var_list_decl: ε
   30              | var_list

   31 var_list: param
   32         | var_list ',' param

   33 param: VAR
   34      | VAR '?'
   35      | VAR '=' expr
   36      | VAR '?' '=' expr

   37 datablock_decl: rwDATABLOCK class_name_expr '(' expr parent_block ')' '{' slot_assign_list_opt '}' ';'

   38 object_decl: rwDECLARE class_name_expr '(' object_name parent_block object_args ')' '{' object_declare_block '}'
   39            | rwDECLARE class_name_expr '(' object_name parent_block object_args ')'
   40            | rwDECLARE class_name_expr '(' '[' object_name ']' parent_block object_args ')' '{' object_declare_block '}'
   41            | rwDECLARE class_name_expr '(' '[' object_name ']' parent_block object_args ')'
   42            | rwDECLARESINGLETON class_name_expr '(' object_name parent_block object_args ')' '{' object_declare_block '}'
   43            | rwDECLARESINGLETON class_name_expr '(' object_name parent_block object_args ')'

   44 parent_block: ε
   45             | ':' IDENT

   46 object_name: ε
   47            | expr

   48 object_args: ε
   49            | ',' expr_list

   50 object_declare_block: ε
   51                     | slot_assign_list
   52                     | object_decl_list
   53                     | slot_assign_list object_decl_list

   54 object_decl_list: object_decl ';'
   55                 | object_decl_list object_decl ';'

   56 stmt_block: '{' statement_list '}'
   57           | stmt

   58 switch_stmt: rwSWITCH '(' expr ')' '{' case_block '}'
   59            | rwSWITCHSTR '(' expr ')' '{' case_block '}'

   60 case_block: rwCASE case_expr ':' statement_list
   61           | rwCASE case_expr ':' statement_list rwDEFAULT ':' statement_list
   62           | rwCASE case_expr ':' statement_list case_block

   63 case_expr: expr
   64          | case_expr rwCASEOR expr

   65 if_stmt: rwIF '(' expr ')' stmt_block
   66        | rwIF '(' expr ')' stmt_block rwELSE stmt_block

   67 while_stmt: rwWHILE '(' expr ')' stmt_block
   68           | rwDO stmt_block rwWHILE '(' expr ')'

   69 for_stmt: rwFOR '(' expr ';' expr ';' expr ')' stmt_block
   70         | rwFOR '(' expr ';' expr ';' ')' stmt_block
   71         | rwFOR '(' expr ';' ';' expr ')' stmt_block
   72         | rwFOR '(' expr ';' ';' ')' stmt_block
   73         | rwFOR '(' ';' expr ';' expr ')' stmt_block
   74         | rwFOR '(' ';' expr ';' ')' stmt_block
   75         | rwFOR '(' ';' ';' expr ')' stmt_block
   76         | rwFOR '(' ';' ';' ')' stmt_block
   77         | rwFOR '(' VAR rwIN expr opDOTDOT expr ')' stmt_block
   78         | rwFOR '(' VAR rwIN rwRANGE expr opDOTDOT expr ')' stmt_block
   79         | rwFOR '(' VAR rwIN expr opDOTDOT expr rwSTEP expr ')' stmt_block
   80         | rwFOR '(' VAR rwIN rwRANGE expr opDOTDOT expr rwSTEP expr ')' stmt_block
   81         | rwFOR '(' VAR rwIN rwRANGE expr ')' stmt_block

   82 foreach_stmt: rwFOREACH '(' VAR rwIN expr ')' stmt_block
   83             | rwFOREACHSTR '(' VAR rwIN expr ')' stmt_block
   84             | rwFOREACH '(' VAR rwIN expr opDOTDOT expr ')' stmt_block
   85             | rwFOREACH '(' VAR rwIN rwRANGE expr opDOTDOT expr ')' stmt_block
   86             | rwFOREACH '(' VAR rwIN expr opDOTDOT expr rwSTEP expr ')' stmt_block
   87             | rwFOREACH '(' VAR rwIN rwRANGE expr opDOTDOT expr rwSTEP expr ')' stmt_block
   88             | rwFOREACH '(' VAR rwIN rwRANGE expr ')' stmt_block

   89 expression_stmt: stmt_expr

   90 expr: stmt_expr
   91     | '(' expr ')'
   92     | expr '^' expr
   93     | expr '%' expr
   94     | expr '&' expr
   95     | expr '|' expr
   96     | expr '+' expr
   97     | expr '-' expr
   98     | expr '*' expr
   99     | expr '/' expr
  100     | '-' expr
  101     | '*' expr
  102     | TTAG
  103     | expr '?' expr ':' expr
  104     | expr '<' expr
  105     | expr '>' expr
  106     | expr opGE expr
  107     | expr opLE expr
  108     | expr opEQ expr
  109     | expr opNE expr
  110     | expr opOR expr
  111     | expr opSHL expr
  112     | expr opSHR expr
  113     | expr opAND expr
  114     | expr opSTREQ expr
  115     | expr opSTRNE expr
  116     | expr '@' expr
  117     | '!' expr
  118     | '~' expr
  119     | TAGATOM
  120     | FLTCONST
  121     | INTCONST
  122     | rwBREAK
  123     | slot_acc
  124     | intslot_acc
  125     | IDENT
  126     | STRATOM
  127     | VAR
  128     | VAR '[' aidx_expr ']'

  129 slot_acc: expr '.' IDENT
  130         | expr '.' IDENT '[' aidx_expr ']'

  131 intslot_acc: expr opINTNAME class_name_expr
  132            | expr opINTNAMER class_name_expr

  133 class_name_expr: IDENT
  134                | '(' expr ')'

  135 assign_op_struct: opPLUSPLUS
  136                 | opMINUSMINUS
  137                 | opPLASN expr
  138                 | opMIASN expr
  139                 | opMLASN expr
  140                 | opDVASN expr
  141                 | opMODASN expr
  142                 | opANDASN expr
  143                 | opXORASN expr
  144                 | opORASN expr
  145                 | opSLASN expr
  146                 | opSRASN expr

  147 stmt_expr: funcall_expr
  148          | assert_expr
  149          | object_decl
  150          | VAR '=' expr
  151          | VAR '=' '{' expr_list '}'
  152          | VAR '[' aidx_expr ']' '=' expr
  153          | VAR '[' aidx_expr ']' '=' '{' expr_list '}'
  154          | VAR assign_op_struct
  155          | VAR '[' aidx_expr ']' assign_op_struct
  156          | slot_acc assign_op_struct
  157          | slot_acc '=' expr
  158          | slot_acc '=' '{' expr_list '}'

  159 funcall_expr: IDENT '(' func_arg_list_decl ')'
  160             | IDENT opCOLONCOLON IDENT '(' func_arg_list_decl ')'
  161             | expr '.' IDENT '(' func_arg_list_decl ')'

  162 func_arg_item: expr
  163              | '{' expr_list '}'

  164 func_arg_list: func_arg_item
  165              | func_arg_list ',' func_arg_item

  166 func_arg_list_decl: ε
  167                   | func_arg_list

  168 assert_expr: rwASSERT '(' expr ')'
  169            | rwASSERT '(' expr ',' STRATOM ')'

  170 expr_list: expr
  171          | expr_list ',' expr

  172 slot_assign_list_opt: ε
  173                     | slot_assign_list

  174 slot_assign_list: slot_assign
  175                 | slot_assign_list slot_assign

  176 slot_assign: IDENT '=' expr ';'
  177            | IDENT '=' '{' expr_list '}' ';'
  178            | TYPEIDENT IDENT '=' expr ';'
  179            | TYPEIDENT IDENT '=' '{' expr_list '}' ';'
  180            | rwDATABLOCK '=' expr ';'
  181            | IDENT '[' aidx_expr ']' '=' expr ';'
  182            | IDENT '[' aidx_expr ']' '=' '{' expr_list '}' ';'
  183            | TYPEIDENT IDENT '[' aidx_expr ']' '=' expr ';'

  184 aidx_expr: expr
  185          | aidx_expr ',' expr


Terminals, with rules where they appear

    $end (0) 0
    '!' <i> (33) 117
    '%' <i> (37) 93
    '&' <i> (38) 94
    '(' <i> (40) 27 28 37 38 39 40 41 42 43 58 59 65 66 67 68 69 70 71 72 73 74 75 76 77 78 79 80 81 82 83 84 85 86 87 88 91 134 159 160 161 168 169
    ')' <i> (41) 27 28 37 38 39 40 41 42 43 58 59 65 66 67 68 69 70 71 72 73 74 75 76 77 78 79 80 81 82 83 84 85 86 87 88 91 134 159 160 161 168 169
    '*' <i> (42) 98 101
    '+' <i> (43) 96
    ',' <i> (44) 25 32 49 165 169 171 185
    '-' <i> (45) 97 100
    '.' <i> (46) 129 130 161
    '/' <i> (47) 99
    ':' <i> (58) 45 60 61 62 103
    ';' <i> (59) 7 18 19 20 21 22 23 24 25 37 54 55 69 70 71 72 73 74 75 76 176 177 178 179 180 181 182 183
    '<' <i> (60) 104
    '=' <i> (61) 24 25 35 36 150 151 152 153 157 158 176 177 178 179 180 181 182 183
    '>' <i> (62) 105
    '?' (63) 34 36 103
    '@' <i> (64) 116
    '[' (91) 40 41 128 130 152 153 155 181 182 183
    ']' (93) 40 41 128 130 152 153 155 181 182 183
    '^' <i> (94) 92
    '{' <i> (123) 7 22 27 28 37 38 40 42 56 58 59 151 153 158 163 177 179 182
    '|' <i> (124) 95
    '}' <i> (125) 7 22 27 28 37 38 40 42 56 58 59 151 153 158 163 177 179 182
    '~' <i> (126) 118
    error (256)
    rwDEFINE <i> (258) 27 28
    rwENDDEF <i> (259)
    rwDECLARE <i> (260) 38 39 40 41
    rwDECLARESINGLETON <i> (261) 42 43
    rwBREAK <i> (262) 18 122
    rwELSE <i> (263) 66
    rwCONTINUE <i> (264) 19
    rwGLOBAL <i> (265)
    rwIF <i> (266) 65 66
    rwNIL <i> (267)
    rwRETURN <i> (268) 20 21 22
    rwWHILE <i> (269) 67 68
    rwDO <i> (270) 68
    rwENDIF <i> (271)
    rwENDWHILE <i> (272)
    rwENDFOR <i> (273)
    rwDEFAULT <i> (274) 61
    rwFOR <i> (275) 69 70 71 72 73 74 75 76 77 78 79 80 81
    rwFOREACH <i> (276) 82 84 85 86 87 88
    rwFOREACHSTR <i> (277) 83
    rwIN <i> (278) 77 78 79 80 81 82 83 84 85 86 87 88
    rwDATABLOCK <i> (279) 37 180
    rwSWITCH <i> (280) 58
    rwCASE <i> (281) 60 61 62
    rwSWITCHSTR <i> (282) 59
    rwCASEOR <i> (283) 64
    rwPACKAGE <i> (284) 7
    rwASSERT <i> (285) 168 169
    ILLEGAL_TOKEN (286)
    CHRCONST <c> (287)
    INTCONST <i> (288) 121
    TTAG <s> (289) 24 25 102
    VAR <s> (290) 33 34 35 36 77 78 79 80 81 82 83 84 85 86 87 88 127 128 150 151 152 153 154 155
    IDENT <s> (291) 7 27 28 45 125 129 130 133 159 160 161 176 177 178 179 181 182 183
    TYPEIDENT <i> (292) 178 179 183
    DOCBLOCK <str> (293) 26
    STRATOM <str> (294) 126 169
    TAGATOM <str> (295) 119
    FLTCONST <f> (296) 120
    opINTNAME <i> (297) 131
    opINTNAMER <i> (298) 132
    opMINUSMINUS <i> (299) 136
    opPLUSPLUS <i> (300) 135
    opSHL <i> (301) 111
    opSHR <i> (302) 112
    opPLASN <i> (303) 137
    opMIASN <i> (304) 138
    opMLASN <i> (305) 139
    opDVASN <i> (306) 140
    opMODASN <i> (307) 141
    opANDASN <i> (308) 142
    opXORASN <i> (309) 143
    opORASN <i> (310) 144
    opSLASN <i> (311) 145
    opSRASN <i> (312) 146
    opCAT <i> (313)
    opEQ <i> (314) 108
    opNE <i> (315) 109
    opGE <i> (316) 106
    opLE <i> (317) 107
    opAND <i> (318) 113
    opOR <i> (319) 110
    opSTREQ <i> (320) 114
    opSTRNE <i> (321) 115
    opCOLONCOLON <i> (322) 28 160
    opDOTDOT <i> (323) 77 78 79 80 84 85 86 87
    rwRANGE <i> (324) 78 80 81 85 87 88
    rwSTEP <i> (325) 79 80 86 87
    rwStruct <i> (326)
    UNARY (327)


Nonterminals, with rules where they appear

    $accept (98)
        on left: 0
    start (99)
        on left: 1
        on right: 0
    decl_list <stmt> (100)
        on left: 2 3
        on right: 1 3
    decl <stmt> (101)
        on left: 4 5 6
        on right: 3
    package_decl <stmt> (102)
        on left: 7
        on right: 6
    fn_decl_list <stmt> (103)
        on left: 8 9
        on right: 7 9
    statement_list <stmt> (104)
        on left: 10 11
        on right: 11 27 28 56 60 61 62
    stmt <stmt> (105)
        on left: 12 13 14 15 16 17 18 19 20 21 22 23 24 25 26
        on right: 4 11 57
    fn_decl_stmt <stmt> (106)
        on left: 27 28
        on right: 5 8 9
    var_list_decl <var> (107)
        on left: 29 30
        on right: 27 28
    var_list <var> (108)
        on left: 31 32
        on right: 30 32
    param <var> (109)
        on left: 33 34 35 36
        on right: 31 32
    datablock_decl <stmt> (110)
        on left: 37
        on right: 16
    object_decl <od> (111)
        on left: 38 39 40 41 42 43
        on right: 54 55 149
    parent_block <s> (112)
        on left: 44 45
        on right: 37 38 39 40 41 42 43
    object_name <expr> (113)
        on left: 46 47
        on right: 38 39 40 41 42 43
    object_args <expr> (114)
        on left: 48 49
        on right: 38 39 40 41 42 43
    object_declare_block <odcl> (115)
        on left: 50 51 52 53
        on right: 38 40 42
    object_decl_list <od> (116)
        on left: 54 55
        on right: 52 53 55
    stmt_block <stmt> (117)
        on left: 56 57
        on right: 65 66 67 68 69 70 71 72 73 74 75 76 77 78 79 80 81 82 83 84 85 86 87 88
    switch_stmt <stmt> (118)
        on left: 58 59
        on right: 17
    case_block <ifnode> (119)
        on left: 60 61 62
        on right: 58 59 62
    case_expr <expr> (120)
        on left: 63 64
        on right: 60 61 62 64
    if_stmt <stmt> (121)
        on left: 65 66
        on right: 12
    while_stmt <stmt> (122)
        on left: 67 68
        on right: 13
    for_stmt <stmt> (123)
        on left: 69 70 71 72 73 74 75 76 77 78 79 80 81
        on right: 14
    foreach_stmt <stmt> (124)
        on left: 82 83 84 85 86 87 88
        on right: 15
    expression_stmt <stmt> (125)
        on left: 89
        on right: 23
    expr <expr> (126)
        on left: 90 91 92 93 94 95 96 97 98 99 100 101 102 103 104 105 106 107 108 109 110 111 112 113 114 115 116 117 118 119 120 121 122 123 124 125 126 127 128
        on right: 21 24 25 35 36 37 47 58 59 63 64 65 66 67 68 69 70 71 72 73 74 75 77 78 79 80 81 82 83 84 85 86 87 88 91 92 93 94 95 96 97 98 99 100 101 103 104 105 106 107 108 109 110 111 112 113 114 115 116 117 118 129 130 131 132 134 137 138 139 140 141 142 143 144 145 146 150 152 157 161 162 168 169 170 171 176 178 180 181 183 184 185
    slot_acc <slot> (127)
        on left: 129 130
        on right: 123 156 157 158
    intslot_acc <intslot> (128)
        on left: 131 132
        on right: 124
    class_name_expr <expr> (129)
        on left: 133 134
        on right: 37 38 39 40 41 42 43 131 132
    assign_op_struct <asn> (130)
        on left: 135 136 137 138 139 140 141 142 143 144 145 146
        on right: 154 155 156
    stmt_expr <expr> (131)
        on left: 147 148 149 150 151 152 153 154 155 156 157 158
        on right: 89 90
    funcall_expr <expr> (132)
        on left: 159 160 161
        on right: 147
    func_arg_item <expr> (133)
        on left: 162 163
        on right: 164 165
    func_arg_list <expr> (134)
        on left: 164 165
        on right: 165 167
    func_arg_list_decl <expr> (135)
        on left: 166 167
        on right: 159 160 161
    assert_expr <expr> (136)
        on left: 168 169
        on right: 148
    expr_list <expr> (137)
        on left: 170 171
        on right: 22 49 151 153 158 163 171 177 179 182
    slot_assign_list_opt <slist> (138)
        on left: 172 173
        on right: 37
    slot_assign_list <slist> (139)
        on left: 174 175
        on right: 51 53 173 175
    slot_assign <slist> (140)
        on left: 176 177 178 179 180 181 182 183
        on right: 174 175
    aidx_expr <expr> (141)
        on left: 184 185
        on right: 128 130 152 153 155 181 182 183 185


State 0

    0 $accept: • start $end

    $default  reduce using rule 2 (decl_list)

    start      go to state 1
    decl_list  go to state 2


State 1

    0 $accept: start • $end

    $end  shift, and go to state 3


State 2

    1 start: decl_list •
    3 decl_list: decl_list • decl

    rwDEFINE            shift, and go to state 4
    rwDECLARE           shift, and go to state 5
    rwDECLARESINGLETON  shift, and go to state 6
    rwBREAK             shift, and go to state 7
    rwCONTINUE          shift, and go to state 8
    rwIF                shift, and go to state 9
    rwRETURN            shift, and go to state 10
    rwWHILE             shift, and go to state 11
    rwDO                shift, and go to state 12
    rwFOR               shift, and go to state 13
    rwFOREACH           shift, and go to state 14
    rwFOREACHSTR        shift, and go to state 15
    rwDATABLOCK         shift, and go to state 16
    rwSWITCH            shift, and go to state 17
    rwSWITCHSTR         shift, and go to state 18
    rwPACKAGE           shift, and go to state 19
    rwASSERT            shift, and go to state 20
    INTCONST            shift, and go to state 21
    TTAG                shift, and go to state 22
    VAR                 shift, and go to state 23
    IDENT               shift, and go to state 24
    DOCBLOCK            shift, and go to state 25
    STRATOM             shift, and go to state 26
    TAGATOM             shift, and go to state 27
    FLTCONST            shift, and go to state 28
    '-'                 shift, and go to state 29
    '*'                 shift, and go to state 30
    '('                 shift, and go to state 31
    '~'                 shift, and go to state 32
    '!'                 shift, and go to state 33

    $default  reduce using rule 1 (start)

    decl             go to state 34
    package_decl     go to state 35
    stmt             go to state 36
    fn_decl_stmt     go to state 37
    datablock_decl   go to state 38
    object_decl      go to state 39
    switch_stmt      go to state 40
    if_stmt          go to state 41
    while_stmt       go to state 42
    for_stmt         go to state 43
    foreach_stmt     go to state 44
    expression_stmt  go to state 45
    expr             go to state 46
    slot_acc         go to state 47
    intslot_acc      go to state 48
    stmt_expr        go to state 49
    funcall_expr     go to state 50
    assert_expr      go to state 51


State 3

    0 $accept: start $end •

    $default  accept


State 4

   27 fn_decl_stmt: rwDEFINE • IDENT '(' var_list_decl ')' '{' statement_list '}'
   28             | rwDEFINE • IDENT opCOLONCOLON IDENT '(' var_list_decl ')' '{' statement_list '}'

    IDENT  shift, and go to state 52


State 5

   38 object_decl: rwDECLARE • class_name_expr '(' object_name parent_block object_args ')' '{' object_declare_block '}'
   39            | rwDECLARE • class_name_expr '(' object_name parent_block object_args ')'
   40            | rwDECLARE • class_name_expr '(' '[' object_name ']' parent_block object_args ')' '{' object_declare_block '}'
   41            | rwDECLARE • class_name_expr '(' '[' object_name ']' parent_block object_args ')'

    IDENT  shift, and go to state 53
    '('    shift, and go to state 54

    class_name_expr  go to state 55


State 6

   42 object_decl: rwDECLARESINGLETON • class_name_expr '(' object_name parent_block object_args ')' '{' object_declare_block '}'
   43            | rwDECLARESINGLETON • class_name_expr '(' object_name parent_block object_args ')'

    IDENT  shift, and go to state 53
    '('    shift, and go to state 54

    class_name_expr  go to state 56


State 7

   18 stmt: rwBREAK • ';'
  122 expr: rwBREAK •

    ';'  shift, and go to state 57

    $default  reduce using rule 122 (expr)


State 8

   19 stmt: rwCONTINUE • ';'

    ';'  shift, and go to state 58


State 9

   65 if_stmt: rwIF • '(' expr ')' stmt_block
   66        | rwIF • '(' expr ')' stmt_block rwELSE stmt_block

    '('  shift, and go to state 59


State 10

   20 stmt: rwRETURN • ';'
   21     | rwRETURN • expr ';'
   22     | rwRETURN • '{' expr_list '}' ';'

    rwDECLARE           shift, and go to state 5
    rwDECLARESINGLETON  shift, and go to state 6
    rwBREAK             shift, and go to state 60
    rwASSERT            shift, and go to state 20
    INTCONST            shift, and go to state 21
    TTAG                shift, and go to state 61
    VAR                 shift, and go to state 23
    IDENT               shift, and go to state 24
    STRATOM             shift, and go to state 26
    TAGATOM             shift, and go to state 27
    FLTCONST            shift, and go to state 28
    '-'                 shift, and go to state 29
    '*'                 shift, and go to state 30
    '('                 shift, and go to state 31
    ';'                 shift, and go to state 62
    '{'                 shift, and go to state 63
    '~'                 shift, and go to state 32
    '!'                 shift, and go to state 33

    object_decl   go to state 39
    expr          go to state 64
    slot_acc      go to state 47
    intslot_acc   go to state 48
    stmt_expr     go to state 65
    funcall_expr  go to state 50
    assert_expr   go to state 51


State 11

   67 while_stmt: rwWHILE • '(' expr ')' stmt_block

    '('  shift, and go to state 66


State 12

   68 while_stmt: rwDO • stmt_block rwWHILE '(' expr ')'

    rwDECLARE           shift, and go to state 5
    rwDECLARESINGLETON  shift, and go to state 6
    rwBREAK             shift, and go to state 7
    rwCONTINUE          shift, and go to state 8
    rwIF                shift, and go to state 9
    rwRETURN            shift, and go to state 10
    rwWHILE             shift, and go to state 11
    rwDO                shift, and go to state 12
    rwFOR               shift, and go to state 13
    rwFOREACH           shift, and go to state 14
    rwFOREACHSTR        shift, and go to state 15
    rwDATABLOCK         shift, and go to state 16
    rwSWITCH            shift, and go to state 17
    rwSWITCHSTR         shift, and go to state 18
    rwASSERT            shift, and go to state 20
    INTCONST            shift, and go to state 21
    TTAG                shift, and go to state 22
    VAR                 shift, and go to state 23
    IDENT               shift, and go to state 24
    DOCBLOCK            shift, and go to state 25
    STRATOM             shift, and go to state 26
    TAGATOM             shift, and go to state 27
    FLTCONST            shift, and go to state 28
    '-'                 shift, and go to state 29
    '*'                 shift, and go to state 30
    '('                 shift, and go to state 31
    '{'                 shift, and go to state 67
    '~'                 shift, and go to state 32
    '!'                 shift, and go to state 33

    stmt             go to state 68
    datablock_decl   go to state 38
    object_decl      go to state 39
    stmt_block       go to state 69
    switch_stmt      go to state 40
    if_stmt          go to state 41
    while_stmt       go to state 42
    for_stmt         go to state 43
    foreach_stmt     go to state 44
    expression_stmt  go to state 45
    expr             go to state 46
    slot_acc         go to state 47
    intslot_acc      go to state 48
    stmt_expr        go to state 49
    funcall_expr     go to state 50
    assert_expr      go to state 51


State 13

   69 for_stmt: rwFOR • '(' expr ';' expr ';' expr ')' stmt_block
   70         | rwFOR • '(' expr ';' expr ';' ')' stmt_block
   71         | rwFOR • '(' expr ';' ';' expr ')' stmt_block
   72         | rwFOR • '(' expr ';' ';' ')' stmt_block
   73         | rwFOR • '(' ';' expr ';' expr ')' stmt_block
   74         | rwFOR • '(' ';' expr ';' ')' stmt_block
   75         | rwFOR • '(' ';' ';' expr ')' stmt_block
   76         | rwFOR • '(' ';' ';' ')' stmt_block
   77         | rwFOR • '(' VAR rwIN expr opDOTDOT expr ')' stmt_block
   78         | rwFOR • '(' VAR rwIN rwRANGE expr opDOTDOT expr ')' stmt_block
   79         | rwFOR • '(' VAR rwIN expr opDOTDOT expr rwSTEP expr ')' stmt_block
   80         | rwFOR • '(' VAR rwIN rwRANGE expr opDOTDOT expr rwSTEP expr ')' stmt_block
   81         | rwFOR • '(' VAR rwIN rwRANGE expr ')' stmt_block

    '('  shift, and go to state 70


State 14

   82 foreach_stmt: rwFOREACH • '(' VAR rwIN expr ')' stmt_block
   84             | rwFOREACH • '(' VAR rwIN expr opDOTDOT expr ')' stmt_block
   85             | rwFOREACH • '(' VAR rwIN rwRANGE expr opDOTDOT expr ')' stmt_block
   86             | rwFOREACH • '(' VAR rwIN expr opDOTDOT expr rwSTEP expr ')' stmt_block
   87             | rwFOREACH • '(' VAR rwIN rwRANGE expr opDOTDOT expr rwSTEP expr ')' stmt_block
   88             | rwFOREACH • '(' VAR rwIN rwRANGE expr ')' stmt_block

    '('  shift, and go to state 71


State 15

   83 foreach_stmt: rwFOREACHSTR • '(' VAR rwIN expr ')' stmt_block

    '('  shift, and go to state 72


State 16

   37 datablock_decl: rwDATABLOCK • class_name_expr '(' expr parent_block ')' '{' slot_assign_list_opt '}' ';'

    IDENT  shift, and go to state 53
    '('    shift, and go to state 54

    class_name_expr  go to state 73


State 17

   58 switch_stmt: rwSWITCH • '(' expr ')' '{' case_block '}'

    '('  shift, and go to state 74


State 18

   59 switch_stmt: rwSWITCHSTR • '(' expr ')' '{' case_block '}'

    '('  shift, and go to state 75


State 19

    7 package_decl: rwPACKAGE • IDENT '{' fn_decl_list '}' ';'

    IDENT  shift, and go to state 76


State 20

  168 assert_expr: rwASSERT • '(' expr ')'
  169            | rwASSERT • '(' expr ',' STRATOM ')'

    '('  shift, and go to state 77


State 21

  121 expr: INTCONST •

    $default  reduce using rule 121 (expr)


State 22

   24 stmt: TTAG • '=' expr ';'
   25     | TTAG • '=' expr ',' expr ';'
  102 expr: TTAG •

    '='  shift, and go to state 78

    $default  reduce using rule 102 (expr)


State 23

  127 expr: VAR •
  128     | VAR • '[' aidx_expr ']'
  150 stmt_expr: VAR • '=' expr
  151          | VAR • '=' '{' expr_list '}'
  152          | VAR • '[' aidx_expr ']' '=' expr
  153          | VAR • '[' aidx_expr ']' '=' '{' expr_list '}'
  154          | VAR • assign_op_struct
  155          | VAR • '[' aidx_expr ']' assign_op_struct

    '='           shift, and go to state 79
    opMINUSMINUS  shift, and go to state 80
    opPLUSPLUS    shift, and go to state 81
    opPLASN       shift, and go to state 82
    opMIASN       shift, and go to state 83
    opMLASN       shift, and go to state 84
    opDVASN       shift, and go to state 85
    opMODASN      shift, and go to state 86
    opANDASN      shift, and go to state 87
    opXORASN      shift, and go to state 88
    opORASN       shift, and go to state 89
    opSLASN       shift, and go to state 90
    opSRASN       shift, and go to state 91
    '['           shift, and go to state 92

    $default  reduce using rule 127 (expr)

    assign_op_struct  go to state 93


State 24

  125 expr: IDENT •
  159 funcall_expr: IDENT • '(' func_arg_list_decl ')'
  160             | IDENT • opCOLONCOLON IDENT '(' func_arg_list_decl ')'

    '('           shift, and go to state 94
    opCOLONCOLON  shift, and go to state 95

    $default  reduce using rule 125 (expr)


State 25

   26 stmt: DOCBLOCK •

    $default  reduce using rule 26 (stmt)


State 26

  126 expr: STRATOM •

    $default  reduce using rule 126 (expr)


State 27

  119 expr: TAGATOM •

    $default  reduce using rule 119 (expr)


State 28

  120 expr: FLTCONST •

    $default  reduce using rule 120 (expr)


State 29

  100 expr: '-' • expr

    rwDECLARE           shift, and go to state 5
    rwDECLARESINGLETON  shift, and go to state 6
    rwBREAK             shift, and go to state 60
    rwASSERT            shift, and go to state 20
    INTCONST            shift, and go to state 21
    TTAG                shift, and go to state 61
    VAR                 shift, and go to state 23
    IDENT               shift, and go to state 24
    STRATOM             shift, and go to state 26
    TAGATOM             shift, and go to state 27
    FLTCONST            shift, and go to state 28
    '-'                 shift, and go to state 29
    '*'                 shift, and go to state 30
    '('                 shift, and go to state 31
    '~'                 shift, and go to state 32
    '!'                 shift, and go to state 33

    object_decl   go to state 39
    expr          go to state 96
    slot_acc      go to state 47
    intslot_acc   go to state 48
    stmt_expr     go to state 65
    funcall_expr  go to state 50
    assert_expr   go to state 51


State 30

  101 expr: '*' • expr

    rwDECLARE           shift, and go to state 5
    rwDECLARESINGLETON  shift, and go to state 6
    rwBREAK             shift, and go to state 60
    rwASSERT            shift, and go to state 20
    INTCONST            shift, and go to state 21
    TTAG                shift, and go to state 61
    VAR                 shift, and go to state 23
    IDENT               shift, and go to state 24
    STRATOM             shift, and go to state 26
    TAGATOM             shift, and go to state 27
    FLTCONST            shift, and go to state 28
    '-'                 shift, and go to state 29
    '*'                 shift, and go to state 30
    '('                 shift, and go to state 31
    '~'                 shift, and go to state 32
    '!'                 shift, and go to state 33

    object_decl   go to state 39
    expr          go to state 97
    slot_acc      go to state 47
    intslot_acc   go to state 48
    stmt_expr     go to state 65
    funcall_expr  go to state 50
    assert_expr   go to state 51


State 31

   91 expr: '(' • expr ')'

    rwDECLARE           shift, and go to state 5
    rwDECLARESINGLETON  shift, and go to state 6
    rwBREAK             shift, and go to state 60
    rwASSERT            shift, and go to state 20
    INTCONST            shift, and go to state 21
    TTAG                shift, and go to state 61
    VAR                 shift, and go to state 23
    IDENT               shift, and go to state 24
    STRATOM             shift, and go to state 26
    TAGATOM             shift, and go to state 27
    FLTCONST            shift, and go to state 28
    '-'                 shift, and go to state 29
    '*'                 shift, and go to state 30
    '('                 shift, and go to state 31
    '~'                 shift, and go to state 32
    '!'                 shift, and go to state 33

    object_decl   go to state 39
    expr          go to state 98
    slot_acc      go to state 47
    intslot_acc   go to state 48
    stmt_expr     go to state 65
    funcall_expr  go to state 50
    assert_expr   go to state 51


State 32

  118 expr: '~' • expr

    rwDECLARE           shift, and go to state 5
    rwDECLARESINGLETON  shift, and go to state 6
    rwBREAK             shift, and go to state 60
    rwASSERT            shift, and go to state 20
    INTCONST            shift, and go to state 21
    TTAG                shift, and go to state 61
    VAR                 shift, and go to state 23
    IDENT               shift, and go to state 24
    STRATOM             shift, and go to state 26
    TAGATOM             shift, and go to state 27
    FLTCONST            shift, and go to state 28
    '-'                 shift, and go to state 29
    '*'                 shift, and go to state 30
    '('                 shift, and go to state 31
    '~'                 shift, and go to state 32
    '!'                 shift, and go to state 33

    object_decl   go to state 39
    expr          go to state 99
    slot_acc      go to state 47
    intslot_acc   go to state 48
    stmt_expr     go to state 65
    funcall_expr  go to state 50
    assert_expr   go to state 51


State 33

  117 expr: '!' • expr

    rwDECLARE           shift, and go to state 5
    rwDECLARESINGLETON  shift, and go to state 6
    rwBREAK             shift, and go to state 60
    rwASSERT            shift, and go to state 20
    INTCONST            shift, and go to state 21
    TTAG                shift, and go to state 61
    VAR                 shift, and go to state 23
    IDENT               shift, and go to state 24
    STRATOM             shift, and go to state 26
    TAGATOM             shift, and go to state 27
    FLTCONST            shift, and go to state 28
    '-'                 shift, and go to state 29
    '*'                 shift, and go to state 30
    '('                 shift, and go to state 31
    '~'                 shift, and go to state 32
    '!'                 shift, and go to state 33

    object_decl   go to state 39
    expr          go to state 100
    slot_acc      go to state 47
    intslot_acc   go to state 48
    stmt_expr     go to state 65
    funcall_expr  go to state 50
    assert_expr   go to state 51


State 34

    3 decl_list: decl_list decl •

    $default  reduce using rule 3 (decl_list)


State 35

    6 decl: package_decl •

    $default  reduce using rule 6 (decl)


State 36

    4 decl: stmt •

    $default  reduce using rule 4 (decl)


State 37

    5 decl: fn_decl_stmt •

    $default  reduce using rule 5 (decl)


State 38

   16 stmt: datablock_decl •

    $default  reduce using rule 16 (stmt)


State 39

  149 stmt_expr: object_decl •

    $default  reduce using rule 149 (stmt_expr)


State 40

   17 stmt: switch_stmt •

    $default  reduce using rule 17 (stmt)


State 41

   12 stmt: if_stmt •

    $default  reduce using rule 12 (stmt)


State 42

   13 stmt: while_stmt •

    $default  reduce using rule 13 (stmt)


State 43

   14 stmt: for_stmt •

    $default  reduce using rule 14 (stmt)


State 44

   15 stmt: foreach_stmt •

    $default  reduce using rule 15 (stmt)


State 45

   23 stmt: expression_stmt • ';'

    ';'  shift, and go to state 101


State 46

   92 expr: expr • '^' expr
   93     | expr • '%' expr
   94     | expr • '&' expr
   95     | expr • '|' expr
   96     | expr • '+' expr
   97     | expr • '-' expr
   98     | expr • '*' expr
   99     | expr • '/' expr
  103     | expr • '?' expr ':' expr
  104     | expr • '<' expr
  105     | expr • '>' expr
  106     | expr • opGE expr
  107     | expr • opLE expr
  108     | expr • opEQ expr
  109     | expr • opNE expr
  110     | expr • opOR expr
  111     | expr • opSHL expr
  112     | expr • opSHR expr
  113     | expr • opAND expr
  114     | expr • opSTREQ expr
  115     | expr • opSTRNE expr
  116     | expr • '@' expr
  129 slot_acc: expr • '.' IDENT
  130         | expr • '.' IDENT '[' aidx_expr ']'
  131 intslot_acc: expr • opINTNAME class_name_expr
  132            | expr • opINTNAMER class_name_expr
  161 funcall_expr: expr • '.' IDENT '(' func_arg_list_decl ')'

    '+'         shift, and go to state 102
    '-'         shift, and go to state 103
    '*'         shift, and go to state 104
    '/'         shift, and go to state 105
    '<'         shift, and go to state 106
    '>'         shift, and go to state 107
    '.'         shift, and go to state 108
    '|'         shift, and go to state 109
    '&'         shift, and go to state 110
    '%'         shift, and go to state 111
    '^'         shift, and go to state 112
    '@'         shift, and go to state 113
    opINTNAME   shift, and go to state 114
    opINTNAMER  shift, and go to state 115
    opSHL       shift, and go to state 116
    opSHR       shift, and go to state 117
    opEQ        shift, and go to state 118
    opNE        shift, and go to state 119
    opGE        shift, and go to state 120
    opLE        shift, and go to state 121
    opAND       shift, and go to state 122
    opOR        shift, and go to state 123
    opSTREQ     shift, and go to state 124
    opSTRNE     shift, and go to state 125
    '?'         shift, and go to state 126


State 47

  123 expr: slot_acc •
  156 stmt_expr: slot_acc • assign_op_struct
  157          | slot_acc • '=' expr
  158          | slot_acc • '=' '{' expr_list '}'

    '='           shift, and go to state 127
    opMINUSMINUS  shift, and go to state 80
    opPLUSPLUS    shift, and go to state 81
    opPLASN       shift, and go to state 82
    opMIASN       shift, and go to state 83
    opMLASN       shift, and go to state 84
    opDVASN       shift, and go to state 85
    opMODASN      shift, and go to state 86
    opANDASN      shift, and go to state 87
    opXORASN      shift, and go to state 88
    opORASN       shift, and go to state 89
    opSLASN       shift, and go to state 90
    opSRASN       shift, and go to state 91

    $default  reduce using rule 123 (expr)

    assign_op_struct  go to state 128


State 48

  124 expr: intslot_acc •

    $default  reduce using rule 124 (expr)


State 49

   89 expression_stmt: stmt_expr •
   90 expr: stmt_expr •

    ';'       reduce using rule 89 (expression_stmt)
    $default  reduce using rule 90 (expr)


State 50

  147 stmt_expr: funcall_expr •

    $default  reduce using rule 147 (stmt_expr)


State 51

  148 stmt_expr: assert_expr •

    $default  reduce using rule 148 (stmt_expr)


State 52

   27 fn_decl_stmt: rwDEFINE IDENT • '(' var_list_decl ')' '{' statement_list '}'
   28             | rwDEFINE IDENT • opCOLONCOLON IDENT '(' var_list_decl ')' '{' statement_list '}'

    '('           shift, and go to state 129
    opCOLONCOLON  shift, and go to state 130


State 53

  133 class_name_expr: IDENT •

    $default  reduce using rule 133 (class_name_expr)


State 54

  134 class_name_expr: '(' • expr ')'

    rwDECLARE           shift, and go to state 5
    rwDECLARESINGLETON  shift, and go to state 6
    rwBREAK             shift, and go to state 60
    rwASSERT            shift, and go to state 20
    INTCONST            shift, and go to state 21
    TTAG                shift, and go to state 61
    VAR                 shift, and go to state 23
    IDENT               shift, and go to state 24
    STRATOM             shift, and go to state 26
    TAGATOM             shift, and go to state 27
    FLTCONST            shift, and go to state 28
    '-'                 shift, and go to state 29
    '*'                 shift, and go to state 30
    '('                 shift, and go to state 31
    '~'                 shift, and go to state 32
    '!'                 shift, and go to state 33

    object_decl   go to state 39
    expr          go to state 131
    slot_acc      go to state 47
    intslot_acc   go to state 48
    stmt_expr     go to state 65
    funcall_expr  go to state 50
    assert_expr   go to state 51


State 55

   38 object_decl: rwDECLARE class_name_expr • '(' object_name parent_block object_args ')' '{' object_declare_block '}'
   39            | rwDECLARE class_name_expr • '(' object_name parent_block object_args ')'
   40            | rwDECLARE class_name_expr • '(' '[' object_name ']' parent_block object_args ')' '{' object_declare_block '}'
   41            | rwDECLARE class_name_expr • '(' '[' object_name ']' parent_block object_args ')'

    '('  shift, and go to state 132


State 56

   42 object_decl: rwDECLARESINGLETON class_name_expr • '(' object_name parent_block object_args ')' '{' object_declare_block '}'
   43            | rwDECLARESINGLETON class_name_expr • '(' object_name parent_block object_args ')'

    '('  shift, and go to state 133


State 57

   18 stmt: rwBREAK ';' •

    $default  reduce using rule 18 (stmt)


State 58

   19 stmt: rwCONTINUE ';' •

    $default  reduce using rule 19 (stmt)


State 59

   65 if_stmt: rwIF '(' • expr ')' stmt_block
   66        | rwIF '(' • expr ')' stmt_block rwELSE stmt_block

    rwDECLARE           shift, and go to state 5
    rwDECLARESINGLETON  shift, and go to state 6
    rwBREAK             shift, and go to state 60
    rwASSERT            shift, and go to state 20
    INTCONST            shift, and go to state 21
    TTAG                shift, and go to state 61
    VAR                 shift, and go to state 23
    IDENT               shift, and go to state 24
    STRATOM             shift, and go to state 26
    TAGATOM             shift, and go to state 27
    FLTCONST            shift, and go to state 28
    '-'                 shift, and go to state 29
    '*'                 shift, and go to state 30
    '('                 shift, and go to state 31
    '~'                 shift, and go to state 32
    '!'                 shift, and go to state 33

    object_decl   go to state 39
    expr          go to state 134
    slot_acc      go to state 47
    intslot_acc   go to state 48
    stmt_expr     go to state 65
    funcall_expr  go to state 50
    assert_expr   go to state 51


State 60

  122 expr: rwBREAK •

    $default  reduce using rule 122 (expr)


State 61

  102 expr: TTAG •

    $default  reduce using rule 102 (expr)


State 62

   20 stmt: rwRETURN ';' •

    $default  reduce using rule 20 (stmt)


State 63

   22 stmt: rwRETURN '{' • expr_list '}' ';'

    rwDECLARE           shift, and go to state 5
    rwDECLARESINGLETON  shift, and go to state 6
    rwBREAK             shift, and go to state 60
    rwASSERT            shift, and go to state 20
    INTCONST            shift, and go to state 21
    TTAG                shift, and go to state 61
    VAR                 shift, and go to state 23
    IDENT               shift, and go to state 24
    STRATOM             shift, and go to state 26
    TAGATOM             shift, and go to state 27
    FLTCONST            shift, and go to state 28
    '-'                 shift, and go to state 29
    '*'                 shift, and go to state 30
    '('                 shift, and go to state 31
    '~'                 shift, and go to state 32
    '!'                 shift, and go to state 33

    object_decl   go to state 39
    expr          go to state 135
    slot_acc      go to state 47
    intslot_acc   go to state 48
    stmt_expr     go to state 65
    funcall_expr  go to state 50
    assert_expr   go to state 51
    expr_list     go to state 136


State 64

   21 stmt: rwRETURN expr • ';'
   92 expr: expr • '^' expr
   93     | expr • '%' expr
   94     | expr • '&' expr
   95     | expr • '|' expr
   96     | expr • '+' expr
   97     | expr • '-' expr
   98     | expr • '*' expr
   99     | expr • '/' expr
  103     | expr • '?' expr ':' expr
  104     | expr • '<' expr
  105     | expr • '>' expr
  106     | expr • opGE expr
  107     | expr • opLE expr
  108     | expr • opEQ expr
  109     | expr • opNE expr
  110     | expr • opOR expr
  111     | expr • opSHL expr
  112     | expr • opSHR expr
  113     | expr • opAND expr
  114     | expr • opSTREQ expr
  115     | expr • opSTRNE expr
  116     | expr • '@' expr
  129 slot_acc: expr • '.' IDENT
  130         | expr • '.' IDENT '[' aidx_expr ']'
  131 intslot_acc: expr • opINTNAME class_name_expr
  132            | expr • opINTNAMER class_name_expr
  161 funcall_expr: expr • '.' IDENT '(' func_arg_list_decl ')'

    '+'         shift, and go to state 102
    '-'         shift, and go to state 103
    '*'         shift, and go to state 104
    '/'         shift, and go to state 105
    '<'         shift, and go to state 106
    '>'         shift, and go to state 107
    '.'         shift, and go to state 108
    '|'         shift, and go to state 109
    '&'         shift, and go to state 110
    '%'         shift, and go to state 111
    ';'         shift, and go to state 137
    '^'         shift, and go to state 112
    '@'         shift, and go to state 113
    opINTNAME   shift, and go to state 114
    opINTNAMER  shift, and go to state 115
    opSHL       shift, and go to state 116
    opSHR       shift, and go to state 117
    opEQ        shift, and go to state 118
    opNE        shift, and go to state 119
    opGE        shift, and go to state 120
    opLE        shift, and go to state 121
    opAND       shift, and go to state 122
    opOR        shift, and go to state 123
    opSTREQ     shift, and go to state 124
    opSTRNE     shift, and go to state 125
    '?'         shift, and go to state 126


State 65

   90 expr: stmt_expr •

    $default  reduce using rule 90 (expr)


State 66

   67 while_stmt: rwWHILE '(' • expr ')' stmt_block

    rwDECLARE           shift, and go to state 5
    rwDECLARESINGLETON  shift, and go to state 6
    rwBREAK             shift, and go to state 60
    rwASSERT            shift, and go to state 20
    INTCONST            shift, and go to state 21
    TTAG                shift, and go to state 61
    VAR                 shift, and go to state 23
    IDENT               shift, and go to state 24
    STRATOM             shift, and go to state 26
    TAGATOM             shift, and go to state 27
    FLTCONST            shift, and go to state 28
    '-'                 shift, and go to state 29
    '*'                 shift, and go to state 30
    '('                 shift, and go to state 31
    '~'                 shift, and go to state 32
    '!'                 shift, and go to state 33

    object_decl   go to state 39
    expr          go to state 138
    slot_acc      go to state 47
    intslot_acc   go to state 48
    stmt_expr     go to state 65
    funcall_expr  go to state 50
    assert_expr   go to state 51


State 67

   56 stmt_block: '{' • statement_list '}'

    $default  reduce using rule 10 (statement_list)

    statement_list  go to state 139


State 68

   57 stmt_block: stmt •

    $default  reduce using rule 57 (stmt_block)


State 69

   68 while_stmt: rwDO stmt_block • rwWHILE '(' expr ')'

    rwWHILE  shift, and go to state 140


State 70

   69 for_stmt: rwFOR '(' • expr ';' expr ';' expr ')' stmt_block
   70         | rwFOR '(' • expr ';' expr ';' ')' stmt_block
   71         | rwFOR '(' • expr ';' ';' expr ')' stmt_block
   72         | rwFOR '(' • expr ';' ';' ')' stmt_block
   73         | rwFOR '(' • ';' expr ';' expr ')' stmt_block
   74         | rwFOR '(' • ';' expr ';' ')' stmt_block
   75         | rwFOR '(' • ';' ';' expr ')' stmt_block
   76         | rwFOR '(' • ';' ';' ')' stmt_block
   77         | rwFOR '(' • VAR rwIN expr opDOTDOT expr ')' stmt_block
   78         | rwFOR '(' • VAR rwIN rwRANGE expr opDOTDOT expr ')' stmt_block
   79         | rwFOR '(' • VAR rwIN expr opDOTDOT expr rwSTEP expr ')' stmt_block
   80         | rwFOR '(' • VAR rwIN rwRANGE expr opDOTDOT expr rwSTEP expr ')' stmt_block
   81         | rwFOR '(' • VAR rwIN rwRANGE expr ')' stmt_block

    rwDECLARE           shift, and go to state 5
    rwDECLARESINGLETON  shift, and go to state 6
    rwBREAK             shift, and go to state 60
    rwASSERT            shift, and go to state 20
    INTCONST            shift, and go to state 21
    TTAG                shift, and go to state 61
    VAR                 shift, and go to state 141
    IDENT               shift, and go to state 24
    STRATOM             shift, and go to state 26
    TAGATOM             shift, and go to state 27
    FLTCONST            shift, and go to state 28
    '-'                 shift, and go to state 29
    '*'                 shift, and go to state 30
    '('                 shift, and go to state 31
    ';'                 shift, and go to state 142
    '~'                 shift, and go to state 32
    '!'                 shift, and go to state 33

    object_decl   go to state 39
    expr          go to state 143
    slot_acc      go to state 47
    intslot_acc   go to state 48
    stmt_expr     go to state 65
    funcall_expr  go to state 50
    assert_expr   go to state 51


State 71

   82 foreach_stmt: rwFOREACH '(' • VAR rwIN expr ')' stmt_block
   84             | rwFOREACH '(' • VAR rwIN expr opDOTDOT expr ')' stmt_block
   85             | rwFOREACH '(' • VAR rwIN rwRANGE expr opDOTDOT expr ')' stmt_block
   86             | rwFOREACH '(' • VAR rwIN expr opDOTDOT expr rwSTEP expr ')' stmt_block
   87             | rwFOREACH '(' • VAR rwIN rwRANGE expr opDOTDOT expr rwSTEP expr ')' stmt_block
   88             | rwFOREACH '(' • VAR rwIN rwRANGE expr ')' stmt_block

    VAR  shift, and go to state 144


State 72

   83 foreach_stmt: rwFOREACHSTR '(' • VAR rwIN expr ')' stmt_block

    VAR  shift, and go to state 145


State 73

   37 datablock_decl: rwDATABLOCK class_name_expr • '(' expr parent_block ')' '{' slot_assign_list_opt '}' ';'

    '('  shift, and go to state 146


State 74

   58 switch_stmt: rwSWITCH '(' • expr ')' '{' case_block '}'

    rwDECLARE           shift, and go to state 5
    rwDECLARESINGLETON  shift, and go to state 6
    rwBREAK             shift, and go to state 60
    rwASSERT            shift, and go to state 20
    INTCONST            shift, and go to state 21
    TTAG                shift, and go to state 61
    VAR                 shift, and go to state 23
    IDENT               shift, and go to state 24
    STRATOM             shift, and go to state 26
    TAGATOM             shift, and go to state 27
    FLTCONST            shift, and go to state 28
    '-'                 shift, and go to state 29
    '*'                 shift, and go to state 30
    '('                 shift, and go to state 31
    '~'                 shift, and go to state 32
    '!'                 shift, and go to state 33

    object_decl   go to state 39
    expr          go to state 147
    slot_acc      go to state 47
    intslot_acc   go to state 48
    stmt_expr     go to state 65
    funcall_expr  go to state 50
    assert_expr   go to state 51


State 75

   59 switch_stmt: rwSWITCHSTR '(' • expr ')' '{' case_block '}'

    rwDECLARE           shift, and go to state 5
    rwDECLARESINGLETON  shift, and go to state 6
    rwBREAK             shift, and go to state 60
    rwASSERT            shift, and go to state 20
    INTCONST            shift, and go to state 21
    TTAG                shift, and go to state 61
    VAR                 shift, and go to state 23
    IDENT               shift, and go to state 24
    STRATOM             shift, and go to state 26
    TAGATOM             shift, and go to state 27
    FLTCONST            shift, and go to state 28
    '-'                 shift, and go to state 29
    '*'                 shift, and go to state 30
    '('                 shift, and go to state 31
    '~'                 shift, and go to state 32
    '!'                 shift, and go to state 33

    object_decl   go to state 39
    expr          go to state 148
    slot_acc      go to state 47
    intslot_acc   go to state 48
    stmt_expr     go to state 65
    funcall_expr  go to state 50
    assert_expr   go to state 51


State 76

    7 package_decl: rwPACKAGE IDENT • '{' fn_decl_list '}' ';'

    '{'  shift, and go to state 149


State 77

  168 assert_expr: rwASSERT '(' • expr ')'
  169            | rwASSERT '(' • expr ',' STRATOM ')'

    rwDECLARE           shift, and go to state 5
    rwDECLARESINGLETON  shift, and go to state 6
    rwBREAK             shift, and go to state 60
    rwASSERT            shift, and go to state 20
    INTCONST            shift, and go to state 21
    TTAG                shift, and go to state 61
    VAR                 shift, and go to state 23
    IDENT               shift, and go to state 24
    STRATOM             shift, and go to state 26
    TAGATOM             shift, and go to state 27
    FLTCONST            shift, and go to state 28
    '-'                 shift, and go to state 29
    '*'                 shift, and go to state 30
    '('                 shift, and go to state 31
    '~'                 shift, and go to state 32
    '!'                 shift, and go to state 33

    object_decl   go to state 39
    expr          go to state 150
    slot_acc      go to state 47
    intslot_acc   go to state 48
    stmt_expr     go to state 65
    funcall_expr  go to state 50
    assert_expr   go to state 51


State 78

   24 stmt: TTAG '=' • expr ';'
   25     | TTAG '=' • expr ',' expr ';'

    rwDECLARE           shift, and go to state 5
    rwDECLARESINGLETON  shift, and go to state 6
    rwBREAK             shift, and go to state 60
    rwASSERT            shift, and go to state 20
    INTCONST            shift, and go to state 21
    TTAG                shift, and go to state 61
    VAR                 shift, and go to state 23
    IDENT               shift, and go to state 24
    STRATOM             shift, and go to state 26
    TAGATOM             shift, and go to state 27
    FLTCONST            shift, and go to state 28
    '-'                 shift, and go to state 29
    '*'                 shift, and go to state 30
    '('                 shift, and go to state 31
    '~'                 shift, and go to state 32
    '!'                 shift, and go to state 33

    object_decl   go to state 39
    expr          go to state 151
    slot_acc      go to state 47
    intslot_acc   go to state 48
    stmt_expr     go to state 65
    funcall_expr  go to state 50
    assert_expr   go to state 51


State 79

  150 stmt_expr: VAR '=' • expr
  151          | VAR '=' • '{' expr_list '}'

    rwDECLARE           shift, and go to state 5
    rwDECLARESINGLETON  shift, and go to state 6
    rwBREAK             shift, and go to state 60
    rwASSERT            shift, and go to state 20
    INTCONST            shift, and go to state 21
    TTAG                shift, and go to state 61
    VAR                 shift, and go to state 23
    IDENT               shift, and go to state 24
    STRATOM             shift, and go to state 26
    TAGATOM             shift, and go to state 27
    FLTCONST            shift, and go to state 28
    '-'                 shift, and go to state 29
    '*'                 shift, and go to state 30
    '('                 shift, and go to state 31
    '{'                 shift, and go to state 152
    '~'                 shift, and go to state 32
    '!'                 shift, and go to state 33

    object_decl   go to state 39
    expr          go to state 153
    slot_acc      go to state 47
    intslot_acc   go to state 48
    stmt_expr     go to state 65
    funcall_expr  go to state 50
    assert_expr   go to state 51


State 80

  136 assign_op_struct: opMINUSMINUS •

    $default  reduce using rule 136 (assign_op_struct)


State 81

  135 assign_op_struct: opPLUSPLUS •

    $default  reduce using rule 135 (assign_op_struct)


State 82

  137 assign_op_struct: opPLASN • expr

    rwDECLARE           shift, and go to state 5
    rwDECLARESINGLETON  shift, and go to state 6
    rwBREAK             shift, and go to state 60
    rwASSERT            shift, and go to state 20
    INTCONST            shift, and go to state 21
    TTAG                shift, and go to state 61
    VAR                 shift, and go to state 23
    IDENT               shift, and go to state 24
    STRATOM             shift, and go to state 26
    TAGATOM             shift, and go to state 27
    FLTCONST            shift, and go to state 28
    '-'                 shift, and go to state 29
    '*'                 shift, and go to state 30
    '('                 shift, and go to state 31
    '~'                 shift, and go to state 32
    '!'                 shift, and go to state 33

    object_decl   go to state 39
    expr          go to state 154
    slot_acc      go to state 47
    intslot_acc   go to state 48
    stmt_expr     go to state 65
    funcall_expr  go to state 50
    assert_expr   go to state 51


State 83

  138 assign_op_struct: opMIASN • expr

    rwDECLARE           shift, and go to state 5
    rwDECLARESINGLETON  shift, and go to state 6
    rwBREAK             shift, and go to state 60
    rwASSERT            shift, and go to state 20
    INTCONST            shift, and go to state 21
    TTAG                shift, and go to state 61
    VAR                 shift, and go to state 23
    IDENT               shift, and go to state 24
    STRATOM             shift, and go to state 26
    TAGATOM             shift, and go to state 27
    FLTCONST            shift, and go to state 28
    '-'                 shift, and go to state 29
    '*'                 shift, and go to state 30
    '('                 shift, and go to state 31
    '~'                 shift, and go to state 32
    '!'                 shift, and go to state 33

    object_decl   go to state 39
    expr          go to state 155
    slot_acc      go to state 47
    intslot_acc   go to state 48
    stmt_expr     go to state 65
    funcall_expr  go to state 50
    assert_expr   go to state 51


State 84

  139 assign_op_struct: opMLASN • expr

    rwDECLARE           shift, and go to state 5
    rwDECLARESINGLETON  shift, and go to state 6
    rwBREAK             shift, and go to state 60
    rwASSERT            shift, and go to state 20
    INTCONST            shift, and go to state 21
    TTAG                shift, and go to state 61
    VAR                 shift, and go to state 23
    IDENT               shift, and go to state 24
    STRATOM             shift, and go to state 26
    TAGATOM             shift, and go to state 27
    FLTCONST            shift, and go to state 28
    '-'                 shift, and go to state 29
    '*'                 shift, and go to state 30
    '('                 shift, and go to state 31
    '~'                 shift, and go to state 32
    '!'                 shift, and go to state 33

    object_decl   go to state 39
    expr          go to state 156
    slot_acc      go to state 47
    intslot_acc   go to state 48
    stmt_expr     go to state 65
    funcall_expr  go to state 50
    assert_expr   go to state 51


State 85

  140 assign_op_struct: opDVASN • expr

    rwDECLARE           shift, and go to state 5
    rwDECLARESINGLETON  shift, and go to state 6
    rwBREAK             shift, and go to state 60
    rwASSERT            shift, and go to state 20
    INTCONST            shift, and go to state 21
    TTAG                shift, and go to state 61
    VAR                 shift, and go to state 23
    IDENT               shift, and go to state 24
    STRATOM             shift, and go to state 26
    TAGATOM             shift, and go to state 27
    FLTCONST            shift, and go to state 28
    '-'                 shift, and go to state 29
    '*'                 shift, and go to state 30
    '('                 shift, and go to state 31
    '~'                 shift, and go to state 32
    '!'                 shift, and go to state 33

    object_decl   go to state 39
    expr          go to state 157
    slot_acc      go to state 47
    intslot_acc   go to state 48
    stmt_expr     go to state 65
    funcall_expr  go to state 50
    assert_expr   go to state 51


State 86

  141 assign_op_struct: opMODASN • expr

    rwDECLARE           shift, and go to state 5
    rwDECLARESINGLETON  shift, and go to state 6
    rwBREAK             shift, and go to state 60
    rwASSERT            shift, and go to state 20
    INTCONST            shift, and go to state 21
    TTAG                shift, and go to state 61
    VAR                 shift, and go to state 23
    IDENT               shift, and go to state 24
    STRATOM             shift, and go to state 26
    TAGATOM             shift, and go to state 27
    FLTCONST            shift, and go to state 28
    '-'                 shift, and go to state 29
    '*'                 shift, and go to state 30
    '('                 shift, and go to state 31
    '~'                 shift, and go to state 32
    '!'                 shift, and go to state 33

    object_decl   go to state 39
    expr          go to state 158
    slot_acc      go to state 47
    intslot_acc   go to state 48
    stmt_expr     go to state 65
    funcall_expr  go to state 50
    assert_expr   go to state 51


State 87

  142 assign_op_struct: opANDASN • expr

    rwDECLARE           shift, and go to state 5
    rwDECLARESINGLETON  shift, and go to state 6
    rwBREAK             shift, and go to state 60
    rwASSERT            shift, and go to state 20
    INTCONST            shift, and go to state 21
    TTAG                shift, and go to state 61
    VAR                 shift, and go to state 23
    IDENT               shift, and go to state 24
    STRATOM             shift, and go to state 26
    TAGATOM             shift, and go to state 27
    FLTCONST            shift, and go to state 28
    '-'                 shift, and go to state 29
    '*'                 shift, and go to state 30
    '('                 shift, and go to state 31
    '~'                 shift, and go to state 32
    '!'                 shift, and go to state 33

    object_decl   go to state 39
    expr          go to state 159
    slot_acc      go to state 47
    intslot_acc   go to state 48
    stmt_expr     go to state 65
    funcall_expr  go to state 50
    assert_expr   go to state 51


State 88

  143 assign_op_struct: opXORASN • expr

    rwDECLARE           shift, and go to state 5
    rwDECLARESINGLETON  shift, and go to state 6
    rwBREAK             shift, and go to state 60
    rwASSERT            shift, and go to state 20
    INTCONST            shift, and go to state 21
    TTAG                shift, and go to state 61
    VAR                 shift, and go to state 23
    IDENT               shift, and go to state 24
    STRATOM             shift, and go to state 26
    TAGATOM             shift, and go to state 27
    FLTCONST            shift, and go to state 28
    '-'                 shift, and go to state 29
    '*'                 shift, and go to state 30
    '('                 shift, and go to state 31
    '~'                 shift, and go to state 32
    '!'                 shift, and go to state 33

    object_decl   go to state 39
    expr          go to state 160
    slot_acc      go to state 47
    intslot_acc   go to state 48
    stmt_expr     go to state 65
    funcall_expr  go to state 50
    assert_expr   go to state 51


State 89

  144 assign_op_struct: opORASN • expr

    rwDECLARE           shift, and go to state 5
    rwDECLARESINGLETON  shift, and go to state 6
    rwBREAK             shift, and go to state 60
    rwASSERT            shift, and go to state 20
    INTCONST            shift, and go to state 21
    TTAG                shift, and go to state 61
    VAR                 shift, and go to state 23
    IDENT               shift, and go to state 24
    STRATOM             shift, and go to state 26
    TAGATOM             shift, and go to state 27
    FLTCONST            shift, and go to state 28
    '-'                 shift, and go to state 29
    '*'                 shift, and go to state 30
    '('                 shift, and go to state 31
    '~'                 shift, and go to state 32
    '!'                 shift, and go to state 33

    object_decl   go to state 39
    expr          go to state 161
    slot_acc      go to state 47
    intslot_acc   go to state 48
    stmt_expr     go to state 65
    funcall_expr  go to state 50
    assert_expr   go to state 51


State 90

  145 assign_op_struct: opSLASN • expr

    rwDECLARE           shift, and go to state 5
    rwDECLARESINGLETON  shift, and go to state 6
    rwBREAK             shift, and go to state 60
    rwASSERT            shift, and go to state 20
    INTCONST            shift, and go to state 21
    TTAG                shift, and go to state 61
    VAR                 shift, and go to state 23
    IDENT               shift, and go to state 24
    STRATOM             shift, and go to state 26
    TAGATOM             shift, and go to state 27
    FLTCONST            shift, and go to state 28
    '-'                 shift, and go to state 29
    '*'                 shift, and go to state 30
    '('                 shift, and go to state 31
    '~'                 shift, and go to state 32
    '!'                 shift, and go to state 33

    object_decl   go to state 39
    expr          go to state 162
    slot_acc      go to state 47
    intslot_acc   go to state 48
    stmt_expr     go to state 65
    funcall_expr  go to state 50
    assert_expr   go to state 51


State 91

  146 assign_op_struct: opSRASN • expr

    rwDECLARE           shift, and go to state 5
    rwDECLARESINGLETON  shift, and go to state 6
    rwBREAK             shift, and go to state 60
    rwASSERT            shift, and go to state 20
    INTCONST            shift, and go to state 21
    TTAG                shift, and go to state 61
    VAR                 shift, and go to state 23
    IDENT               shift, and go to state 24
    STRATOM             shift, and go to state 26
    TAGATOM             shift, and go to state 27
    FLTCONST            shift, and go to state 28
    '-'                 shift, and go to state 29
    '*'                 shift, and go to state 30
    '('                 shift, and go to state 31
    '~'                 shift, and go to state 32
    '!'                 shift, and go to state 33

    object_decl   go to state 39
    expr          go to state 163
    slot_acc      go to state 47
    intslot_acc   go to state 48
    stmt_expr     go to state 65
    funcall_expr  go to state 50
    assert_expr   go to state 51


State 92

  128 expr: VAR '[' • aidx_expr ']'
  152 stmt_expr: VAR '[' • aidx_expr ']' '=' expr
  153          | VAR '[' • aidx_expr ']' '=' '{' expr_list '}'
  155          | VAR '[' • aidx_expr ']' assign_op_struct

    rwDECLARE           shift, and go to state 5
    rwDECLARESINGLETON  shift, and go to state 6
    rwBREAK             shift, and go to state 60
    rwASSERT            shift, and go to state 20
    INTCONST            shift, and go to state 21
    TTAG                shift, and go to state 61
    VAR                 shift, and go to state 23
    IDENT               shift, and go to state 24
    STRATOM             shift, and go to state 26
    TAGATOM             shift, and go to state 27
    FLTCONST            shift, and go to state 28
    '-'                 shift, and go to state 29
    '*'                 shift, and go to state 30
    '('                 shift, and go to state 31
    '~'                 shift, and go to state 32
    '!'                 shift, and go to state 33

    object_decl   go to state 39
    expr          go to state 164
    slot_acc      go to state 47
    intslot_acc   go to state 48
    stmt_expr     go to state 65
    funcall_expr  go to state 50
    assert_expr   go to state 51
    aidx_expr     go to state 165


State 93

  154 stmt_expr: VAR assign_op_struct •

    $default  reduce using rule 154 (stmt_expr)


State 94

  159 funcall_expr: IDENT '(' • func_arg_list_decl ')'

    rwDECLARE           shift, and go to state 5
    rwDECLARESINGLETON  shift, and go to state 6
    rwBREAK             shift, and go to state 60
    rwASSERT            shift, and go to state 20
    INTCONST            shift, and go to state 21
    TTAG                shift, and go to state 61
    VAR                 shift, and go to state 23
    IDENT               shift, and go to state 24
    STRATOM             shift, and go to state 26
    TAGATOM             shift, and go to state 27
    FLTCONST            shift, and go to state 28
    '-'                 shift, and go to state 29
    '*'                 shift, and go to state 30
    '('                 shift, and go to state 31
    '{'                 shift, and go to state 166
    '~'                 shift, and go to state 32
    '!'                 shift, and go to state 33

    $default  reduce using rule 166 (func_arg_list_decl)

    object_decl         go to state 39
    expr                go to state 167
    slot_acc            go to state 47
    intslot_acc         go to state 48
    stmt_expr           go to state 65
    funcall_expr        go to state 50
    func_arg_item       go to state 168
    func_arg_list       go to state 169
    func_arg_list_decl  go to state 170
    assert_expr         go to state 51


State 95

  160 funcall_expr: IDENT opCOLONCOLON • IDENT '(' func_arg_list_decl ')'

    IDENT  shift, and go to state 171


State 96

   92 expr: expr • '^' expr
   93     | expr • '%' expr
   94     | expr • '&' expr
   95     | expr • '|' expr
   96     | expr • '+' expr
   97     | expr • '-' expr
   98     | expr • '*' expr
   99     | expr • '/' expr
  100     | '-' expr •
  103     | expr • '?' expr ':' expr
  104     | expr • '<' expr
  105     | expr • '>' expr
  106     | expr • opGE expr
  107     | expr • opLE expr
  108     | expr • opEQ expr
  109     | expr • opNE expr
  110     | expr • opOR expr
  111     | expr • opSHL expr
  112     | expr • opSHR expr
  113     | expr • opAND expr
  114     | expr • opSTREQ expr
  115     | expr • opSTRNE expr
  116     | expr • '@' expr
  129 slot_acc: expr • '.' IDENT
  130         | expr • '.' IDENT '[' aidx_expr ']'
  131 intslot_acc: expr • opINTNAME class_name_expr
  132            | expr • opINTNAMER class_name_expr
  161 funcall_expr: expr • '.' IDENT '(' func_arg_list_decl ')'

    '.'         shift, and go to state 108
    opINTNAME   shift, and go to state 114
    opINTNAMER  shift, and go to state 115

    $default  reduce using rule 100 (expr)


State 97

   92 expr: expr • '^' expr
   93     | expr • '%' expr
   94     | expr • '&' expr
   95     | expr • '|' expr
   96     | expr • '+' expr
   97     | expr • '-' expr
   98     | expr • '*' expr
   99     | expr • '/' expr
  101     | '*' expr •
  103     | expr • '?' expr ':' expr
  104     | expr • '<' expr
  105     | expr • '>' expr
  106     | expr • opGE expr
  107     | expr • opLE expr
  108     | expr • opEQ expr
  109     | expr • opNE expr
  110     | expr • opOR expr
  111     | expr • opSHL expr
  112     | expr • opSHR expr
  113     | expr • opAND expr
  114     | expr • opSTREQ expr
  115     | expr • opSTRNE expr
  116     | expr • '@' expr
  129 slot_acc: expr • '.' IDENT
  130         | expr • '.' IDENT '[' aidx_expr ']'
  131 intslot_acc: expr • opINTNAME class_name_expr
  132            | expr • opINTNAMER class_name_expr
  161 funcall_expr: expr • '.' IDENT '(' func_arg_list_decl ')'

    '.'         shift, and go to state 108
    opINTNAME   shift, and go to state 114
    opINTNAMER  shift, and go to state 115

    $default  reduce using rule 101 (expr)


State 98

   91 expr: '(' expr • ')'
   92     | expr • '^' expr
   93     | expr • '%' expr
   94     | expr • '&' expr
   95     | expr • '|' expr
   96     | expr • '+' expr
   97     | expr • '-' expr
   98     | expr • '*' expr
   99     | expr • '/' expr
  103     | expr • '?' expr ':' expr
  104     | expr • '<' expr
  105     | expr • '>' expr
  106     | expr • opGE expr
  107     | expr • opLE expr
  108     | expr • opEQ expr
  109     | expr • opNE expr
  110     | expr • opOR expr
  111     | expr • opSHL expr
  112     | expr • opSHR expr
  113     | expr • opAND expr
  114     | expr • opSTREQ expr
  115     | expr • opSTRNE expr
  116     | expr • '@' expr
  129 slot_acc: expr • '.' IDENT
  130         | expr • '.' IDENT '[' aidx_expr ']'
  131 intslot_acc: expr • opINTNAME class_name_expr
  132            | expr • opINTNAMER class_name_expr
  161 funcall_expr: expr • '.' IDENT '(' func_arg_list_decl ')'

    '+'         shift, and go to state 102
    '-'         shift, and go to state 103
    '*'         shift, and go to state 104
    '/'         shift, and go to state 105
    '<'         shift, and go to state 106
    '>'         shift, and go to state 107
    '.'         shift, and go to state 108
    '|'         shift, and go to state 109
    '&'         shift, and go to state 110
    '%'         shift, and go to state 111
    ')'         shift, and go to state 172
    '^'         shift, and go to state 112
    '@'         shift, and go to state 113
    opINTNAME   shift, and go to state 114
    opINTNAMER  shift, and go to state 115
    opSHL       shift, and go to state 116
    opSHR       shift, and go to state 117
    opEQ        shift, and go to state 118
    opNE        shift, and go to state 119
    opGE        shift, and go to state 120
    opLE        shift, and go to state 121
    opAND       shift, and go to state 122
    opOR        shift, and go to state 123
    opSTREQ     shift, and go to state 124
    opSTRNE     shift, and go to state 125
    '?'         shift, and go to state 126


State 99

   92 expr: expr • '^' expr
   93     | expr • '%' expr
   94     | expr • '&' expr
   95     | expr • '|' expr
   96     | expr • '+' expr
   97     | expr • '-' expr
   98     | expr • '*' expr
   99     | expr • '/' expr
  103     | expr • '?' expr ':' expr
  104     | expr • '<' expr
  105     | expr • '>' expr
  106     | expr • opGE expr
  107     | expr • opLE expr
  108     | expr • opEQ expr
  109     | expr • opNE expr
  110     | expr • opOR expr
  111     | expr • opSHL expr
  112     | expr • opSHR expr
  113     | expr • opAND expr
  114     | expr • opSTREQ expr
  115     | expr • opSTRNE expr
  116     | expr • '@' expr
  118     | '~' expr •
  129 slot_acc: expr • '.' IDENT
  130         | expr • '.' IDENT '[' aidx_expr ']'
  131 intslot_acc: expr • opINTNAME class_name_expr
  132            | expr • opINTNAMER class_name_expr
  161 funcall_expr: expr • '.' IDENT '(' func_arg_list_decl ')'

    '.'         shift, and go to state 108
    opINTNAME   shift, and go to state 114
    opINTNAMER  shift, and go to state 115

    $default  reduce using rule 118 (expr)


State 100

   92 expr: expr • '^' expr
   93     | expr • '%' expr
   94     | expr • '&' expr
   95     | expr • '|' expr
   96     | expr • '+' expr
   97     | expr • '-' expr
   98     | expr • '*' expr
   99     | expr • '/' expr
  103     | expr • '?' expr ':' expr
  104     | expr • '<' expr
  105     | expr • '>' expr
  106     | expr • opGE expr
  107     | expr • opLE expr
  108     | expr • opEQ expr
  109     | expr • opNE expr
  110     | expr • opOR expr
  111     | expr • opSHL expr
  112     | expr • opSHR expr
  113     | expr • opAND expr
  114     | expr • opSTREQ expr
  115     | expr • opSTRNE expr
  116     | expr • '@' expr
  117     | '!' expr •
  129 slot_acc: expr • '.' IDENT
  130         | expr • '.' IDENT '[' aidx_expr ']'
  131 intslot_acc: expr • opINTNAME class_name_expr
  132            | expr • opINTNAMER class_name_expr
  161 funcall_expr: expr • '.' IDENT '(' func_arg_list_decl ')'

    '.'         shift, and go to state 108
    opINTNAME   shift, and go to state 114
    opINTNAMER  shift, and go to state 115

    $default  reduce using rule 117 (expr)


State 101

   23 stmt: expression_stmt ';' •

    $default  reduce using rule 23 (stmt)


State 102

   96 expr: expr '+' • expr

    rwDECLARE           shift, and go to state 5
    rwDECLARESINGLETON  shift, and go to state 6
    rwBREAK             shift, and go to state 60
    rwASSERT            shift, and go to state 20
    INTCONST            shift, and go to state 21
    TTAG                shift, and go to state 61
    VAR                 shift, and go to state 23
    IDENT               shift, and go to state 24
    STRATOM             shift, and go to state 26
    TAGATOM             shift, and go to state 27
    FLTCONST            shift, and go to state 28
    '-'                 shift, and go to state 29
    '*'                 shift, and go to state 30
    '('                 shift, and go to state 31
    '~'                 shift, and go to state 32
    '!'                 shift, and go to state 33

    object_decl   go to state 39
    expr          go to state 173
    slot_acc      go to state 47
    intslot_acc   go to state 48
    stmt_expr     go to state 65
    funcall_expr  go to state 50
    assert_expr   go to state 51


State 103

   97 expr: expr '-' • expr

    rwDECLARE           shift, and go to state 5
    rwDECLARESINGLETON  shift, and go to state 6
    rwBREAK             shift, and go to state 60
    rwASSERT            shift, and go to state 20
    INTCONST            shift, and go to state 21
    TTAG                shift, and go to state 61
    VAR                 shift, and go to state 23
    IDENT               shift, and go to state 24
    STRATOM             shift, and go to state 26
    TAGATOM             shift, and go to state 27
    FLTCONST            shift, and go to state 28
    '-'                 shift, and go to state 29
    '*'                 shift, and go to state 30
    '('                 shift, and go to state 31
    '~'                 shift, and go to state 32
    '!'                 shift, and go to state 33

    object_decl   go to state 39
    expr          go to state 174
    slot_acc      go to state 47
    intslot_acc   go to state 48
    stmt_expr     go to state 65
    funcall_expr  go to state 50
    assert_expr   go to state 51


State 104

   98 expr: expr '*' • expr

    rwDECLARE           shift, and go to state 5
    rwDECLARESINGLETON  shift, and go to state 6
    rwBREAK             shift, and go to state 60
    rwASSERT            shift, and go to state 20
    INTCONST            shift, and go to state 21
    TTAG                shift, and go to state 61
    VAR                 shift, and go to state 23
    IDENT               shift, and go to state 24
    STRATOM             shift, and go to state 26
    TAGATOM             shift, and go to state 27
    FLTCONST            shift, and go to state 28
    '-'                 shift, and go to state 29
    '*'                 shift, and go to state 30
    '('                 shift, and go to state 31
    '~'                 shift, and go to state 32
    '!'                 shift, and go to state 33

    object_decl   go to state 39
    expr          go to state 175
    slot_acc      go to state 47
    intslot_acc   go to state 48
    stmt_expr     go to state 65
    funcall_expr  go to state 50
    assert_expr   go to state 51


State 105

   99 expr: expr '/' • expr

    rwDECLARE           shift, and go to state 5
    rwDECLARESINGLETON  shift, and go to state 6
    rwBREAK             shift, and go to state 60
    rwASSERT            shift, and go to state 20
    INTCONST            shift, and go to state 21
    TTAG                shift, and go to state 61
    VAR                 shift, and go to state 23
    IDENT               shift, and go to state 24
    STRATOM             shift, and go to state 26
    TAGATOM             shift, and go to state 27
    FLTCONST            shift, and go to state 28
    '-'                 shift, and go to state 29
    '*'                 shift, and go to state 30
    '('                 shift, and go to state 31
    '~'                 shift, and go to state 32
    '!'                 shift, and go to state 33

    object_decl   go to state 39
    expr          go to state 176
    slot_acc      go to state 47
    intslot_acc   go to state 48
    stmt_expr     go to state 65
    funcall_expr  go to state 50
    assert_expr   go to state 51


State 106

  104 expr: expr '<' • expr

    rwDECLARE           shift, and go to state 5
    rwDECLARESINGLETON  shift, and go to state 6
    rwBREAK             shift, and go to state 60
    rwASSERT            shift, and go to state 20
    INTCONST            shift, and go to state 21
    TTAG                shift, and go to state 61
    VAR                 shift, and go to state 23
    IDENT               shift, and go to state 24
    STRATOM             shift, and go to state 26
    TAGATOM             shift, and go to state 27
    FLTCONST            shift, and go to state 28
    '-'                 shift, and go to state 29
    '*'                 shift, and go to state 30
    '('                 shift, and go to state 31
    '~'                 shift, and go to state 32
    '!'                 shift, and go to state 33

    object_decl   go to state 39
    expr          go to state 177
    slot_acc      go to state 47
    intslot_acc   go to state 48
    stmt_expr     go to state 65
    funcall_expr  go to state 50
    assert_expr   go to state 51


State 107

  105 expr: expr '>' • expr

    rwDECLARE           shift, and go to state 5
    rwDECLARESINGLETON  shift, and go to state 6
    rwBREAK             shift, and go to state 60
    rwASSERT            shift, and go to state 20
    INTCONST            shift, and go to state 21
    TTAG                shift, and go to state 61
    VAR                 shift, and go to state 23
    IDENT               shift, and go to state 24
    STRATOM             shift, and go to state 26
    TAGATOM             shift, and go to state 27
    FLTCONST            shift, and go to state 28
    '-'                 shift, and go to state 29
    '*'                 shift, and go to state 30
    '('                 shift, and go to state 31
    '~'                 shift, and go to state 32
    '!'                 shift, and go to state 33

    object_decl   go to state 39
    expr          go to state 178
    slot_acc      go to state 47
    intslot_acc   go to state 48
    stmt_expr     go to state 65
    funcall_expr  go to state 50
    assert_expr   go to state 51


State 108

  129 slot_acc: expr '.' • IDENT
  130         | expr '.' • IDENT '[' aidx_expr ']'
  161 funcall_expr: expr '.' • IDENT '(' func_arg_list_decl ')'

    IDENT  shift, and go to state 179


State 109

   95 expr: expr '|' • expr

    rwDECLARE           shift, and go to state 5
    rwDECLARESINGLETON  shift, and go to state 6
    rwBREAK             shift, and go to state 60
    rwASSERT            shift, and go to state 20
    INTCONST            shift, and go to state 21
    TTAG                shift, and go to state 61
    VAR                 shift, and go to state 23
    IDENT               shift, and go to state 24
    STRATOM             shift, and go to state 26
    TAGATOM             shift, and go to state 27
    FLTCONST            shift, and go to state 28
    '-'                 shift, and go to state 29
    '*'                 shift, and go to state 30
    '('                 shift, and go to state 31
    '~'                 shift, and go to state 32
    '!'                 shift, and go to state 33

    object_decl   go to state 39
    expr          go to state 180
    slot_acc      go to state 47
    intslot_acc   go to state 48
    stmt_expr     go to state 65
    funcall_expr  go to state 50
    assert_expr   go to state 51


State 110

   94 expr: expr '&' • expr

    rwDECLARE           shift, and go to state 5
    rwDECLARESINGLETON  shift, and go to state 6
    rwBREAK             shift, and go to state 60
    rwASSERT            shift, and go to state 20
    INTCONST            shift, and go to state 21
    TTAG                shift, and go to state 61
    VAR                 shift, and go to state 23
    IDENT               shift, and go to state 24
    STRATOM             shift, and go to state 26
    TAGATOM             shift, and go to state 27
    FLTCONST            shift, and go to state 28
    '-'                 shift, and go to state 29
    '*'                 shift, and go to state 30
    '('                 shift, and go to state 31
    '~'                 shift, and go to state 32
    '!'                 shift, and go to state 33

    object_decl   go to state 39
    expr          go to state 181
    slot_acc      go to state 47
    intslot_acc   go to state 48
    stmt_expr     go to state 65
    funcall_expr  go to state 50
    assert_expr   go to state 51


State 111

   93 expr: expr '%' • expr

    rwDECLARE           shift, and go to state 5
    rwDECLARESINGLETON  shift, and go to state 6
    rwBREAK             shift, and go to state 60
    rwASSERT            shift, and go to state 20
    INTCONST            shift, and go to state 21
    TTAG                shift, and go to state 61
    VAR                 shift, and go to state 23
    IDENT               shift, and go to state 24
    STRATOM             shift, and go to state 26
    TAGATOM             shift, and go to state 27
    FLTCONST            shift, and go to state 28
    '-'                 shift, and go to state 29
    '*'                 shift, and go to state 30
    '('                 shift, and go to state 31
    '~'                 shift, and go to state 32
    '!'                 shift, and go to state 33

    object_decl   go to state 39
    expr          go to state 182
    slot_acc      go to state 47
    intslot_acc   go to state 48
    stmt_expr     go to state 65
    funcall_expr  go to state 50
    assert_expr   go to state 51


State 112

   92 expr: expr '^' • expr

    rwDECLARE           shift, and go to state 5
    rwDECLARESINGLETON  shift, and go to state 6
    rwBREAK             shift, and go to state 60
    rwASSERT            shift, and go to state 20
    INTCONST            shift, and go to state 21
    TTAG                shift, and go to state 61
    VAR                 shift, and go to state 23
    IDENT               shift, and go to state 24
    STRATOM             shift, and go to state 26
    TAGATOM             shift, and go to state 27
    FLTCONST            shift, and go to state 28
    '-'                 shift, and go to state 29
    '*'                 shift, and go to state 30
    '('                 shift, and go to state 31
    '~'                 shift, and go to state 32
    '!'                 shift, and go to state 33

    object_decl   go to state 39
    expr          go to state 183
    slot_acc      go to state 47
    intslot_acc   go to state 48
    stmt_expr     go to state 65
    funcall_expr  go to state 50
    assert_expr   go to state 51


State 113

  116 expr: expr '@' • expr

    rwDECLARE           shift, and go to state 5
    rwDECLARESINGLETON  shift, and go to state 6
    rwBREAK             shift, and go to state 60
    rwASSERT            shift, and go to state 20
    INTCONST            shift, and go to state 21
    TTAG                shift, and go to state 61
    VAR                 shift, and go to state 23
    IDENT               shift, and go to state 24
    STRATOM             shift, and go to state 26
    TAGATOM             shift, and go to state 27
    FLTCONST            shift, and go to state 28
    '-'                 shift, and go to state 29
    '*'                 shift, and go to state 30
    '('                 shift, and go to state 31
    '~'                 shift, and go to state 32
    '!'                 shift, and go to state 33

    object_decl   go to state 39
    expr          go to state 184
    slot_acc      go to state 47
    intslot_acc   go to state 48
    stmt_expr     go to state 65
    funcall_expr  go to state 50
    assert_expr   go to state 51


State 114

  131 intslot_acc: expr opINTNAME • class_name_expr

    IDENT  shift, and go to state 53
    '('    shift, and go to state 54

    class_name_expr  go to state 185


State 115

  132 intslot_acc: expr opINTNAMER • class_name_expr

    IDENT  shift, and go to state 53
    '('    shift, and go to state 54

    class_name_expr  go to state 186


State 116

  111 expr: expr opSHL • expr

    rwDECLARE           shift, and go to state 5
    rwDECLARESINGLETON  shift, and go to state 6
    rwBREAK             shift, and go to state 60
    rwASSERT            shift, and go to state 20
    INTCONST            shift, and go to state 21
    TTAG                shift, and go to state 61
    VAR                 shift, and go to state 23
    IDENT               shift, and go to state 24
    STRATOM             shift, and go to state 26
    TAGATOM             shift, and go to state 27
    FLTCONST            shift, and go to state 28
    '-'                 shift, and go to state 29
    '*'                 shift, and go to state 30
    '('                 shift, and go to state 31
    '~'                 shift, and go to state 32
    '!'                 shift, and go to state 33

    object_decl   go to state 39
    expr          go to state 187
    slot_acc      go to state 47
    intslot_acc   go to state 48
    stmt_expr     go to state 65
    funcall_expr  go to state 50
    assert_expr   go to state 51


State 117

  112 expr: expr opSHR • expr

    rwDECLARE           shift, and go to state 5
    rwDECLARESINGLETON  shift, and go to state 6
    rwBREAK             shift, and go to state 60
    rwASSERT            shift, and go to state 20
    INTCONST            shift, and go to state 21
    TTAG                shift, and go to state 61
    VAR                 shift, and go to state 23
    IDENT               shift, and go to state 24
    STRATOM             shift, and go to state 26
    TAGATOM             shift, and go to state 27
    FLTCONST            shift, and go to state 28
    '-'                 shift, and go to state 29
    '*'                 shift, and go to state 30
    '('                 shift, and go to state 31
    '~'                 shift, and go to state 32
    '!'                 shift, and go to state 33

    object_decl   go to state 39
    expr          go to state 188
    slot_acc      go to state 47
    intslot_acc   go to state 48
    stmt_expr     go to state 65
    funcall_expr  go to state 50
    assert_expr   go to state 51


State 118

  108 expr: expr opEQ • expr

    rwDECLARE           shift, and go to state 5
    rwDECLARESINGLETON  shift, and go to state 6
    rwBREAK             shift, and go to state 60
    rwASSERT            shift, and go to state 20
    INTCONST            shift, and go to state 21
    TTAG                shift, and go to state 61
    VAR                 shift, and go to state 23
    IDENT               shift, and go to state 24
    STRATOM             shift, and go to state 26
    TAGATOM             shift, and go to state 27
    FLTCONST            shift, and go to state 28
    '-'                 shift, and go to state 29
    '*'                 shift, and go to state 30
    '('                 shift, and go to state 31
    '~'                 shift, and go to state 32
    '!'                 shift, and go to state 33

    object_decl   go to state 39
    expr          go to state 189
    slot_acc      go to state 47
    intslot_acc   go to state 48
    stmt_expr     go to state 65
    funcall_expr  go to state 50
    assert_expr   go to state 51


State 119

  109 expr: expr opNE • expr

    rwDECLARE           shift, and go to state 5
    rwDECLARESINGLETON  shift, and go to state 6
    rwBREAK             shift, and go to state 60
    rwASSERT            shift, and go to state 20
    INTCONST            shift, and go to state 21
    TTAG                shift, and go to state 61
    VAR                 shift, and go to state 23
    IDENT               shift, and go to state 24
    STRATOM             shift, and go to state 26
    TAGATOM             shift, and go to state 27
    FLTCONST            shift, and go to state 28
    '-'                 shift, and go to state 29
    '*'                 shift, and go to state 30
    '('                 shift, and go to state 31
    '~'                 shift, and go to state 32
    '!'                 shift, and go to state 33

    object_decl   go to state 39
    expr          go to state 190
    slot_acc      go to state 47
    intslot_acc   go to state 48
    stmt_expr     go to state 65
    funcall_expr  go to state 50
    assert_expr   go to state 51


State 120

  106 expr: expr opGE • expr

    rwDECLARE           shift, and go to state 5
    rwDECLARESINGLETON  shift, and go to state 6
    rwBREAK             shift, and go to state 60
    rwASSERT            shift, and go to state 20
    INTCONST            shift, and go to state 21
    TTAG                shift, and go to state 61
    VAR                 shift, and go to state 23
    IDENT               shift, and go to state 24
    STRATOM             shift, and go to state 26
    TAGATOM             shift, and go to state 27
    FLTCONST            shift, and go to state 28
    '-'                 shift, and go to state 29
    '*'                 shift, and go to state 30
    '('                 shift, and go to state 31
    '~'                 shift, and go to state 32
    '!'                 shift, and go to state 33

    object_decl   go to state 39
    expr          go to state 191
    slot_acc      go to state 47
    intslot_acc   go to state 48
    stmt_expr     go to state 65
    funcall_expr  go to state 50
    assert_expr   go to state 51


State 121

  107 expr: expr opLE • expr

    rwDECLARE           shift, and go to state 5
    rwDECLARESINGLETON  shift, and go to state 6
    rwBREAK             shift, and go to state 60
    rwASSERT            shift, and go to state 20
    INTCONST            shift, and go to state 21
    TTAG                shift, and go to state 61
    VAR                 shift, and go to state 23
    IDENT               shift, and go to state 24
    STRATOM             shift, and go to state 26
    TAGATOM             shift, and go to state 27
    FLTCONST            shift, and go to state 28
    '-'                 shift, and go to state 29
    '*'                 shift, and go to state 30
    '('                 shift, and go to state 31
    '~'                 shift, and go to state 32
    '!'                 shift, and go to state 33

    object_decl   go to state 39
    expr          go to state 192
    slot_acc      go to state 47
    intslot_acc   go to state 48
    stmt_expr     go to state 65
    funcall_expr  go to state 50
    assert_expr   go to state 51


State 122

  113 expr: expr opAND • expr

    rwDECLARE           shift, and go to state 5
    rwDECLARESINGLETON  shift, and go to state 6
    rwBREAK             shift, and go to state 60
    rwASSERT            shift, and go to state 20
    INTCONST            shift, and go to state 21
    TTAG                shift, and go to state 61
    VAR                 shift, and go to state 23
    IDENT               shift, and go to state 24
    STRATOM             shift, and go to state 26
    TAGATOM             shift, and go to state 27
    FLTCONST            shift, and go to state 28
    '-'                 shift, and go to state 29
    '*'                 shift, and go to state 30
    '('                 shift, and go to state 31
    '~'                 shift, and go to state 32
    '!'                 shift, and go to state 33

    object_decl   go to state 39
    expr          go to state 193
    slot_acc      go to state 47
    intslot_acc   go to state 48
    stmt_expr     go to state 65
    funcall_expr  go to state 50
    assert_expr   go to state 51


State 123

  110 expr: expr opOR • expr

    rwDECLARE           shift, and go to state 5
    rwDECLARESINGLETON  shift, and go to state 6
    rwBREAK             shift, and go to state 60
    rwASSERT            shift, and go to state 20
    INTCONST            shift, and go to state 21
    TTAG                shift, and go to state 61
    VAR                 shift, and go to state 23
    IDENT               shift, and go to state 24
    STRATOM             shift, and go to state 26
    TAGATOM             shift, and go to state 27
    FLTCONST            shift, and go to state 28
    '-'                 shift, and go to state 29
    '*'                 shift, and go to state 30
    '('                 shift, and go to state 31
    '~'                 shift, and go to state 32
    '!'                 shift, and go to state 33

    object_decl   go to state 39
    expr          go to state 194
    slot_acc      go to state 47
    intslot_acc   go to state 48
    stmt_expr     go to state 65
    funcall_expr  go to state 50
    assert_expr   go to state 51


State 124

  114 expr: expr opSTREQ • expr

    rwDECLARE           shift, and go to state 5
    rwDECLARESINGLETON  shift, and go to state 6
    rwBREAK             shift, and go to state 60
    rwASSERT            shift, and go to state 20
    INTCONST            shift, and go to state 21
    TTAG                shift, and go to state 61
    VAR                 shift, and go to state 23
    IDENT               shift, and go to state 24
    STRATOM             shift, and go to state 26
    TAGATOM             shift, and go to state 27
    FLTCONST            shift, and go to state 28
    '-'                 shift, and go to state 29
    '*'                 shift, and go to state 30
    '('                 shift, and go to state 31
    '~'                 shift, and go to state 32
    '!'                 shift, and go to state 33

    object_decl   go to state 39
    expr          go to state 195
    slot_acc      go to state 47
    intslot_acc   go to state 48
    stmt_expr     go to state 65
    funcall_expr  go to state 50
    assert_expr   go to state 51


State 125

  115 expr: expr opSTRNE • expr

    rwDECLARE           shift, and go to state 5
    rwDECLARESINGLETON  shift, and go to state 6
    rwBREAK             shift, and go to state 60
    rwASSERT            shift, and go to state 20
    INTCONST            shift, and go to state 21
    TTAG                shift, and go to state 61
    VAR                 shift, and go to state 23
    IDENT               shift, and go to state 24
    STRATOM             shift, and go to state 26
    TAGATOM             shift, and go to state 27
    FLTCONST            shift, and go to state 28
    '-'                 shift, and go to state 29
    '*'                 shift, and go to state 30
    '('                 shift, and go to state 31
    '~'                 shift, and go to state 32
    '!'                 shift, and go to state 33

    object_decl   go to state 39
    expr          go to state 196
    slot_acc      go to state 47
    intslot_acc   go to state 48
    stmt_expr     go to state 65
    funcall_expr  go to state 50
    assert_expr   go to state 51


State 126

  103 expr: expr '?' • expr ':' expr

    rwDECLARE           shift, and go to state 5
    rwDECLARESINGLETON  shift, and go to state 6
    rwBREAK             shift, and go to state 60
    rwASSERT            shift, and go to state 20
    INTCONST            shift, and go to state 21
    TTAG                shift, and go to state 61
    VAR                 shift, and go to state 23
    IDENT               shift, and go to state 24
    STRATOM             shift, and go to state 26
    TAGATOM             shift, and go to state 27
    FLTCONST            shift, and go to state 28
    '-'                 shift, and go to state 29
    '*'                 shift, and go to state 30
    '('                 shift, and go to state 31
    '~'                 shift, and go to state 32
    '!'                 shift, and go to state 33

    object_decl   go to state 39
    expr          go to state 197
    slot_acc      go to state 47
    intslot_acc   go to state 48
    stmt_expr     go to state 65
    funcall_expr  go to state 50
    assert_expr   go to state 51


State 127

  157 stmt_expr: slot_acc '=' • expr
  158          | slot_acc '=' • '{' expr_list '}'

    rwDECLARE           shift, and go to state 5
    rwDECLARESINGLETON  shift, and go to state 6
    rwBREAK             shift, and go to state 60
    rwASSERT            shift, and go to state 20
    INTCONST            shift, and go to state 21
    TTAG                shift, and go to state 61
    VAR                 shift, and go to state 23
    IDENT               shift, and go to state 24
    STRATOM             shift, and go to state 26
    TAGATOM             shift, and go to state 27
    FLTCONST            shift, and go to state 28
    '-'                 shift, and go to state 29
    '*'                 shift, and go to state 30
    '('                 shift, and go to state 31
    '{'                 shift, and go to state 198
    '~'                 shift, and go to state 32
    '!'                 shift, and go to state 33

    object_decl   go to state 39
    expr          go to state 199
    slot_acc      go to state 47
    intslot_acc   go to state 48
    stmt_expr     go to state 65
    funcall_expr  go to state 50
    assert_expr   go to state 51


State 128

  156 stmt_expr: slot_acc assign_op_struct •

    $default  reduce using rule 156 (stmt_expr)


State 129

   27 fn_decl_stmt: rwDEFINE IDENT '(' • var_list_decl ')' '{' statement_list '}'

    VAR  shift, and go to state 200

    $default  reduce using rule 29 (var_list_decl)

    var_list_decl  go to state 201
    var_list       go to state 202
    param          go to state 203


State 130

   28 fn_decl_stmt: rwDEFINE IDENT opCOLONCOLON • IDENT '(' var_list_decl ')' '{' statement_list '}'

    IDENT  shift, and go to state 204


State 131

   92 expr: expr • '^' expr
   93     | expr • '%' expr
   94     | expr • '&' expr
   95     | expr • '|' expr
   96     | expr • '+' expr
   97     | expr • '-' expr
   98     | expr • '*' expr
   99     | expr • '/' expr
  103     | expr • '?' expr ':' expr
  104     | expr • '<' expr
  105     | expr • '>' expr
  106     | expr • opGE expr
  107     | expr • opLE expr
  108     | expr • opEQ expr
  109     | expr • opNE expr
  110     | expr • opOR expr
  111     | expr • opSHL expr
  112     | expr • opSHR expr
  113     | expr • opAND expr
  114     | expr • opSTREQ expr
  115     | expr • opSTRNE expr
  116     | expr • '@' expr
  129 slot_acc: expr • '.' IDENT
  130         | expr • '.' IDENT '[' aidx_expr ']'
  131 intslot_acc: expr • opINTNAME class_name_expr
  132            | expr • opINTNAMER class_name_expr
  134 class_name_expr: '(' expr • ')'
  161 funcall_expr: expr • '.' IDENT '(' func_arg_list_decl ')'

    '+'         shift, and go to state 102
    '-'         shift, and go to state 103
    '*'         shift, and go to state 104
    '/'         shift, and go to state 105
    '<'         shift, and go to state 106
    '>'         shift, and go to state 107
    '.'         shift, and go to state 108
    '|'         shift, and go to state 109
    '&'         shift, and go to state 110
    '%'         shift, and go to state 111
    ')'         shift, and go to state 205
    '^'         shift, and go to state 112
    '@'         shift, and go to state 113
    opINTNAME   shift, and go to state 114
    opINTNAMER  shift, and go to state 115
    opSHL       shift, and go to state 116
    opSHR       shift, and go to state 117
    opEQ        shift, and go to state 118
    opNE        shift, and go to state 119
    opGE        shift, and go to state 120
    opLE        shift, and go to state 121
    opAND       shift, and go to state 122
    opOR        shift, and go to state 123
    opSTREQ     shift, and go to state 124
    opSTRNE     shift, and go to state 125
    '?'         shift, and go to state 126


State 132

   38 object_decl: rwDECLARE class_name_expr '(' • object_name parent_block object_args ')' '{' object_declare_block '}'
   39            | rwDECLARE class_name_expr '(' • object_name parent_block object_args ')'
   40            | rwDECLARE class_name_expr '(' • '[' object_name ']' parent_block object_args ')' '{' object_declare_block '}'
   41            | rwDECLARE class_name_expr '(' • '[' object_name ']' parent_block object_args ')'

    rwDECLARE           shift, and go to state 5
    rwDECLARESINGLETON  shift, and go to state 6
    rwBREAK             shift, and go to state 60
    rwASSERT            shift, and go to state 20
    INTCONST            shift, and go to state 21
    TTAG                shift, and go to state 61
    VAR                 shift, and go to state 23
    IDENT               shift, and go to state 24
    STRATOM             shift, and go to state 26
    TAGATOM             shift, and go to state 27
    FLTCONST            shift, and go to state 28
    '-'                 shift, and go to state 29
    '*'                 shift, and go to state 30
    '('                 shift, and go to state 31
    '~'                 shift, and go to state 32
    '!'                 shift, and go to state 33
    '['                 shift, and go to state 206

    $default  reduce using rule 46 (object_name)

    object_decl   go to state 39
    object_name   go to state 207
    expr          go to state 208
    slot_acc      go to state 47
    intslot_acc   go to state 48
    stmt_expr     go to state 65
    funcall_expr  go to state 50
    assert_expr   go to state 51


State 133

   42 object_decl: rwDECLARESINGLETON class_name_expr '(' • object_name parent_block object_args ')' '{' object_declare_block '}'
   43            | rwDECLARESINGLETON class_name_expr '(' • object_name parent_block object_args ')'

    rwDECLARE           shift, and go to state 5
    rwDECLARESINGLETON  shift, and go to state 6
    rwBREAK             shift, and go to state 60
    rwASSERT            shift, and go to state 20
    INTCONST            shift, and go to state 21
    TTAG                shift, and go to state 61
    VAR                 shift, and go to state 23
    IDENT               shift, and go to state 24
    STRATOM             shift, and go to state 26
    TAGATOM             shift, and go to state 27
    FLTCONST            shift, and go to state 28
    '-'                 shift, and go to state 29
    '*'                 shift, and go to state 30
    '('                 shift, and go to state 31
    '~'                 shift, and go to state 32
    '!'                 shift, and go to state 33

    $default  reduce using rule 46 (object_name)

    object_decl   go to state 39
    object_name   go to state 209
    expr          go to state 208
    slot_acc      go to state 47
    intslot_acc   go to state 48
    stmt_expr     go to state 65
    funcall_expr  go to state 50
    assert_expr   go to state 51


State 134

   65 if_stmt: rwIF '(' expr • ')' stmt_block
   66        | rwIF '(' expr • ')' stmt_block rwELSE stmt_block
   92 expr: expr • '^' expr
   93     | expr • '%' expr
   94     | expr • '&' expr
   95     | expr • '|' expr
   96     | expr • '+' expr
   97     | expr • '-' expr
   98     | expr • '*' expr
   99     | expr • '/' expr
  103     | expr • '?' expr ':' expr
  104     | expr • '<' expr
  105     | expr • '>' expr
  106     | expr • opGE expr
  107     | expr • opLE expr
  108     | expr • opEQ expr
  109     | expr • opNE expr
  110     | expr • opOR expr
  111     | expr • opSHL expr
  112     | expr • opSHR expr
  113     | expr • opAND expr
  114     | expr • opSTREQ expr
  115     | expr • opSTRNE expr
  116     | expr • '@' expr
  129 slot_acc: expr • '.' IDENT
  130         | expr • '.' IDENT '[' aidx_expr ']'
  131 intslot_acc: expr • opINTNAME class_name_expr
  132            | expr • opINTNAMER class_name_expr
  161 funcall_expr: expr • '.' IDENT '(' func_arg_list_decl ')'

    '+'         shift, and go to state 102
    '-'         shift, and go to state 103
    '*'         shift, and go to state 104
    '/'         shift, and go to state 105
    '<'         shift, and go to state 106
    '>'         shift, and go to state 107
    '.'         shift, and go to state 108
    '|'         shift, and go to state 109
    '&'         shift, and go to state 110
    '%'         shift, and go to state 111
    ')'         shift, and go to state 210
    '^'         shift, and go to state 112
    '@'         shift, and go to state 113
    opINTNAME   shift, and go to state 114
    opINTNAMER  shift, and go to state 115
    opSHL       shift, and go to state 116
    opSHR       shift, and go to state 117
    opEQ        shift, and go to state 118
    opNE        shift, and go to state 119
    opGE        shift, and go to state 120
    opLE        shift, and go to state 121
    opAND       shift, and go to state 122
    opOR        shift, and go to state 123
    opSTREQ     shift, and go to state 124
    opSTRNE     shift, and go to state 125
    '?'         shift, and go to state 126


State 135

   92 expr: expr • '^' expr
   93     | expr • '%' expr
   94     | expr • '&' expr
   95     | expr • '|' expr
   96     | expr • '+' expr
   97     | expr • '-' expr
   98     | expr • '*' expr
   99     | expr • '/' expr
  103     | expr • '?' expr ':' expr
  104     | expr • '<' expr
  105     | expr • '>' expr
  106     | expr • opGE expr
  107     | expr • opLE expr
  108     | expr • opEQ expr
  109     | expr • opNE expr
  110     | expr • opOR expr
  111     | expr • opSHL expr
  112     | expr • opSHR expr
  113     | expr • opAND expr
  114     | expr • opSTREQ expr
  115     | expr • opSTRNE expr
  116     | expr • '@' expr
  129 slot_acc: expr • '.' IDENT
  130         | expr • '.' IDENT '[' aidx_expr ']'
  131 intslot_acc: expr • opINTNAME class_name_expr
  132            | expr • opINTNAMER class_name_expr
  161 funcall_expr: expr • '.' IDENT '(' func_arg_list_decl ')'
  170 expr_list: expr •

    '+'         shift, and go to state 102
    '-'         shift, and go to state 103
    '*'         shift, and go to state 104
    '/'         shift, and go to state 105
    '<'         shift, and go to state 106
    '>'         shift, and go to state 107
    '.'         shift, and go to state 108
    '|'         shift, and go to state 109
    '&'         shift, and go to state 110
    '%'         shift, and go to state 111
    '^'         shift, and go to state 112
    '@'         shift, and go to state 113
    opINTNAME   shift, and go to state 114
    opINTNAMER  shift, and go to state 115
    opSHL       shift, and go to state 116
    opSHR       shift, and go to state 117
    opEQ        shift, and go to state 118
    opNE        shift, and go to state 119
    opGE        shift, and go to state 120
    opLE        shift, and go to state 121
    opAND       shift, and go to state 122
    opOR        shift, and go to state 123
    opSTREQ     shift, and go to state 124
    opSTRNE     shift, and go to state 125
    '?'         shift, and go to state 126

    $default  reduce using rule 170 (expr_list)


State 136

   22 stmt: rwRETURN '{' expr_list • '}' ';'
  171 expr_list: expr_list • ',' expr

    ','  shift, and go to state 211
    '}'  shift, and go to state 212


State 137

   21 stmt: rwRETURN expr ';' •

    $default  reduce using rule 21 (stmt)


State 138

   67 while_stmt: rwWHILE '(' expr • ')' stmt_block
   92 expr: expr • '^' expr
   93     | expr • '%' expr
   94     | expr • '&' expr
   95     | expr • '|' expr
   96     | expr • '+' expr
   97     | expr • '-' expr
   98     | expr • '*' expr
   99     | expr • '/' expr
  103     | expr • '?' expr ':' expr
  104     | expr • '<' expr
  105     | expr • '>' expr
  106     | expr • opGE expr
  107     | expr • opLE expr
  108     | expr • opEQ expr
  109     | expr • opNE expr
  110     | expr • opOR expr
  111     | expr • opSHL expr
  112     | expr • opSHR expr
  113     | expr • opAND expr
  114     | expr • opSTREQ expr
  115     | expr • opSTRNE expr
  116     | expr • '@' expr
  129 slot_acc: expr • '.' IDENT
  130         | expr • '.' IDENT '[' aidx_expr ']'
  131 intslot_acc: expr • opINTNAME class_name_expr
  132            | expr • opINTNAMER class_name_expr
  161 funcall_expr: expr • '.' IDENT '(' func_arg_list_decl ')'

    '+'         shift, and go to state 102
    '-'         shift, and go to state 103
    '*'         shift, and go to state 104
    '/'         shift, and go to state 105
    '<'         shift, and go to state 106
    '>'         shift, and go to state 107
    '.'         shift, and go to state 108
    '|'         shift, and go to state 109
    '&'         shift, and go to state 110
    '%'         shift, and go to state 111
    ')'         shift, and go to state 213
    '^'         shift, and go to state 112
    '@'         shift, and go to state 113
    opINTNAME   shift, and go to state 114
    opINTNAMER  shift, and go to state 115
    opSHL       shift, and go to state 116
    opSHR       shift, and go to state 117
    opEQ        shift, and go to state 118
    opNE        shift, and go to state 119
    opGE        shift, and go to state 120
    opLE        shift, and go to state 121
    opAND       shift, and go to state 122
    opOR        shift, and go to state 123
    opSTREQ     shift, and go to state 124
    opSTRNE     shift, and go to state 125
    '?'         shift, and go to state 126


State 139

   11 statement_list: statement_list • stmt
   56 stmt_block: '{' statement_list • '}'

    rwDECLARE           shift, and go to state 5
    rwDECLARESINGLETON  shift, and go to state 6
    rwBREAK             shift, and go to state 7
    rwCONTINUE          shift, and go to state 8
    rwIF                shift, and go to state 9
    rwRETURN            shift, and go to state 10
    rwWHILE             shift, and go to state 11
    rwDO                shift, and go to state 12
    rwFOR               shift, and go to state 13
    rwFOREACH           shift, and go to state 14
    rwFOREACHSTR        shift, and go to state 15
    rwDATABLOCK         shift, and go to state 16
    rwSWITCH            shift, and go to state 17
    rwSWITCHSTR         shift, and go to state 18
    rwASSERT            shift, and go to state 20
    INTCONST            shift, and go to state 21
    TTAG                shift, and go to state 22
    VAR                 shift, and go to state 23
    IDENT               shift, and go to state 24
    DOCBLOCK            shift, and go to state 25
    STRATOM             shift, and go to state 26
    TAGATOM             shift, and go to state 27
    FLTCONST            shift, and go to state 28
    '-'                 shift, and go to state 29
    '*'                 shift, and go to state 30
    '('                 shift, and go to state 31
    '}'                 shift, and go to state 214
    '~'                 shift, and go to state 32
    '!'                 shift, and go to state 33

    stmt             go to state 215
    datablock_decl   go to state 38
    object_decl      go to state 39
    switch_stmt      go to state 40
    if_stmt          go to state 41
    while_stmt       go to state 42
    for_stmt         go to state 43
    foreach_stmt     go to state 44
    expression_stmt  go to state 45
    expr             go to state 46
    slot_acc         go to state 47
    intslot_acc      go to state 48
    stmt_expr        go to state 49
    funcall_expr     go to state 50
    assert_expr      go to state 51


State 140

   68 while_stmt: rwDO stmt_block rwWHILE • '(' expr ')'

    '('  shift, and go to state 216


State 141

   77 for_stmt: rwFOR '(' VAR • rwIN expr opDOTDOT expr ')' stmt_block
   78         | rwFOR '(' VAR • rwIN rwRANGE expr opDOTDOT expr ')' stmt_block
   79         | rwFOR '(' VAR • rwIN expr opDOTDOT expr rwSTEP expr ')' stmt_block
   80         | rwFOR '(' VAR • rwIN rwRANGE expr opDOTDOT expr rwSTEP expr ')' stmt_block
   81         | rwFOR '(' VAR • rwIN rwRANGE expr ')' stmt_block
  127 expr: VAR •
  128     | VAR • '[' aidx_expr ']'
  150 stmt_expr: VAR • '=' expr
  151          | VAR • '=' '{' expr_list '}'
  152          | VAR • '[' aidx_expr ']' '=' expr
  153          | VAR • '[' aidx_expr ']' '=' '{' expr_list '}'
  154          | VAR • assign_op_struct
  155          | VAR • '[' aidx_expr ']' assign_op_struct

    rwIN          shift, and go to state 217
    '='           shift, and go to state 79
    opMINUSMINUS  shift, and go to state 80
    opPLUSPLUS    shift, and go to state 81
    opPLASN       shift, and go to state 82
    opMIASN       shift, and go to state 83
    opMLASN       shift, and go to state 84
    opDVASN       shift, and go to state 85
    opMODASN      shift, and go to state 86
    opANDASN      shift, and go to state 87
    opXORASN      shift, and go to state 88
    opORASN       shift, and go to state 89
    opSLASN       shift, and go to state 90
    opSRASN       shift, and go to state 91
    '['           shift, and go to state 92

    $default  reduce using rule 127 (expr)

    assign_op_struct  go to state 93


State 142

   73 for_stmt: rwFOR '(' ';' • expr ';' expr ')' stmt_block
   74         | rwFOR '(' ';' • expr ';' ')' stmt_block
   75         | rwFOR '(' ';' • ';' expr ')' stmt_block
   76         | rwFOR '(' ';' • ';' ')' stmt_block

    rwDECLARE           shift, and go to state 5
    rwDECLARESINGLETON  shift, and go to state 6
    rwBREAK             shift, and go to state 60
    rwASSERT            shift, and go to state 20
    INTCONST            shift, and go to state 21
    TTAG                shift, and go to state 61
    VAR                 shift, and go to state 23
    IDENT               shift, and go to state 24
    STRATOM             shift, and go to state 26
    TAGATOM             shift, and go to state 27
    FLTCONST            shift, and go to state 28
    '-'                 shift, and go to state 29
    '*'                 shift, and go to state 30
    '('                 shift, and go to state 31
    ';'                 shift, and go to state 218
    '~'                 shift, and go to state 32
    '!'                 shift, and go to state 33

    object_decl   go to state 39
    expr          go to state 219
    slot_acc      go to state 47
    intslot_acc   go to state 48
    stmt_expr     go to state 65
    funcall_expr  go to state 50
    assert_expr   go to state 51


State 143

   69 for_stmt: rwFOR '(' expr • ';' expr ';' expr ')' stmt_block
   70         | rwFOR '(' expr • ';' expr ';' ')' stmt_block
   71         | rwFOR '(' expr • ';' ';' expr ')' stmt_block
   72         | rwFOR '(' expr • ';' ';' ')' stmt_block
   92 expr: expr • '^' expr
   93     | expr • '%' expr
   94     | expr • '&' expr
   95     | expr • '|' expr
   96     | expr • '+' expr
   97     | expr • '-' expr
   98     | expr • '*' expr
   99     | expr • '/' expr
  103     | expr • '?' expr ':' expr
  104     | expr • '<' expr
  105     | expr • '>' expr
  106     | expr • opGE expr
  107     | expr • opLE expr
  108     | expr • opEQ expr
  109     | expr • opNE expr
  110     | expr • opOR expr
  111     | expr • opSHL expr
  112     | expr • opSHR expr
  113     | expr • opAND expr
  114     | expr • opSTREQ expr
  115     | expr • opSTRNE expr
  116     | expr • '@' expr
  129 slot_acc: expr • '.' IDENT
  130         | expr • '.' IDENT '[' aidx_expr ']'
  131 intslot_acc: expr • opINTNAME class_name_expr
  132            | expr • opINTNAMER class_name_expr
  161 funcall_expr: expr • '.' IDENT '(' func_arg_list_decl ')'

    '+'         shift, and go to state 102
    '-'         shift, and go to state 103
    '*'         shift, and go to state 104
    '/'         shift, and go to state 105
    '<'         shift, and go to state 106
    '>'         shift, and go to state 107
    '.'         shift, and go to state 108
    '|'         shift, and go to state 109
    '&'         shift, and go to state 110
    '%'         shift, and go to state 111
    ';'         shift, and go to state 220
    '^'         shift, and go to state 112
    '@'         shift, and go to state 113
    opINTNAME   shift, and go to state 114
    opINTNAMER  shift, and go to state 115
    opSHL       shift, and go to state 116
    opSHR       shift, and go to state 117
    opEQ        shift, and go to state 118
    opNE        shift, and go to state 119
    opGE        shift, and go to state 120
    opLE        shift, and go to state 121
    opAND       shift, and go to state 122
    opOR        shift, and go to state 123
    opSTREQ     shift, and go to state 124
    opSTRNE     shift, and go to state 125
    '?'         shift, and go to state 126


State 144

   82 foreach_stmt: rwFOREACH '(' VAR • rwIN expr ')' stmt_block
   84             | rwFOREACH '(' VAR • rwIN expr opDOTDOT expr ')' stmt_block
   85             | rwFOREACH '(' VAR • rwIN rwRANGE expr opDOTDOT expr ')' stmt_block
   86             | rwFOREACH '(' VAR • rwIN expr opDOTDOT expr rwSTEP expr ')' stmt_block
   87             | rwFOREACH '(' VAR • rwIN rwRANGE expr opDOTDOT expr rwSTEP expr ')' stmt_block
   88             | rwFOREACH '(' VAR • rwIN rwRANGE expr ')' stmt_block

    rwIN  shift, and go to state 221


State 145

   83 foreach_stmt: rwFOREACHSTR '(' VAR • rwIN expr ')' stmt_block

    rwIN  shift, and go to state 222


State 146

   37 datablock_decl: rwDATABLOCK class_name_expr '(' • expr parent_block ')' '{' slot_assign_list_opt '}' ';'

    rwDECLARE           shift, and go to state 5
    rwDECLARESINGLETON  shift, and go to state 6
    rwBREAK             shift, and go to state 60
    rwASSERT            shift, and go to state 20
    INTCONST            shift, and go to state 21
    TTAG                shift, and go to state 61
    VAR                 shift, and go to state 23
    IDENT               shift, and go to state 24
    STRATOM             shift, and go to state 26
    TAGATOM             shift, and go to state 27
    FLTCONST            shift, and go to state 28
    '-'                 shift, and go to state 29
    '*'                 shift, and go to state 30
    '('                 shift, and go to state 31
    '~'                 shift, and go to state 32
    '!'                 shift, and go to state 33

    object_decl   go to state 39
    expr          go to state 223
    slot_acc      go to state 47
    intslot_acc   go to state 48
    stmt_expr     go to state 65
    funcall_expr  go to state 50
    assert_expr   go to state 51


State 147

   58 switch_stmt: rwSWITCH '(' expr • ')' '{' case_block '}'
   92 expr: expr • '^' expr
   93     | expr • '%' expr
   94     | expr • '&' expr
   95     | expr • '|' expr
   96     | expr • '+' expr
   97     | expr • '-' expr
   98     | expr • '*' expr
   99     | expr • '/' expr
  103     | expr • '?' expr ':' expr
  104     | expr • '<' expr
  105     | expr • '>' expr
  106     | expr • opGE expr
  107     | expr • opLE expr
  108     | expr • opEQ expr
  109     | expr • opNE expr
  110     | expr • opOR expr
  111     | expr • opSHL expr
  112     | expr • opSHR expr
  113     | expr • opAND expr
  114     | expr • opSTREQ expr
  115     | expr • opSTRNE expr
  116     | expr • '@' expr
  129 slot_acc: expr • '.' IDENT
  130         | expr • '.' IDENT '[' aidx_expr ']'
  131 intslot_acc: expr • opINTNAME class_name_expr
  132            | expr • opINTNAMER class_name_expr
  161 funcall_expr: expr • '.' IDENT '(' func_arg_list_decl ')'

    '+'         shift, and go to state 102
    '-'         shift, and go to state 103
    '*'         shift, and go to state 104
    '/'         shift, and go to state 105
    '<'         shift, and go to state 106
    '>'         shift, and go to state 107
    '.'         shift, and go to state 108
    '|'         shift, and go to state 109
    '&'         shift, and go to state 110
    '%'         shift, and go to state 111
    ')'         shift, and go to state 224
    '^'         shift, and go to state 112
    '@'         shift, and go to state 113
    opINTNAME   shift, and go to state 114
    opINTNAMER  shift, and go to state 115
    opSHL       shift, and go to state 116
    opSHR       shift, and go to state 117
    opEQ        shift, and go to state 118
    opNE        shift, and go to state 119
    opGE        shift, and go to state 120
    opLE        shift, and go to state 121
    opAND       shift, and go to state 122
    opOR        shift, and go to state 123
    opSTREQ     shift, and go to state 124
    opSTRNE     shift, and go to state 125
    '?'         shift, and go to state 126


State 148

   59 switch_stmt: rwSWITCHSTR '(' expr • ')' '{' case_block '}'
   92 expr: expr • '^' expr
   93     | expr • '%' expr
   94     | expr • '&' expr
   95     | expr • '|' expr
   96     | expr • '+' expr
   97     | expr • '-' expr
   98     | expr • '*' expr
   99     | expr • '/' expr
  103     | expr • '?' expr ':' expr
  104     | expr • '<' expr
  105     | expr • '>' expr
  106     | expr • opGE expr
  107     | expr • opLE expr
  108     | expr • opEQ expr
  109     | expr • opNE expr
  110     | expr • opOR expr
  111     | expr • opSHL expr
  112     | expr • opSHR expr
  113     | expr • opAND expr
  114     | expr • opSTREQ expr
  115     | expr • opSTRNE expr
  116     | expr • '@' expr
  129 slot_acc: expr • '.' IDENT
  130         | expr • '.' IDENT '[' aidx_expr ']'
  131 intslot_acc: expr • opINTNAME class_name_expr
  132            | expr • opINTNAMER class_name_expr
  161 funcall_expr: expr • '.' IDENT '(' func_arg_list_decl ')'

    '+'         shift, and go to state 102
    '-'         shift, and go to state 103
    '*'         shift, and go to state 104
    '/'         shift, and go to state 105
    '<'         shift, and go to state 106
    '>'         shift, and go to state 107
    '.'         shift, and go to state 108
    '|'         shift, and go to state 109
    '&'         shift, and go to state 110
    '%'         shift, and go to state 111
    ')'         shift, and go to state 225
    '^'         shift, and go to state 112
    '@'         shift, and go to state 113
    opINTNAME   shift, and go to state 114
    opINTNAMER  shift, and go to state 115
    opSHL       shift, and go to state 116
    opSHR       shift, and go to state 117
    opEQ        shift, and go to state 118
    opNE        shift, and go to state 119
    opGE        shift, and go to state 120
    opLE        shift, and go to state 121
    opAND       shift, and go to state 122
    opOR        shift, and go to state 123
    opSTREQ     shift, and go to state 124
    opSTRNE     shift, and go to state 125
    '?'         shift, and go to state 126


State 149

    7 package_decl: rwPACKAGE IDENT '{' • fn_decl_list '}' ';'

    rwDEFINE  shift, and go to state 4

    fn_decl_list  go to state 226
    fn_decl_stmt  go to state 227


State 150

   92 expr: expr • '^' expr
   93     | expr • '%' expr
   94     | expr • '&' expr
   95     | expr • '|' expr
   96     | expr • '+' expr
   97     | expr • '-' expr
   98     | expr • '*' expr
   99     | expr • '/' expr
  103     | expr • '?' expr ':' expr
  104     | expr • '<' expr
  105     | expr • '>' expr
  106     | expr • opGE expr
  107     | expr • opLE expr
  108     | expr • opEQ expr
  109     | expr • opNE expr
  110     | expr • opOR expr
  111     | expr • opSHL expr
  112     | expr • opSHR expr
  113     | expr • opAND expr
  114     | expr • opSTREQ expr
  115     | expr • opSTRNE expr
  116     | expr • '@' expr
  129 slot_acc: expr • '.' IDENT
  130         | expr • '.' IDENT '[' aidx_expr ']'
  131 intslot_acc: expr • opINTNAME class_name_expr
  132            | expr • opINTNAMER class_name_expr
  161 funcall_expr: expr • '.' IDENT '(' func_arg_list_decl ')'
  168 assert_expr: rwASSERT '(' expr • ')'
  169            | rwASSERT '(' expr • ',' STRATOM ')'

    '+'         shift, and go to state 102
    '-'         shift, and go to state 103
    '*'         shift, and go to state 104
    '/'         shift, and go to state 105
    '<'         shift, and go to state 106
    '>'         shift, and go to state 107
    '.'         shift, and go to state 108
    '|'         shift, and go to state 109
    '&'         shift, and go to state 110
    '%'         shift, and go to state 111
    ')'         shift, and go to state 228
    ','         shift, and go to state 229
    '^'         shift, and go to state 112
    '@'         shift, and go to state 113
    opINTNAME   shift, and go to state 114
    opINTNAMER  shift, and go to state 115
    opSHL       shift, and go to state 116
    opSHR       shift, and go to state 117
    opEQ        shift, and go to state 118
    opNE        shift, and go to state 119
    opGE        shift, and go to state 120
    opLE        shift, and go to state 121
    opAND       shift, and go to state 122
    opOR        shift, and go to state 123
    opSTREQ     shift, and go to state 124
    opSTRNE     shift, and go to state 125
    '?'         shift, and go to state 126


State 151

   24 stmt: TTAG '=' expr • ';'
   25     | TTAG '=' expr • ',' expr ';'
   92 expr: expr • '^' expr
   93     | expr • '%' expr
   94     | expr • '&' expr
   95     | expr • '|' expr
   96     | expr • '+' expr
   97     | expr • '-' expr
   98     | expr • '*' expr
   99     | expr • '/' expr
  103     | expr • '?' expr ':' expr
  104     | expr • '<' expr
  105     | expr • '>' expr
  106     | expr • opGE expr
  107     | expr • opLE expr
  108     | expr • opEQ expr
  109     | expr • opNE expr
  110     | expr • opOR expr
  111     | expr • opSHL expr
  112     | expr • opSHR expr
  113     | expr • opAND expr
  114     | expr • opSTREQ expr
  115     | expr • opSTRNE expr
  116     | expr • '@' expr
  129 slot_acc: expr • '.' IDENT
  130         | expr • '.' IDENT '[' aidx_expr ']'
  131 intslot_acc: expr • opINTNAME class_name_expr
  132            | expr • opINTNAMER class_name_expr
  161 funcall_expr: expr • '.' IDENT '(' func_arg_list_decl ')'

    '+'         shift, and go to state 102
    '-'         shift, and go to state 103
    '*'         shift, and go to state 104
    '/'         shift, and go to state 105
    '<'         shift, and go to state 106
    '>'         shift, and go to state 107
    '.'         shift, and go to state 108
    '|'         shift, and go to state 109
    '&'         shift, and go to state 110
    '%'         shift, and go to state 111
    ','         shift, and go to state 230
    ';'         shift, and go to state 231
    '^'         shift, and go to state 112
    '@'         shift, and go to state 113
    opINTNAME   shift, and go to state 114
    opINTNAMER  shift, and go to state 115
    opSHL       shift, and go to state 116
    opSHR       shift, and go to state 117
    opEQ        shift, and go to state 118
    opNE        shift, and go to state 119
    opGE        shift, and go to state 120
    opLE        shift, and go to state 121
    opAND       shift, and go to state 122
    opOR        shift, and go to state 123
    opSTREQ     shift, and go to state 124
    opSTRNE     shift, and go to state 125
    '?'         shift, and go to state 126


State 152

  151 stmt_expr: VAR '=' '{' • expr_list '}'

    rwDECLARE           shift, and go to state 5
    rwDECLARESINGLETON  shift, and go to state 6
    rwBREAK             shift, and go to state 60
    rwASSERT            shift, and go to state 20
    INTCONST            shift, and go to state 21
    TTAG                shift, and go to state 61
    VAR                 shift, and go to state 23
    IDENT               shift, and go to state 24
    STRATOM             shift, and go to state 26
    TAGATOM             shift, and go to state 27
    FLTCONST            shift, and go to state 28
    '-'                 shift, and go to state 29
    '*'                 shift, and go to state 30
    '('                 shift, and go to state 31
    '~'                 shift, and go to state 32
    '!'                 shift, and go to state 33

    object_decl   go to state 39
    expr          go to state 135
    slot_acc      go to state 47
    intslot_acc   go to state 48
    stmt_expr     go to state 65
    funcall_expr  go to state 50
    assert_expr   go to state 51
    expr_list     go to state 232


State 153

   92 expr: expr • '^' expr
   93     | expr • '%' expr
   94     | expr • '&' expr
   95     | expr • '|' expr
   96     | expr • '+' expr
   97     | expr • '-' expr
   98     | expr • '*' expr
   99     | expr • '/' expr
  103     | expr • '?' expr ':' expr
  104     | expr • '<' expr
  105     | expr • '>' expr
  106     | expr • opGE expr
  107     | expr • opLE expr
  108     | expr • opEQ expr
  109     | expr • opNE expr
  110     | expr • opOR expr
  111     | expr • opSHL expr
  112     | expr • opSHR expr
  113     | expr • opAND expr
  114     | expr • opSTREQ expr
  115     | expr • opSTRNE expr
  116     | expr • '@' expr
  129 slot_acc: expr • '.' IDENT
  130         | expr • '.' IDENT '[' aidx_expr ']'
  131 intslot_acc: expr • opINTNAME class_name_expr
  132            | expr • opINTNAMER class_name_expr
  150 stmt_expr: VAR '=' expr •
  161 funcall_expr: expr • '.' IDENT '(' func_arg_list_decl ')'

    '+'         shift, and go to state 102
    '-'         shift, and go to state 103
    '*'         shift, and go to state 104
    '/'         shift, and go to state 105
    '<'         shift, and go to state 106
    '>'         shift, and go to state 107
    '.'         shift, and go to state 108
    '|'         shift, and go to state 109
    '&'         shift, and go to state 110
    '%'         shift, and go to state 111
    '^'         shift, and go to state 112
    '@'         shift, and go to state 113
    opINTNAME   shift, and go to state 114
    opINTNAMER  shift, and go to state 115
    opSHL       shift, and go to state 116
    opSHR       shift, and go to state 117
    opEQ        shift, and go to state 118
    opNE        shift, and go to state 119
    opGE        shift, and go to state 120
    opLE        shift, and go to state 121
    opAND       shift, and go to state 122
    opOR        shift, and go to state 123
    opSTREQ     shift, and go to state 124
    opSTRNE     shift, and go to state 125
    '?'         shift, and go to state 126

    $default  reduce using rule 150 (stmt_expr)


State 154

   92 expr: expr • '^' expr
   93     | expr • '%' expr
   94     | expr • '&' expr
   95     | expr • '|' expr
   96     | expr • '+' expr
   97     | expr • '-' expr
   98     | expr • '*' expr
   99     | expr • '/' expr
  103     | expr • '?' expr ':' expr
  104     | expr • '<' expr
  105     | expr • '>' expr
  106     | expr • opGE expr
  107     | expr • opLE expr
  108     | expr • opEQ expr
  109     | expr • opNE expr
  110     | expr • opOR expr
  111     | expr • opSHL expr
  112     | expr • opSHR expr
  113     | expr • opAND expr
  114     | expr • opSTREQ expr
  115     | expr • opSTRNE expr
  116     | expr • '@' expr
  129 slot_acc: expr • '.' IDENT
  130         | expr • '.' IDENT '[' aidx_expr ']'
  131 intslot_acc: expr • opINTNAME class_name_expr
  132            | expr • opINTNAMER class_name_expr
  137 assign_op_struct: opPLASN expr •
  161 funcall_expr: expr • '.' IDENT '(' func_arg_list_decl ')'

    '+'         shift, and go to state 102
    '-'         shift, and go to state 103
    '*'         shift, and go to state 104
    '/'         shift, and go to state 105
    '<'         shift, and go to state 106
    '>'         shift, and go to state 107
    '.'         shift, and go to state 108
    '|'         shift, and go to state 109
    '&'         shift, and go to state 110
    '%'         shift, and go to state 111
    '^'         shift, and go to state 112
    '@'         shift, and go to state 113
    opINTNAME   shift, and go to state 114
    opINTNAMER  shift, and go to state 115
    opSHL       shift, and go to state 116
    opSHR       shift, and go to state 117
    opEQ        shift, and go to state 118
    opNE        shift, and go to state 119
    opGE        shift, and go to state 120
    opLE        shift, and go to state 121
    opAND       shift, and go to state 122
    opOR        shift, and go to state 123
    opSTREQ     shift, and go to state 124
    opSTRNE     shift, and go to state 125
    '?'         shift, and go to state 126

    $default  reduce using rule 137 (assign_op_struct)


State 155

   92 expr: expr • '^' expr
   93     | expr • '%' expr
   94     | expr • '&' expr
   95     | expr • '|' expr
   96     | expr • '+' expr
   97     | expr • '-' expr
   98     | expr • '*' expr
   99     | expr • '/' expr
  103     | expr • '?' expr ':' expr
  104     | expr • '<' expr
  105     | expr • '>' expr
  106     | expr • opGE expr
  107     | expr • opLE expr
  108     | expr • opEQ expr
  109     | expr • opNE expr
  110     | expr • opOR expr
  111     | expr • opSHL expr
  112     | expr • opSHR expr
  113     | expr • opAND expr
  114     | expr • opSTREQ expr
  115     | expr • opSTRNE expr
  116     | expr • '@' expr
  129 slot_acc: expr • '.' IDENT
  130         | expr • '.' IDENT '[' aidx_expr ']'
  131 intslot_acc: expr • opINTNAME class_name_expr
  132            | expr • opINTNAMER class_name_expr
  138 assign_op_struct: opMIASN expr •
  161 funcall_expr: expr • '.' IDENT '(' func_arg_list_decl ')'

    '+'         shift, and go to state 102
    '-'         shift, and go to state 103
    '*'         shift, and go to state 104
    '/'         shift, and go to state 105
    '<'         shift, and go to state 106
    '>'         shift, and go to state 107
    '.'         shift, and go to state 108
    '|'         shift, and go to state 109
    '&'         shift, and go to state 110
    '%'         shift, and go to state 111
    '^'         shift, and go to state 112
    '@'         shift, and go to state 113
    opINTNAME   shift, and go to state 114
    opINTNAMER  shift, and go to state 115
    opSHL       shift, and go to state 116
    opSHR       shift, and go to state 117
    opEQ        shift, and go to state 118
    opNE        shift, and go to state 119
    opGE        shift, and go to state 120
    opLE        shift, and go to state 121
    opAND       shift, and go to state 122
    opOR        shift, and go to state 123
    opSTREQ     shift, and go to state 124
    opSTRNE     shift, and go to state 125
    '?'         shift, and go to state 126

    $default  reduce using rule 138 (assign_op_struct)


State 156

   92 expr: expr • '^' expr
   93     | expr • '%' expr
   94     | expr • '&' expr
   95     | expr • '|' expr
   96     | expr • '+' expr
   97     | expr • '-' expr
   98     | expr • '*' expr
   99     | expr • '/' expr
  103     | expr • '?' expr ':' expr
  104     | expr • '<' expr
  105     | expr • '>' expr
  106     | expr • opGE expr
  107     | expr • opLE expr
  108     | expr • opEQ expr
  109     | expr • opNE expr
  110     | expr • opOR expr
  111     | expr • opSHL expr
  112     | expr • opSHR expr
  113     | expr • opAND expr
  114     | expr • opSTREQ expr
  115     | expr • opSTRNE expr
  116     | expr • '@' expr
  129 slot_acc: expr • '.' IDENT
  130         | expr • '.' IDENT '[' aidx_expr ']'
  131 intslot_acc: expr • opINTNAME class_name_expr
  132            | expr • opINTNAMER class_name_expr
  139 assign_op_struct: opMLASN expr •
  161 funcall_expr: expr • '.' IDENT '(' func_arg_list_decl ')'

    '+'         shift, and go to state 102
    '-'         shift, and go to state 103
    '*'         shift, and go to state 104
    '/'         shift, and go to state 105
    '<'         shift, and go to state 106
    '>'         shift, and go to state 107
    '.'         shift, and go to state 108
    '|'         shift, and go to state 109
    '&'         shift, and go to state 110
    '%'         shift, and go to state 111
    '^'         shift, and go to state 112
    '@'         shift, and go to state 113
    opINTNAME   shift, and go to state 114
    opINTNAMER  shift, and go to state 115
    opSHL       shift, and go to state 116
    opSHR       shift, and go to state 117
    opEQ        shift, and go to state 118
    opNE        shift, and go to state 119
    opGE        shift, and go to state 120
    opLE        shift, and go to state 121
    opAND       shift, and go to state 122
    opOR        shift, and go to state 123
    opSTREQ     shift, and go to state 124
    opSTRNE     shift, and go to state 125
    '?'         shift, and go to state 126

    $default  reduce using rule 139 (assign_op_struct)


State 157

   92 expr: expr • '^' expr
   93     | expr • '%' expr
   94     | expr • '&' expr
   95     | expr • '|' expr
   96     | expr • '+' expr
   97     | expr • '-' expr
   98     | expr • '*' expr
   99     | expr • '/' expr
  103     | expr • '?' expr ':' expr
  104     | expr • '<' expr
  105     | expr • '>' expr
  106     | expr • opGE expr
  107     | expr • opLE expr
  108     | expr • opEQ expr
  109     | expr • opNE expr
  110     | expr • opOR expr
  111     | expr • opSHL expr
  112     | expr • opSHR expr
  113     | expr • opAND expr
  114     | expr • opSTREQ expr
  115     | expr • opSTRNE expr
  116     | expr • '@' expr
  129 slot_acc: expr • '.' IDENT
  130         | expr • '.' IDENT '[' aidx_expr ']'
  131 intslot_acc: expr • opINTNAME class_name_expr
  132            | expr • opINTNAMER class_name_expr
  140 assign_op_struct: opDVASN expr •
  161 funcall_expr: expr • '.' IDENT '(' func_arg_list_decl ')'

    '+'         shift, and go to state 102
    '-'         shift, and go to state 103
    '*'         shift, and go to state 104
    '/'         shift, and go to state 105
    '<'         shift, and go to state 106
    '>'         shift, and go to state 107
    '.'         shift, and go to state 108
    '|'         shift, and go to state 109
    '&'         shift, and go to state 110
    '%'         shift, and go to state 111
    '^'         shift, and go to state 112
    '@'         shift, and go to state 113
    opINTNAME   shift, and go to state 114
    opINTNAMER  shift, and go to state 115
    opSHL       shift, and go to state 116
    opSHR       shift, and go to state 117
    opEQ        shift, and go to state 118
    opNE        shift, and go to state 119
    opGE        shift, and go to state 120
    opLE        shift, and go to state 121
    opAND       shift, and go to state 122
    opOR        shift, and go to state 123
    opSTREQ     shift, and go to state 124
    opSTRNE     shift, and go to state 125
    '?'         shift, and go to state 126

    $default  reduce using rule 140 (assign_op_struct)


State 158

   92 expr: expr • '^' expr
   93     | expr • '%' expr
   94     | expr • '&' expr
   95     | expr • '|' expr
   96     | expr • '+' expr
   97     | expr • '-' expr
   98     | expr • '*' expr
   99     | expr • '/' expr
  103     | expr • '?' expr ':' expr
  104     | expr • '<' expr
  105     | expr • '>' expr
  106     | expr • opGE expr
  107     | expr • opLE expr
  108     | expr • opEQ expr
  109     | expr • opNE expr
  110     | expr • opOR expr
  111     | expr • opSHL expr
  112     | expr • opSHR expr
  113     | expr • opAND expr
  114     | expr • opSTREQ expr
  115     | expr • opSTRNE expr
  116     | expr • '@' expr
  129 slot_acc: expr • '.' IDENT
  130         | expr • '.' IDENT '[' aidx_expr ']'
  131 intslot_acc: expr • opINTNAME class_name_expr
  132            | expr • opINTNAMER class_name_expr
  141 assign_op_struct: opMODASN expr •
  161 funcall_expr: expr • '.' IDENT '(' func_arg_list_decl ')'

    '+'         shift, and go to state 102
    '-'         shift, and go to state 103
    '*'         shift, and go to state 104
    '/'         shift, and go to state 105
    '<'         shift, and go to state 106
    '>'         shift, and go to state 107
    '.'         shift, and go to state 108
    '|'         shift, and go to state 109
    '&'         shift, and go to state 110
    '%'         shift, and go to state 111
    '^'         shift, and go to state 112
    '@'         shift, and go to state 113
    opINTNAME   shift, and go to state 114
    opINTNAMER  shift, and go to state 115
    opSHL       shift, and go to state 116
    opSHR       shift, and go to state 117
    opEQ        shift, and go to state 118
    opNE        shift, and go to state 119
    opGE        shift, and go to state 120
    opLE        shift, and go to state 121
    opAND       shift, and go to state 122
    opOR        shift, and go to state 123
    opSTREQ     shift, and go to state 124
    opSTRNE     shift, and go to state 125
    '?'         shift, and go to state 126

    $default  reduce using rule 141 (assign_op_struct)


State 159

   92 expr: expr • '^' expr
   93     | expr • '%' expr
   94     | expr • '&' expr
   95     | expr • '|' expr
   96     | expr • '+' expr
   97     | expr • '-' expr
   98     | expr • '*' expr
   99     | expr • '/' expr
  103     | expr • '?' expr ':' expr
  104     | expr • '<' expr
  105     | expr • '>' expr
  106     | expr • opGE expr
  107     | expr • opLE expr
  108     | expr • opEQ expr
  109     | expr • opNE expr
  110     | expr • opOR expr
  111     | expr • opSHL expr
  112     | expr • opSHR expr
  113     | expr • opAND expr
  114     | expr • opSTREQ expr
  115     | expr • opSTRNE expr
  116     | expr • '@' expr
  129 slot_acc: expr • '.' IDENT
  130         | expr • '.' IDENT '[' aidx_expr ']'
  131 intslot_acc: expr • opINTNAME class_name_expr
  132            | expr • opINTNAMER class_name_expr
  142 assign_op_struct: opANDASN expr •
  161 funcall_expr: expr • '.' IDENT '(' func_arg_list_decl ')'

    '+'         shift, and go to state 102
    '-'         shift, and go to state 103
    '*'         shift, and go to state 104
    '/'         shift, and go to state 105
    '<'         shift, and go to state 106
    '>'         shift, and go to state 107
    '.'         shift, and go to state 108
    '|'         shift, and go to state 109
    '&'         shift, and go to state 110
    '%'         shift, and go to state 111
    '^'         shift, and go to state 112
    '@'         shift, and go to state 113
    opINTNAME   shift, and go to state 114
    opINTNAMER  shift, and go to state 115
    opSHL       shift, and go to state 116
    opSHR       shift, and go to state 117
    opEQ        shift, and go to state 118
    opNE        shift, and go to state 119
    opGE        shift, and go to state 120
    opLE        shift, and go to state 121
    opAND       shift, and go to state 122
    opOR        shift, and go to state 123
    opSTREQ     shift, and go to state 124
    opSTRNE     shift, and go to state 125
    '?'         shift, and go to state 126

    $default  reduce using rule 142 (assign_op_struct)


State 160

   92 expr: expr • '^' expr
   93     | expr • '%' expr
   94     | expr • '&' expr
   95     | expr • '|' expr
   96     | expr • '+' expr
   97     | expr • '-' expr
   98     | expr • '*' expr
   99     | expr • '/' expr
  103     | expr • '?' expr ':' expr
  104     | expr • '<' expr
  105     | expr • '>' expr
  106     | expr • opGE expr
  107     | expr • opLE expr
  108     | expr • opEQ expr
  109     | expr • opNE expr
  110     | expr • opOR expr
  111     | expr • opSHL expr
  112     | expr • opSHR expr
  113     | expr • opAND expr
  114     | expr • opSTREQ expr
  115     | expr • opSTRNE expr
  116     | expr • '@' expr
  129 slot_acc: expr • '.' IDENT
  130         | expr • '.' IDENT '[' aidx_expr ']'
  131 intslot_acc: expr • opINTNAME class_name_expr
  132            | expr • opINTNAMER class_name_expr
  143 assign_op_struct: opXORASN expr •
  161 funcall_expr: expr • '.' IDENT '(' func_arg_list_decl ')'

    '+'         shift, and go to state 102
    '-'         shift, and go to state 103
    '*'         shift, and go to state 104
    '/'         shift, and go to state 105
    '<'         shift, and go to state 106
    '>'         shift, and go to state 107
    '.'         shift, and go to state 108
    '|'         shift, and go to state 109
    '&'         shift, and go to state 110
    '%'         shift, and go to state 111
    '^'         shift, and go to state 112
    '@'         shift, and go to state 113
    opINTNAME   shift, and go to state 114
    opINTNAMER  shift, and go to state 115
    opSHL       shift, and go to state 116
    opSHR       shift, and go to state 117
    opEQ        shift, and go to state 118
    opNE        shift, and go to state 119
    opGE        shift, and go to state 120
    opLE        shift, and go to state 121
    opAND       shift, and go to state 122
    opOR        shift, and go to state 123
    opSTREQ     shift, and go to state 124
    opSTRNE     shift, and go to state 125
    '?'         shift, and go to state 126

    $default  reduce using rule 143 (assign_op_struct)


State 161

   92 expr: expr • '^' expr
   93     | expr • '%' expr
   94     | expr • '&' expr
   95     | expr • '|' expr
   96     | expr • '+' expr
   97     | expr • '-' expr
   98     | expr • '*' expr
   99     | expr • '/' expr
  103     | expr • '?' expr ':' expr
  104     | expr • '<' expr
  105     | expr • '>' expr
  106     | expr • opGE expr
  107     | expr • opLE expr
  108     | expr • opEQ expr
  109     | expr • opNE expr
  110     | expr • opOR expr
  111     | expr • opSHL expr
  112     | expr • opSHR expr
  113     | expr • opAND expr
  114     | expr • opSTREQ expr
  115     | expr • opSTRNE expr
  116     | expr • '@' expr
  129 slot_acc: expr • '.' IDENT
  130         | expr • '.' IDENT '[' aidx_expr ']'
  131 intslot_acc: expr • opINTNAME class_name_expr
  132            | expr • opINTNAMER class_name_expr
  144 assign_op_struct: opORASN expr •
  161 funcall_expr: expr • '.' IDENT '(' func_arg_list_decl ')'

    '+'         shift, and go to state 102
    '-'         shift, and go to state 103
    '*'         shift, and go to state 104
    '/'         shift, and go to state 105
    '<'         shift, and go to state 106
    '>'         shift, and go to state 107
    '.'         shift, and go to state 108
    '|'         shift, and go to state 109
    '&'         shift, and go to state 110
    '%'         shift, and go to state 111
    '^'         shift, and go to state 112
    '@'         shift, and go to state 113
    opINTNAME   shift, and go to state 114
    opINTNAMER  shift, and go to state 115
    opSHL       shift, and go to state 116
    opSHR       shift, and go to state 117
    opEQ        shift, and go to state 118
    opNE        shift, and go to state 119
    opGE        shift, and go to state 120
    opLE        shift, and go to state 121
    opAND       shift, and go to state 122
    opOR        shift, and go to state 123
    opSTREQ     shift, and go to state 124
    opSTRNE     shift, and go to state 125
    '?'         shift, and go to state 126

    $default  reduce using rule 144 (assign_op_struct)


State 162

   92 expr: expr • '^' expr
   93     | expr • '%' expr
   94     | expr • '&' expr
   95     | expr • '|' expr
   96     | expr • '+' expr
   97     | expr • '-' expr
   98     | expr • '*' expr
   99     | expr • '/' expr
  103     | expr • '?' expr ':' expr
  104     | expr • '<' expr
  105     | expr • '>' expr
  106     | expr • opGE expr
  107     | expr • opLE expr
  108     | expr • opEQ expr
  109     | expr • opNE expr
  110     | expr • opOR expr
  111     | expr • opSHL expr
  112     | expr • opSHR expr
  113     | expr • opAND expr
  114     | expr • opSTREQ expr
  115     | expr • opSTRNE expr
  116     | expr • '@' expr
  129 slot_acc: expr • '.' IDENT
  130         | expr • '.' IDENT '[' aidx_expr ']'
  131 intslot_acc: expr • opINTNAME class_name_expr
  132            | expr • opINTNAMER class_name_expr
  145 assign_op_struct: opSLASN expr •
  161 funcall_expr: expr • '.' IDENT '(' func_arg_list_decl ')'

    '+'         shift, and go to state 102
    '-'         shift, and go to state 103
    '*'         shift, and go to state 104
    '/'         shift, and go to state 105
    '<'         shift, and go to state 106
    '>'         shift, and go to state 107
    '.'         shift, and go to state 108
    '|'         shift, and go to state 109
    '&'         shift, and go to state 110
    '%'         shift, and go to state 111
    '^'         shift, and go to state 112
    '@'         shift, and go to state 113
    opINTNAME   shift, and go to state 114
    opINTNAMER  shift, and go to state 115
    opSHL       shift, and go to state 116
    opSHR       shift, and go to state 117
    opEQ        shift, and go to state 118
    opNE        shift, and go to state 119
    opGE        shift, and go to state 120
    opLE        shift, and go to state 121
    opAND       shift, and go to state 122
    opOR        shift, and go to state 123
    opSTREQ     shift, and go to state 124
    opSTRNE     shift, and go to state 125
    '?'         shift, and go to state 126

    $default  reduce using rule 145 (assign_op_struct)


State 163

   92 expr: expr • '^' expr
   93     | expr • '%' expr
   94     | expr • '&' expr
   95     | expr • '|' expr
   96     | expr • '+' expr
   97     | expr • '-' expr
   98     | expr • '*' expr
   99     | expr • '/' expr
  103     | expr • '?' expr ':' expr
  104     | expr • '<' expr
  105     | expr • '>' expr
  106     | expr • opGE expr
  107     | expr • opLE expr
  108     | expr • opEQ expr
  109     | expr • opNE expr
  110     | expr • opOR expr
  111     | expr • opSHL expr
  112     | expr • opSHR expr
  113     | expr • opAND expr
  114     | expr • opSTREQ expr
  115     | expr • opSTRNE expr
  116     | expr • '@' expr
  129 slot_acc: expr • '.' IDENT
  130         | expr • '.' IDENT '[' aidx_expr ']'
  131 intslot_acc: expr • opINTNAME class_name_expr
  132            | expr • opINTNAMER class_name_expr
  146 assign_op_struct: opSRASN expr •
  161 funcall_expr: expr • '.' IDENT '(' func_arg_list_decl ')'

    '+'         shift, and go to state 102
    '-'         shift, and go to state 103
    '*'         shift, and go to state 104
    '/'         shift, and go to state 105
    '<'         shift, and go to state 106
    '>'         shift, and go to state 107
    '.'         shift, and go to state 108
    '|'         shift, and go to state 109
    '&'         shift, and go to state 110
    '%'         shift, and go to state 111
    '^'         shift, and go to state 112
    '@'         shift, and go to state 113
    opINTNAME   shift, and go to state 114
    opINTNAMER  shift, and go to state 115
    opSHL       shift, and go to state 116
    opSHR       shift, and go to state 117
    opEQ        shift, and go to state 118
    opNE        shift, and go to state 119
    opGE        shift, and go to state 120
    opLE        shift, and go to state 121
    opAND       shift, and go to state 122
    opOR        shift, and go to state 123
    opSTREQ     shift, and go to state 124
    opSTRNE     shift, and go to state 125
    '?'         shift, and go to state 126

    $default  reduce using rule 146 (assign_op_struct)


State 164

   92 expr: expr • '^' expr
   93     | expr • '%' expr
   94     | expr • '&' expr
   95     | expr • '|' expr
   96     | expr • '+' expr
   97     | expr • '-' expr
   98     | expr • '*' expr
   99     | expr • '/' expr
  103     | expr • '?' expr ':' expr
  104     | expr • '<' expr
  105     | expr • '>' expr
  106     | expr • opGE expr
  107     | expr • opLE expr
  108     | expr • opEQ expr
  109     | expr • opNE expr
  110     | expr • opOR expr
  111     | expr • opSHL expr
  112     | expr • opSHR expr
  113     | expr • opAND expr
  114     | expr • opSTREQ expr
  115     | expr • opSTRNE expr
  116     | expr • '@' expr
  129 slot_acc: expr • '.' IDENT
  130         | expr • '.' IDENT '[' aidx_expr ']'
  131 intslot_acc: expr • opINTNAME class_name_expr
  132            | expr • opINTNAMER class_name_expr
  161 funcall_expr: expr • '.' IDENT '(' func_arg_list_decl ')'
  184 aidx_expr: expr •

    '+'         shift, and go to state 102
    '-'         shift, and go to state 103
    '*'         shift, and go to state 104
    '/'         shift, and go to state 105
    '<'         shift, and go to state 106
    '>'         shift, and go to state 107
    '.'         shift, and go to state 108
    '|'         shift, and go to state 109
    '&'         shift, and go to state 110
    '%'         shift, and go to state 111
    '^'         shift, and go to state 112
    '@'         shift, and go to state 113
    opINTNAME   shift, and go to state 114
    opINTNAMER  shift, and go to state 115
    opSHL       shift, and go to state 116
    opSHR       shift, and go to state 117
    opEQ        shift, and go to state 118
    opNE        shift, and go to state 119
    opGE        shift, and go to state 120
    opLE        shift, and go to state 121
    opAND       shift, and go to state 122
    opOR        shift, and go to state 123
    opSTREQ     shift, and go to state 124
    opSTRNE     shift, and go to state 125
    '?'         shift, and go to state 126

    $default  reduce using rule 184 (aidx_expr)


State 165

  128 expr: VAR '[' aidx_expr • ']'
  152 stmt_expr: VAR '[' aidx_expr • ']' '=' expr
  153          | VAR '[' aidx_expr • ']' '=' '{' expr_list '}'
  155          | VAR '[' aidx_expr • ']' assign_op_struct
  185 aidx_expr: aidx_expr • ',' expr

    ','  shift, and go to state 233
    ']'  shift, and go to state 234


State 166

  163 func_arg_item: '{' • expr_list '}'

    rwDECLARE           shift, and go to state 5
    rwDECLARESINGLETON  shift, and go to state 6
    rwBREAK             shift, and go to state 60
    rwASSERT            shift, and go to state 20
    INTCONST            shift, and go to state 21
    TTAG                shift, and go to state 61
    VAR                 shift, and go to state 23
    IDENT               shift, and go to state 24
    STRATOM             shift, and go to state 26
    TAGATOM             shift, and go to state 27
    FLTCONST            shift, and go to state 28
    '-'                 shift, and go to state 29
    '*'                 shift, and go to state 30
    '('                 shift, and go to state 31
    '~'                 shift, and go to state 32
    '!'                 shift, and go to state 33

    object_decl   go to state 39
    expr          go to state 135
    slot_acc      go to state 47
    intslot_acc   go to state 48
    stmt_expr     go to state 65
    funcall_expr  go to state 50
    assert_expr   go to state 51
    expr_list     go to state 235


State 167

   92 expr: expr • '^' expr
   93     | expr • '%' expr
   94     | expr • '&' expr
   95     | expr • '|' expr
   96     | expr • '+' expr
   97     | expr • '-' expr
   98     | expr • '*' expr
   99     | expr • '/' expr
  103     | expr • '?' expr ':' expr
  104     | expr • '<' expr
  105     | expr • '>' expr
  106     | expr • opGE expr
  107     | expr • opLE expr
  108     | expr • opEQ expr
  109     | expr • opNE expr
  110     | expr • opOR expr
  111     | expr • opSHL expr
  112     | expr • opSHR expr
  113     | expr • opAND expr
  114     | expr • opSTREQ expr
  115     | expr • opSTRNE expr
  116     | expr • '@' expr
  129 slot_acc: expr • '.' IDENT
  130         | expr • '.' IDENT '[' aidx_expr ']'
  131 intslot_acc: expr • opINTNAME class_name_expr
  132            | expr • opINTNAMER class_name_expr
  161 funcall_expr: expr • '.' IDENT '(' func_arg_list_decl ')'
  162 func_arg_item: expr •

    '+'         shift, and go to state 102
    '-'         shift, and go to state 103
    '*'         shift, and go to state 104
    '/'         shift, and go to state 105
    '<'         shift, and go to state 106
    '>'         shift, and go to state 107
    '.'         shift, and go to state 108
    '|'         shift, and go to state 109
    '&'         shift, and go to state 110
    '%'         shift, and go to state 111
    '^'         shift, and go to state 112
    '@'         shift, and go to state 113
    opINTNAME   shift, and go to state 114
    opINTNAMER  shift, and go to state 115
    opSHL       shift, and go to state 116
    opSHR       shift, and go to state 117
    opEQ        shift, and go to state 118
    opNE        shift, and go to state 119
    opGE        shift, and go to state 120
    opLE        shift, and go to state 121
    opAND       shift, and go to state 122
    opOR        shift, and go to state 123
    opSTREQ     shift, and go to state 124
    opSTRNE     shift, and go to state 125
    '?'         shift, and go to state 126

    $default  reduce using rule 162 (func_arg_item)


State 168

  164 func_arg_list: func_arg_item •

    $default  reduce using rule 164 (func_arg_list)


State 169

  165 func_arg_list: func_arg_list • ',' func_arg_item
  167 func_arg_list_decl: func_arg_list •

    ','  shift, and go to state 236

    $default  reduce using rule 167 (func_arg_list_decl)


State 170

  159 funcall_expr: IDENT '(' func_arg_list_decl • ')'

    ')'  shift, and go to state 237


State 171

  160 funcall_expr: IDENT opCOLONCOLON IDENT • '(' func_arg_list_decl ')'

    '('  shift, and go to state 238


State 172

   91 expr: '(' expr ')' •

    $default  reduce using rule 91 (expr)


State 173

   92 expr: expr • '^' expr
   93     | expr • '%' expr
   94     | expr • '&' expr
   95     | expr • '|' expr
   96     | expr • '+' expr
   96     | expr '+' expr •
   97     | expr • '-' expr
   98     | expr • '*' expr
   99     | expr • '/' expr
  103     | expr • '?' expr ':' expr
  104     | expr • '<' expr
  105     | expr • '>' expr
  106     | expr • opGE expr
  107     | expr • opLE expr
  108     | expr • opEQ expr
  109     | expr • opNE expr
  110     | expr • opOR expr
  111     | expr • opSHL expr
  112     | expr • opSHR expr
  113     | expr • opAND expr
  114     | expr • opSTREQ expr
  115     | expr • opSTRNE expr
  116     | expr • '@' expr
  129 slot_acc: expr • '.' IDENT
  130         | expr • '.' IDENT '[' aidx_expr ']'
  131 intslot_acc: expr • opINTNAME class_name_expr
  132            | expr • opINTNAMER class_name_expr
  161 funcall_expr: expr • '.' IDENT '(' func_arg_list_decl ')'

    '*'         shift, and go to state 104
    '/'         shift, and go to state 105
    '.'         shift, and go to state 108
    '%'         shift, and go to state 111
    opINTNAME   shift, and go to state 114
    opINTNAMER  shift, and go to state 115

    $default  reduce using rule 96 (expr)


State 174

   92 expr: expr • '^' expr
   93     | expr • '%' expr
   94     | expr • '&' expr
   95     | expr • '|' expr
   96     | expr • '+' expr
   97     | expr • '-' expr
   97     | expr '-' expr •
   98     | expr • '*' expr
   99     | expr • '/' expr
  103     | expr • '?' expr ':' expr
  104     | expr • '<' expr
  105     | expr • '>' expr
  106     | expr • opGE expr
  107     | expr • opLE expr
  108     | expr • opEQ expr
  109     | expr • opNE expr
  110     | expr • opOR expr
  111     | expr • opSHL expr
  112     | expr • opSHR expr
  113     | expr • opAND expr
  114     | expr • opSTREQ expr
  115     | expr • opSTRNE expr
  116     | expr • '@' expr
  129 slot_acc: expr • '.' IDENT
  130         | expr • '.' IDENT '[' aidx_expr ']'
  131 intslot_acc: expr • opINTNAME class_name_expr
  132            | expr • opINTNAMER class_name_expr
  161 funcall_expr: expr • '.' IDENT '(' func_arg_list_decl ')'

    '*'         shift, and go to state 104
    '/'         shift, and go to state 105
    '.'         shift, and go to state 108
    '%'         shift, and go to state 111
    opINTNAME   shift, and go to state 114
    opINTNAMER  shift, and go to state 115

    $default  reduce using rule 97 (expr)


State 175

   92 expr: expr • '^' expr
   93     | expr • '%' expr
   94     | expr • '&' expr
   95     | expr • '|' expr
   96     | expr • '+' expr
   97     | expr • '-' expr
   98     | expr • '*' expr
   98     | expr '*' expr •
   99     | expr • '/' expr
  103     | expr • '?' expr ':' expr
  104     | expr • '<' expr
  105     | expr • '>' expr
  106     | expr • opGE expr
  107     | expr • opLE expr
  108     | expr • opEQ expr
  109     | expr • opNE expr
  110     | expr • opOR expr
  111     | expr • opSHL expr
  112     | expr • opSHR expr
  113     | expr • opAND expr
  114     | expr • opSTREQ expr
  115     | expr • opSTRNE expr
  116     | expr • '@' expr
  129 slot_acc: expr • '.' IDENT
  130         | expr • '.' IDENT '[' aidx_expr ']'
  131 intslot_acc: expr • opINTNAME class_name_expr
  132            | expr • opINTNAMER class_name_expr
  161 funcall_expr: expr • '.' IDENT '(' func_arg_list_decl ')'

    '.'         shift, and go to state 108
    opINTNAME   shift, and go to state 114
    opINTNAMER  shift, and go to state 115

    $default  reduce using rule 98 (expr)


State 176

   92 expr: expr • '^' expr
   93     | expr • '%' expr
   94     | expr • '&' expr
   95     | expr • '|' expr
   96     | expr • '+' expr
   97     | expr • '-' expr
   98     | expr • '*' expr
   99     | expr • '/' expr
   99     | expr '/' expr •
  103     | expr • '?' expr ':' expr
  104     | expr • '<' expr
  105     | expr • '>' expr
  106     | expr • opGE expr
  107     | expr • opLE expr
  108     | expr • opEQ expr
  109     | expr • opNE expr
  110     | expr • opOR expr
  111     | expr • opSHL expr
  112     | expr • opSHR expr
  113     | expr • opAND expr
  114     | expr • opSTREQ expr
  115     | expr • opSTRNE expr
  116     | expr • '@' expr
  129 slot_acc: expr • '.' IDENT
  130         | expr • '.' IDENT '[' aidx_expr ']'
  131 intslot_acc: expr • opINTNAME class_name_expr
  132            | expr • opINTNAMER class_name_expr
  161 funcall_expr: expr • '.' IDENT '(' func_arg_list_decl ')'

    '.'         shift, and go to state 108
    opINTNAME   shift, and go to state 114
    opINTNAMER  shift, and go to state 115

    $default  reduce using rule 99 (expr)


State 177

   92 expr: expr • '^' expr
   93     | expr • '%' expr
   94     | expr • '&' expr
   95     | expr • '|' expr
   96     | expr • '+' expr
   97     | expr • '-' expr
   98     | expr • '*' expr
   99     | expr • '/' expr
  103     | expr • '?' expr ':' expr
  104     | expr • '<' expr
  104     | expr '<' expr •
  105     | expr • '>' expr
  106     | expr • opGE expr
  107     | expr • opLE expr
  108     | expr • opEQ expr
  109     | expr • opNE expr
  110     | expr • opOR expr
  111     | expr • opSHL expr
  112     | expr • opSHR expr
  113     | expr • opAND expr
  114     | expr • opSTREQ expr
  115     | expr • opSTRNE expr
  116     | expr • '@' expr
  129 slot_acc: expr • '.' IDENT
  130         | expr • '.' IDENT '[' aidx_expr ']'
  131 intslot_acc: expr • opINTNAME class_name_expr
  132            | expr • opINTNAMER class_name_expr
  161 funcall_expr: expr • '.' IDENT '(' func_arg_list_decl ')'

    '+'         shift, and go to state 102
    '-'         shift, and go to state 103
    '*'         shift, and go to state 104
    '/'         shift, and go to state 105
    '.'         shift, and go to state 108
    '%'         shift, and go to state 111
    '@'         shift, and go to state 113
    opINTNAME   shift, and go to state 114
    opINTNAMER  shift, and go to state 115
    opSHL       shift, and go to state 116
    opSHR       shift, and go to state 117
    opSTREQ     shift, and go to state 124
    opSTRNE     shift, and go to state 125

    $default  reduce using rule 104 (expr)


State 178

   92 expr: expr • '^' expr
   93     | expr • '%' expr
   94     | expr • '&' expr
   95     | expr • '|' expr
   96     | expr • '+' expr
   97     | expr • '-' expr
   98     | expr • '*' expr
   99     | expr • '/' expr
  103     | expr • '?' expr ':' expr
  104     | expr • '<' expr
  105     | expr • '>' expr
  105     | expr '>' expr •
  106     | expr • opGE expr
  107     | expr • opLE expr
  108     | expr • opEQ expr
  109     | expr • opNE expr
  110     | expr • opOR expr
  111     | expr • opSHL expr
  112     | expr • opSHR expr
  113     | expr • opAND expr
  114     | expr • opSTREQ expr
  115     | expr • opSTRNE expr
  116     | expr • '@' expr
  129 slot_acc: expr • '.' IDENT
  130         | expr • '.' IDENT '[' aidx_expr ']'
  131 intslot_acc: expr • opINTNAME class_name_expr
  132            | expr • opINTNAMER class_name_expr
  161 funcall_expr: expr • '.' IDENT '(' func_arg_list_decl ')'

    '+'         shift, and go to state 102
    '-'         shift, and go to state 103
    '*'         shift, and go to state 104
    '/'         shift, and go to state 105
    '.'         shift, and go to state 108
    '%'         shift, and go to state 111
    '@'         shift, and go to state 113
    opINTNAME   shift, and go to state 114
    opINTNAMER  shift, and go to state 115
    opSHL       shift, and go to state 116
    opSHR       shift, and go to state 117
    opSTREQ     shift, and go to state 124
    opSTRNE     shift, and go to state 125

    $default  reduce using rule 105 (expr)


State 179

  129 slot_acc: expr '.' IDENT •
  130         | expr '.' IDENT • '[' aidx_expr ']'
  161 funcall_expr: expr '.' IDENT • '(' func_arg_list_decl ')'

    '('  shift, and go to state 239
    '['  shift, and go to state 240

    $default  reduce using rule 129 (slot_acc)


State 180

   92 expr: expr • '^' expr
   93     | expr • '%' expr
   94     | expr • '&' expr
   95     | expr • '|' expr
   95     | expr '|' expr •
   96     | expr • '+' expr
   97     | expr • '-' expr
   98     | expr • '*' expr
   99     | expr • '/' expr
  103     | expr • '?' expr ':' expr
  104     | expr • '<' expr
  105     | expr • '>' expr
  106     | expr • opGE expr
  107     | expr • opLE expr
  108     | expr • opEQ expr
  109     | expr • opNE expr
  110     | expr • opOR expr
  111     | expr • opSHL expr
  112     | expr • opSHR expr
  113     | expr • opAND expr
  114     | expr • opSTREQ expr
  115     | expr • opSTRNE expr
  116     | expr • '@' expr
  129 slot_acc: expr • '.' IDENT
  130         | expr • '.' IDENT '[' aidx_expr ']'
  131 intslot_acc: expr • opINTNAME class_name_expr
  132            | expr • opINTNAMER class_name_expr
  161 funcall_expr: expr • '.' IDENT '(' func_arg_list_decl ')'

    '+'         shift, and go to state 102
    '-'         shift, and go to state 103
    '*'         shift, and go to state 104
    '/'         shift, and go to state 105
    '<'         shift, and go to state 106
    '>'         shift, and go to state 107
    '.'         shift, and go to state 108
    '&'         shift, and go to state 110
    '%'         shift, and go to state 111
    '^'         shift, and go to state 112
    '@'         shift, and go to state 113
    opINTNAME   shift, and go to state 114
    opINTNAMER  shift, and go to state 115
    opSHL       shift, and go to state 116
    opSHR       shift, and go to state 117
    opEQ        shift, and go to state 118
    opNE        shift, and go to state 119
    opGE        shift, and go to state 120
    opLE        shift, and go to state 121
    opSTREQ     shift, and go to state 124
    opSTRNE     shift, and go to state 125

    $default  reduce using rule 95 (expr)


State 181

   92 expr: expr • '^' expr
   93     | expr • '%' expr
   94     | expr • '&' expr
   94     | expr '&' expr •
   95     | expr • '|' expr
   96     | expr • '+' expr
   97     | expr • '-' expr
   98     | expr • '*' expr
   99     | expr • '/' expr
  103     | expr • '?' expr ':' expr
  104     | expr • '<' expr
  105     | expr • '>' expr
  106     | expr • opGE expr
  107     | expr • opLE expr
  108     | expr • opEQ expr
  109     | expr • opNE expr
  110     | expr • opOR expr
  111     | expr • opSHL expr
  112     | expr • opSHR expr
  113     | expr • opAND expr
  114     | expr • opSTREQ expr
  115     | expr • opSTRNE expr
  116     | expr • '@' expr
  129 slot_acc: expr • '.' IDENT
  130         | expr • '.' IDENT '[' aidx_expr ']'
  131 intslot_acc: expr • opINTNAME class_name_expr
  132            | expr • opINTNAMER class_name_expr
  161 funcall_expr: expr • '.' IDENT '(' func_arg_list_decl ')'

    '+'         shift, and go to state 102
    '-'         shift, and go to state 103
    '*'         shift, and go to state 104
    '/'         shift, and go to state 105
    '<'         shift, and go to state 106
    '>'         shift, and go to state 107
    '.'         shift, and go to state 108
    '%'         shift, and go to state 111
    '@'         shift, and go to state 113
    opINTNAME   shift, and go to state 114
    opINTNAMER  shift, and go to state 115
    opSHL       shift, and go to state 116
    opSHR       shift, and go to state 117
    opEQ        shift, and go to state 118
    opNE        shift, and go to state 119
    opGE        shift, and go to state 120
    opLE        shift, and go to state 121
    opSTREQ     shift, and go to state 124
    opSTRNE     shift, and go to state 125

    $default  reduce using rule 94 (expr)


State 182

   92 expr: expr • '^' expr
   93     | expr • '%' expr
   93     | expr '%' expr •
   94     | expr • '&' expr
   95     | expr • '|' expr
   96     | expr • '+' expr
   97     | expr • '-' expr
   98     | expr • '*' expr
   99     | expr • '/' expr
  103     | expr • '?' expr ':' expr
  104     | expr • '<' expr
  105     | expr • '>' expr
  106     | expr • opGE expr
  107     | expr • opLE expr
  108     | expr • opEQ expr
  109     | expr • opNE expr
  110     | expr • opOR expr
  111     | expr • opSHL expr
  112     | expr • opSHR expr
  113     | expr • opAND expr
  114     | expr • opSTREQ expr
  115     | expr • opSTRNE expr
  116     | expr • '@' expr
  129 slot_acc: expr • '.' IDENT
  130         | expr • '.' IDENT '[' aidx_expr ']'
  131 intslot_acc: expr • opINTNAME class_name_expr
  132            | expr • opINTNAMER class_name_expr
  161 funcall_expr: expr • '.' IDENT '(' func_arg_list_decl ')'

    '.'         shift, and go to state 108
    opINTNAME   shift, and go to state 114
    opINTNAMER  shift, and go to state 115

    $default  reduce using rule 93 (expr)


State 183

   92 expr: expr • '^' expr
   92     | expr '^' expr •
   93     | expr • '%' expr
   94     | expr • '&' expr
   95     | expr • '|' expr
   96     | expr • '+' expr
   97     | expr • '-' expr
   98     | expr • '*' expr
   99     | expr • '/' expr
  103     | expr • '?' expr ':' expr
  104     | expr • '<' expr
  105     | expr • '>' expr
  106     | expr • opGE expr
  107     | expr • opLE expr
  108     | expr • opEQ expr
  109     | expr • opNE expr
  110     | expr • opOR expr
  111     | expr • opSHL expr
  112     | expr • opSHR expr
  113     | expr • opAND expr
  114     | expr • opSTREQ expr
  115     | expr • opSTRNE expr
  116     | expr • '@' expr
  129 slot_acc: expr • '.' IDENT
  130         | expr • '.' IDENT '[' aidx_expr ']'
  131 intslot_acc: expr • opINTNAME class_name_expr
  132            | expr • opINTNAMER class_name_expr
  161 funcall_expr: expr • '.' IDENT '(' func_arg_list_decl ')'

    '+'         shift, and go to state 102
    '-'         shift, and go to state 103
    '*'         shift, and go to state 104
    '/'         shift, and go to state 105
    '<'         shift, and go to state 106
    '>'         shift, and go to state 107
    '.'         shift, and go to state 108
    '&'         shift, and go to state 110
    '%'         shift, and go to state 111
    '@'         shift, and go to state 113
    opINTNAME   shift, and go to state 114
    opINTNAMER  shift, and go to state 115
    opSHL       shift, and go to state 116
    opSHR       shift, and go to state 117
    opEQ        shift, and go to state 118
    opNE        shift, and go to state 119
    opGE        shift, and go to state 120
    opLE        shift, and go to state 121
    opSTREQ     shift, and go to state 124
    opSTRNE     shift, and go to state 125

    $default  reduce using rule 92 (expr)


State 184

   92 expr: expr • '^' expr
   93     | expr • '%' expr
   94     | expr • '&' expr
   95     | expr • '|' expr
   96     | expr • '+' expr
   97     | expr • '-' expr
   98     | expr • '*' expr
   99     | expr • '/' expr
  103     | expr • '?' expr ':' expr
  104     | expr • '<' expr
  105     | expr • '>' expr
  106     | expr • opGE expr
  107     | expr • opLE expr
  108     | expr • opEQ expr
  109     | expr • opNE expr
  110     | expr • opOR expr
  111     | expr • opSHL expr
  112     | expr • opSHR expr
  113     | expr • opAND expr
  114     | expr • opSTREQ expr
  115     | expr • opSTRNE expr
  116     | expr • '@' expr
  116     | expr '@' expr •
  129 slot_acc: expr • '.' IDENT
  130         | expr • '.' IDENT '[' aidx_expr ']'
  131 intslot_acc: expr • opINTNAME class_name_expr
  132            | expr • opINTNAMER class_name_expr
  161 funcall_expr: expr • '.' IDENT '(' func_arg_list_decl ')'

    '+'         shift, and go to state 102
    '-'         shift, and go to state 103
    '*'         shift, and go to state 104
    '/'         shift, and go to state 105
    '.'         shift, and go to state 108
    '%'         shift, and go to state 111
    opINTNAME   shift, and go to state 114
    opINTNAMER  shift, and go to state 115
    opSHL       shift, and go to state 116
    opSHR       shift, and go to state 117

    $default  reduce using rule 116 (expr)


State 185

  131 intslot_acc: expr opINTNAME class_name_expr •

    $default  reduce using rule 131 (intslot_acc)


State 186

  132 intslot_acc: expr opINTNAMER class_name_expr •

    $default  reduce using rule 132 (intslot_acc)


State 187

   92 expr: expr • '^' expr
   93     | expr • '%' expr
   94     | expr • '&' expr
   95     | expr • '|' expr
   96     | expr • '+' expr
   97     | expr • '-' expr
   98     | expr • '*' expr
   99     | expr • '/' expr
  103     | expr • '?' expr ':' expr
  104     | expr • '<' expr
  105     | expr • '>' expr
  106     | expr • opGE expr
  107     | expr • opLE expr
  108     | expr • opEQ expr
  109     | expr • opNE expr
  110     | expr • opOR expr
  111     | expr • opSHL expr
  111     | expr opSHL expr •
  112     | expr • opSHR expr
  113     | expr • opAND expr
  114     | expr • opSTREQ expr
  115     | expr • opSTRNE expr
  116     | expr • '@' expr
  129 slot_acc: expr • '.' IDENT
  130         | expr • '.' IDENT '[' aidx_expr ']'
  131 intslot_acc: expr • opINTNAME class_name_expr
  132            | expr • opINTNAMER class_name_expr
  161 funcall_expr: expr • '.' IDENT '(' func_arg_list_decl ')'

    '+'         shift, and go to state 102
    '-'         shift, and go to state 103
    '*'         shift, and go to state 104
    '/'         shift, and go to state 105
    '.'         shift, and go to state 108
    '%'         shift, and go to state 111
    opINTNAME   shift, and go to state 114
    opINTNAMER  shift, and go to state 115

    $default  reduce using rule 111 (expr)


State 188

   92 expr: expr • '^' expr
   93     | expr • '%' expr
   94     | expr • '&' expr
   95     | expr • '|' expr
   96     | expr • '+' expr
   97     | expr • '-' expr
   98     | expr • '*' expr
   99     | expr • '/' expr
  103     | expr • '?' expr ':' expr
  104     | expr • '<' expr
  105     | expr • '>' expr
  106     | expr • opGE expr
  107     | expr • opLE expr
  108     | expr • opEQ expr
  109     | expr • opNE expr
  110     | expr • opOR expr
  111     | expr • opSHL expr
  112     | expr • opSHR expr
  112     | expr opSHR expr •
  113     | expr • opAND expr
  114     | expr • opSTREQ expr
  115     | expr • opSTRNE expr
  116     | expr • '@' expr
  129 slot_acc: expr • '.' IDENT
  130         | expr • '.' IDENT '[' aidx_expr ']'
  131 intslot_acc: expr • opINTNAME class_name_expr
  132            | expr • opINTNAMER class_name_expr
  161 funcall_expr: expr • '.' IDENT '(' func_arg_list_decl ')'

    '+'         shift, and go to state 102
    '-'         shift, and go to state 103
    '*'         shift, and go to state 104
    '/'         shift, and go to state 105
    '.'         shift, and go to state 108
    '%'         shift, and go to state 111
    opINTNAME   shift, and go to state 114
    opINTNAMER  shift, and go to state 115

    $default  reduce using rule 112 (expr)


State 189

   92 expr: expr • '^' expr
   93     | expr • '%' expr
   94     | expr • '&' expr
   95     | expr • '|' expr
   96     | expr • '+' expr
   97     | expr • '-' expr
   98     | expr • '*' expr
   99     | expr • '/' expr
  103     | expr • '?' expr ':' expr
  104     | expr • '<' expr
  105     | expr • '>' expr
  106     | expr • opGE expr
  107     | expr • opLE expr
  108     | expr • opEQ expr
  108     | expr opEQ expr •
  109     | expr • opNE expr
  110     | expr • opOR expr
  111     | expr • opSHL expr
  112     | expr • opSHR expr
  113     | expr • opAND expr
  114     | expr • opSTREQ expr
  115     | expr • opSTRNE expr
  116     | expr • '@' expr
  129 slot_acc: expr • '.' IDENT
  130         | expr • '.' IDENT '[' aidx_expr ']'
  131 intslot_acc: expr • opINTNAME class_name_expr
  132            | expr • opINTNAMER class_name_expr
  161 funcall_expr: expr • '.' IDENT '(' func_arg_list_decl ')'

    '+'         shift, and go to state 102
    '-'         shift, and go to state 103
    '*'         shift, and go to state 104
    '/'         shift, and go to state 105
    '<'         shift, and go to state 106
    '>'         shift, and go to state 107
    '.'         shift, and go to state 108
    '%'         shift, and go to state 111
    '@'         shift, and go to state 113
    opINTNAME   shift, and go to state 114
    opINTNAMER  shift, and go to state 115
    opSHL       shift, and go to state 116
    opSHR       shift, and go to state 117
    opGE        shift, and go to state 120
    opLE        shift, and go to state 121
    opSTREQ     shift, and go to state 124
    opSTRNE     shift, and go to state 125

    $default  reduce using rule 108 (expr)


State 190

   92 expr: expr • '^' expr
   93     | expr • '%' expr
   94     | expr • '&' expr
   95     | expr • '|' expr
   96     | expr • '+' expr
   97     | expr • '-' expr
   98     | expr • '*' expr
   99     | expr • '/' expr
  103     | expr • '?' expr ':' expr
  104     | expr • '<' expr
  105     | expr • '>' expr
  106     | expr • opGE expr
  107     | expr • opLE expr
  108     | expr • opEQ expr
  109     | expr • opNE expr
  109     | expr opNE expr •
  110     | expr • opOR expr
  111     | expr • opSHL expr
  112     | expr • opSHR expr
  113     | expr • opAND expr
  114     | expr • opSTREQ expr
  115     | expr • opSTRNE expr
  116     | expr • '@' expr
  129 slot_acc: expr • '.' IDENT
  130         | expr • '.' IDENT '[' aidx_expr ']'
  131 intslot_acc: expr • opINTNAME class_name_expr
  132            | expr • opINTNAMER class_name_expr
  161 funcall_expr: expr • '.' IDENT '(' func_arg_list_decl ')'

    '+'         shift, and go to state 102
    '-'         shift, and go to state 103
    '*'         shift, and go to state 104
    '/'         shift, and go to state 105
    '<'         shift, and go to state 106
    '>'         shift, and go to state 107
    '.'         shift, and go to state 108
    '%'         shift, and go to state 111
    '@'         shift, and go to state 113
    opINTNAME   shift, and go to state 114
    opINTNAMER  shift, and go to state 115
    opSHL       shift, and go to state 116
    opSHR       shift, and go to state 117
    opGE        shift, and go to state 120
    opLE        shift, and go to state 121
    opSTREQ     shift, and go to state 124
    opSTRNE     shift, and go to state 125

    $default  reduce using rule 109 (expr)


State 191

   92 expr: expr • '^' expr
   93     | expr • '%' expr
   94     | expr • '&' expr
   95     | expr • '|' expr
   96     | expr • '+' expr
   97     | expr • '-' expr
   98     | expr • '*' expr
   99     | expr • '/' expr
  103     | expr • '?' expr ':' expr
  104     | expr • '<' expr
  105     | expr • '>' expr
  106     | expr • opGE expr
  106     | expr opGE expr •
  107     | expr • opLE expr
  108     | expr • opEQ expr
  109     | expr • opNE expr
  110     | expr • opOR expr
  111     | expr • opSHL expr
  112     | expr • opSHR expr
  113     | expr • opAND expr
  114     | expr • opSTREQ expr
  115     | expr • opSTRNE expr
  116     | expr • '@' expr
  129 slot_acc: expr • '.' IDENT
  130         | expr • '.' IDENT '[' aidx_expr ']'
  131 intslot_acc: expr • opINTNAME class_name_expr
  132            | expr • opINTNAMER class_name_expr
  161 funcall_expr: expr • '.' IDENT '(' func_arg_list_decl ')'

    '+'         shift, and go to state 102
    '-'         shift, and go to state 103
    '*'         shift, and go to state 104
    '/'         shift, and go to state 105
    '.'         shift, and go to state 108
    '%'         shift, and go to state 111
    '@'         shift, and go to state 113
    opINTNAME   shift, and go to state 114
    opINTNAMER  shift, and go to state 115
    opSHL       shift, and go to state 116
    opSHR       shift, and go to state 117
    opSTREQ     shift, and go to state 124
    opSTRNE     shift, and go to state 125

    $default  reduce using rule 106 (expr)


State 192

   92 expr: expr • '^' expr
   93     | expr • '%' expr
   94     | expr • '&' expr
   95     | expr • '|' expr
   96     | expr • '+' expr
   97     | expr • '-' expr
   98     | expr • '*' expr
   99     | expr • '/' expr
  103     | expr • '?' expr ':' expr
  104     | expr • '<' expr
  105     | expr • '>' expr
  106     | expr • opGE expr
  107     | expr • opLE expr
  107     | expr opLE expr •
  108     | expr • opEQ expr
  109     | expr • opNE expr
  110     | expr • opOR expr
  111     | expr • opSHL expr
  112     | expr • opSHR expr
  113     | expr • opAND expr
  114     | expr • opSTREQ expr
  115     | expr • opSTRNE expr
  116     | expr • '@' expr
  129 slot_acc: expr • '.' IDENT
  130         | expr • '.' IDENT '[' aidx_expr ']'
  131 intslot_acc: expr • opINTNAME class_name_expr
  132            | expr • opINTNAMER class_name_expr
  161 funcall_expr: expr • '.' IDENT '(' func_arg_list_decl ')'

    '+'         shift, and go to state 102
    '-'         shift, and go to state 103
    '*'         shift, and go to state 104
    '/'         shift, and go to state 105
    '.'         shift, and go to state 108
    '%'         shift, and go to state 111
    '@'         shift, and go to state 113
    opINTNAME   shift, and go to state 114
    opINTNAMER  shift, and go to state 115
    opSHL       shift, and go to state 116
    opSHR       shift, and go to state 117
    opSTREQ     shift, and go to state 124
    opSTRNE     shift, and go to state 125

    $default  reduce using rule 107 (expr)


State 193

   92 expr: expr • '^' expr
   93     | expr • '%' expr
   94     | expr • '&' expr
   95     | expr • '|' expr
   96     | expr • '+' expr
   97     | expr • '-' expr
   98     | expr • '*' expr
   99     | expr • '/' expr
  103     | expr • '?' expr ':' expr
  104     | expr • '<' expr
  105     | expr • '>' expr
  106     | expr • opGE expr
  107     | expr • opLE expr
  108     | expr • opEQ expr
  109     | expr • opNE expr
  110     | expr • opOR expr
  111     | expr • opSHL expr
  112     | expr • opSHR expr
  113     | expr • opAND expr
  113     | expr opAND expr •
  114     | expr • opSTREQ expr
  115     | expr • opSTRNE expr
  116     | expr • '@' expr
  129 slot_acc: expr • '.' IDENT
  130         | expr • '.' IDENT '[' aidx_expr ']'
  131 intslot_acc: expr • opINTNAME class_name_expr
  132            | expr • opINTNAMER class_name_expr
  161 funcall_expr: expr • '.' IDENT '(' func_arg_list_decl ')'

    '+'         shift, and go to state 102
    '-'         shift, and go to state 103
    '*'         shift, and go to state 104
    '/'         shift, and go to state 105
    '<'         shift, and go to state 106
    '>'         shift, and go to state 107
    '.'         shift, and go to state 108
    '|'         shift, and go to state 109
    '&'         shift, and go to state 110
    '%'         shift, and go to state 111
    '^'         shift, and go to state 112
    '@'         shift, and go to state 113
    opINTNAME   shift, and go to state 114
    opINTNAMER  shift, and go to state 115
    opSHL       shift, and go to state 116
    opSHR       shift, and go to state 117
    opEQ        shift, and go to state 118
    opNE        shift, and go to state 119
    opGE        shift, and go to state 120
    opLE        shift, and go to state 121
    opSTREQ     shift, and go to state 124
    opSTRNE     shift, and go to state 125

    $default  reduce using rule 113 (expr)


State 194

   92 expr: expr • '^' expr
   93     | expr • '%' expr
   94     | expr • '&' expr
   95     | expr • '|' expr
   96     | expr • '+' expr
   97     | expr • '-' expr
   98     | expr • '*' expr
   99     | expr • '/' expr
  103     | expr • '?' expr ':' expr
  104     | expr • '<' expr
  105     | expr • '>' expr
  106     | expr • opGE expr
  107     | expr • opLE expr
  108     | expr • opEQ expr
  109     | expr • opNE expr
  110     | expr • opOR expr
  110     | expr opOR expr •
  111     | expr • opSHL expr
  112     | expr • opSHR expr
  113     | expr • opAND expr
  114     | expr • opSTREQ expr
  115     | expr • opSTRNE expr
  116     | expr • '@' expr
  129 slot_acc: expr • '.' IDENT
  130         | expr • '.' IDENT '[' aidx_expr ']'
  131 intslot_acc: expr • opINTNAME class_name_expr
  132            | expr • opINTNAMER class_name_expr
  161 funcall_expr: expr • '.' IDENT '(' func_arg_list_decl ')'

    '+'         shift, and go to state 102
    '-'         shift, and go to state 103
    '*'         shift, and go to state 104
    '/'         shift, and go to state 105
    '<'         shift, and go to state 106
    '>'         shift, and go to state 107
    '.'         shift, and go to state 108
    '|'         shift, and go to state 109
    '&'         shift, and go to state 110
    '%'         shift, and go to state 111
    '^'         shift, and go to state 112
    '@'         shift, and go to state 113
    opINTNAME   shift, and go to state 114
    opINTNAMER  shift, and go to state 115
    opSHL       shift, and go to state 116
    opSHR       shift, and go to state 117
    opEQ        shift, and go to state 118
    opNE        shift, and go to state 119
    opGE        shift, and go to state 120
    opLE        shift, and go to state 121
    opAND       shift, and go to state 122
    opSTREQ     shift, and go to state 124
    opSTRNE     shift, and go to state 125

    $default  reduce using rule 110 (expr)


State 195

   92 expr: expr • '^' expr
   93     | expr • '%' expr
   94     | expr • '&' expr
   95     | expr • '|' expr
   96     | expr • '+' expr
   97     | expr • '-' expr
   98     | expr • '*' expr
   99     | expr • '/' expr
  103     | expr • '?' expr ':' expr
  104     | expr • '<' expr
  105     | expr • '>' expr
  106     | expr • opGE expr
  107     | expr • opLE expr
  108     | expr • opEQ expr
  109     | expr • opNE expr
  110     | expr • opOR expr
  111     | expr • opSHL expr
  112     | expr • opSHR expr
  113     | expr • opAND expr
  114     | expr • opSTREQ expr
  114     | expr opSTREQ expr •
  115     | expr • opSTRNE expr
  116     | expr • '@' expr
  129 slot_acc: expr • '.' IDENT
  130         | expr • '.' IDENT '[' aidx_expr ']'
  131 intslot_acc: expr • opINTNAME class_name_expr
  132            | expr • opINTNAMER class_name_expr
  161 funcall_expr: expr • '.' IDENT '(' func_arg_list_decl ')'

    '+'         shift, and go to state 102
    '-'         shift, and go to state 103
    '*'         shift, and go to state 104
    '/'         shift, and go to state 105
    '.'         shift, and go to state 108
    '%'         shift, and go to state 111
    opINTNAME   shift, and go to state 114
    opINTNAMER  shift, and go to state 115
    opSHL       shift, and go to state 116
    opSHR       shift, and go to state 117

    $default  reduce using rule 114 (expr)


State 196

   92 expr: expr • '^' expr
   93     | expr • '%' expr
   94     | expr • '&' expr
   95     | expr • '|' expr
   96     | expr • '+' expr
   97     | expr • '-' expr
   98     | expr • '*' expr
   99     | expr • '/' expr
  103     | expr • '?' expr ':' expr
  104     | expr • '<' expr
  105     | expr • '>' expr
  106     | expr • opGE expr
  107     | expr • opLE expr
  108     | expr • opEQ expr
  109     | expr • opNE expr
  110     | expr • opOR expr
  111     | expr • opSHL expr
  112     | expr • opSHR expr
  113     | expr • opAND expr
  114     | expr • opSTREQ expr
  115     | expr • opSTRNE expr
  115     | expr opSTRNE expr •
  116     | expr • '@' expr
  129 slot_acc: expr • '.' IDENT
  130         | expr • '.' IDENT '[' aidx_expr ']'
  131 intslot_acc: expr • opINTNAME class_name_expr
  132            | expr • opINTNAMER class_name_expr
  161 funcall_expr: expr • '.' IDENT '(' func_arg_list_decl ')'

    '+'         shift, and go to state 102
    '-'         shift, and go to state 103
    '*'         shift, and go to state 104
    '/'         shift, and go to state 105
    '.'         shift, and go to state 108
    '%'         shift, and go to state 111
    opINTNAME   shift, and go to state 114
    opINTNAMER  shift, and go to state 115
    opSHL       shift, and go to state 116
    opSHR       shift, and go to state 117

    $default  reduce using rule 115 (expr)


State 197

   92 expr: expr • '^' expr
   93     | expr • '%' expr
   94     | expr • '&' expr
   95     | expr • '|' expr
   96     | expr • '+' expr
   97     | expr • '-' expr
   98     | expr • '*' expr
   99     | expr • '/' expr
  103     | expr • '?' expr ':' expr
  103     | expr '?' expr • ':' expr
  104     | expr • '<' expr
  105     | expr • '>' expr
  106     | expr • opGE expr
  107     | expr • opLE expr
  108     | expr • opEQ expr
  109     | expr • opNE expr
  110     | expr • opOR expr
  111     | expr • opSHL expr
  112     | expr • opSHR expr
  113     | expr • opAND expr
  114     | expr • opSTREQ expr
  115     | expr • opSTRNE expr
  116     | expr • '@' expr
  129 slot_acc: expr • '.' IDENT
  130         | expr • '.' IDENT '[' aidx_expr ']'
  131 intslot_acc: expr • opINTNAME class_name_expr
  132            | expr • opINTNAMER class_name_expr
  161 funcall_expr: expr • '.' IDENT '(' func_arg_list_decl ')'

    '+'         shift, and go to state 102
    '-'         shift, and go to state 103
    '*'         shift, and go to state 104
    '/'         shift, and go to state 105
    '<'         shift, and go to state 106
    '>'         shift, and go to state 107
    '.'         shift, and go to state 108
    '|'         shift, and go to state 109
    '&'         shift, and go to state 110
    '%'         shift, and go to state 111
    ':'         shift, and go to state 241
    '^'         shift, and go to state 112
    '@'         shift, and go to state 113
    opINTNAME   shift, and go to state 114
    opINTNAMER  shift, and go to state 115
    opSHL       shift, and go to state 116
    opSHR       shift, and go to state 117
    opEQ        shift, and go to state 118
    opNE        shift, and go to state 119
    opGE        shift, and go to state 120
    opLE        shift, and go to state 121
    opAND       shift, and go to state 122
    opOR        shift, and go to state 123
    opSTREQ     shift, and go to state 124
    opSTRNE     shift, and go to state 125
    '?'         shift, and go to state 126


State 198

  158 stmt_expr: slot_acc '=' '{' • expr_list '}'

    rwDECLARE           shift, and go to state 5
    rwDECLARESINGLETON  shift, and go to state 6
    rwBREAK             shift, and go to state 60
    rwASSERT            shift, and go to state 20
    INTCONST            shift, and go to state 21
    TTAG                shift, and go to state 61
    VAR                 shift, and go to state 23
    IDENT               shift, and go to state 24
    STRATOM             shift, and go to state 26
    TAGATOM             shift, and go to state 27
    FLTCONST            shift, and go to state 28
    '-'                 shift, and go to state 29
    '*'                 shift, and go to state 30
    '('                 shift, and go to state 31
    '~'                 shift, and go to state 32
    '!'                 shift, and go to state 33

    object_decl   go to state 39
    expr          go to state 135
    slot_acc      go to state 47
    intslot_acc   go to state 48
    stmt_expr     go to state 65
    funcall_expr  go to state 50
    assert_expr   go to state 51
    expr_list     go to state 242


State 199

   92 expr: expr • '^' expr
   93     | expr • '%' expr
   94     | expr • '&' expr
   95     | expr • '|' expr
   96     | expr • '+' expr
   97     | expr • '-' expr
   98     | expr • '*' expr
   99     | expr • '/' expr
  103     | expr • '?' expr ':' expr
  104     | expr • '<' expr
  105     | expr • '>' expr
  106     | expr • opGE expr
  107     | expr • opLE expr
  108     | expr • opEQ expr
  109     | expr • opNE expr
  110     | expr • opOR expr
  111     | expr • opSHL expr
  112     | expr • opSHR expr
  113     | expr • opAND expr
  114     | expr • opSTREQ expr
  115     | expr • opSTRNE expr
  116     | expr • '@' expr
  129 slot_acc: expr • '.' IDENT
  130         | expr • '.' IDENT '[' aidx_expr ']'
  131 intslot_acc: expr • opINTNAME class_name_expr
  132            | expr • opINTNAMER class_name_expr
  157 stmt_expr: slot_acc '=' expr •
  161 funcall_expr: expr • '.' IDENT '(' func_arg_list_decl ')'

    '+'         shift, and go to state 102
    '-'         shift, and go to state 103
    '*'         shift, and go to state 104
    '/'         shift, and go to state 105
    '<'         shift, and go to state 106
    '>'         shift, and go to state 107
    '.'         shift, and go to state 108
    '|'         shift, and go to state 109
    '&'         shift, and go to state 110
    '%'         shift, and go to state 111
    '^'         shift, and go to state 112
    '@'         shift, and go to state 113
    opINTNAME   shift, and go to state 114
    opINTNAMER  shift, and go to state 115
    opSHL       shift, and go to state 116
    opSHR       shift, and go to state 117
    opEQ        shift, and go to state 118
    opNE        shift, and go to state 119
    opGE        shift, and go to state 120
    opLE        shift, and go to state 121
    opAND       shift, and go to state 122
    opOR        shift, and go to state 123
    opSTREQ     shift, and go to state 124
    opSTRNE     shift, and go to state 125
    '?'         shift, and go to state 126

    $default  reduce using rule 157 (stmt_expr)


State 200

   33 param: VAR •
   34      | VAR • '?'
   35      | VAR • '=' expr
   36      | VAR • '?' '=' expr

    '='  shift, and go to state 243
    '?'  shift, and go to state 244

    $default  reduce using rule 33 (param)


State 201

   27 fn_decl_stmt: rwDEFINE IDENT '(' var_list_decl • ')' '{' statement_list '}'

    ')'  shift, and go to state 245


State 202

   30 var_list_decl: var_list •
   32 var_list: var_list • ',' param

    ','  shift, and go to state 246

    $default  reduce using rule 30 (var_list_decl)


State 203

   31 var_list: param •

    $default  reduce using rule 31 (var_list)


State 204

   28 fn_decl_stmt: rwDEFINE IDENT opCOLONCOLON IDENT • '(' var_list_decl ')' '{' statement_list '}'

    '('  shift, and go to state 247


State 205

  134 class_name_expr: '(' expr ')' •

    $default  reduce using rule 134 (class_name_expr)


State 206

   40 object_decl: rwDECLARE class_name_expr '(' '[' • object_name ']' parent_block object_args ')' '{' object_declare_block '}'
   41            | rwDECLARE class_name_expr '(' '[' • object_name ']' parent_block object_args ')'

    rwDECLARE           shift, and go to state 5
    rwDECLARESINGLETON  shift, and go to state 6
    rwBREAK             shift, and go to state 60
    rwASSERT            shift, and go to state 20
    INTCONST            shift, and go to state 21
    TTAG                shift, and go to state 61
    VAR                 shift, and go to state 23
    IDENT               shift, and go to state 24
    STRATOM             shift, and go to state 26
    TAGATOM             shift, and go to state 27
    FLTCONST            shift, and go to state 28
    '-'                 shift, and go to state 29
    '*'                 shift, and go to state 30
    '('                 shift, and go to state 31
    '~'                 shift, and go to state 32
    '!'                 shift, and go to state 33

    $default  reduce using rule 46 (object_name)

    object_decl   go to state 39
    object_name   go to state 248
    expr          go to state 208
    slot_acc      go to state 47
    intslot_acc   go to state 48
    stmt_expr     go to state 65
    funcall_expr  go to state 50
    assert_expr   go to state 51


State 207

   38 object_decl: rwDECLARE class_name_expr '(' object_name • parent_block object_args ')' '{' object_declare_block '}'
   39            | rwDECLARE class_name_expr '(' object_name • parent_block object_args ')'

    ':'  shift, and go to state 249

    $default  reduce using rule 44 (parent_block)

    parent_block  go to state 250


State 208

   47 object_name: expr •
   92 expr: expr • '^' expr
   93     | expr • '%' expr
   94     | expr • '&' expr
   95     | expr • '|' expr
   96     | expr • '+' expr
   97     | expr • '-' expr
   98     | expr • '*' expr
   99     | expr • '/' expr
  103     | expr • '?' expr ':' expr
  104     | expr • '<' expr
  105     | expr • '>' expr
  106     | expr • opGE expr
  107     | expr • opLE expr
  108     | expr • opEQ expr
  109     | expr • opNE expr
  110     | expr • opOR expr
  111     | expr • opSHL expr
  112     | expr • opSHR expr
  113     | expr • opAND expr
  114     | expr • opSTREQ expr
  115     | expr • opSTRNE expr
  116     | expr • '@' expr
  129 slot_acc: expr • '.' IDENT
  130         | expr • '.' IDENT '[' aidx_expr ']'
  131 intslot_acc: expr • opINTNAME class_name_expr
  132            | expr • opINTNAMER class_name_expr
  161 funcall_expr: expr • '.' IDENT '(' func_arg_list_decl ')'

    '+'         shift, and go to state 102
    '-'         shift, and go to state 103
    '*'         shift, and go to state 104
    '/'         shift, and go to state 105
    '<'         shift, and go to state 106
    '>'         shift, and go to state 107
    '.'         shift, and go to state 108
    '|'         shift, and go to state 109
    '&'         shift, and go to state 110
    '%'         shift, and go to state 111
    '^'         shift, and go to state 112
    '@'         shift, and go to state 113
    opINTNAME   shift, and go to state 114
    opINTNAMER  shift, and go to state 115
    opSHL       shift, and go to state 116
    opSHR       shift, and go to state 117
    opEQ        shift, and go to state 118
    opNE        shift, and go to state 119
    opGE        shift, and go to state 120
    opLE        shift, and go to state 121
    opAND       shift, and go to state 122
    opOR        shift, and go to state 123
    opSTREQ     shift, and go to state 124
    opSTRNE     shift, and go to state 125
    '?'         shift, and go to state 126

    $default  reduce using rule 47 (object_name)


State 209

   42 object_decl: rwDECLARESINGLETON class_name_expr '(' object_name • parent_block object_args ')' '{' object_declare_block '}'
   43            | rwDECLARESINGLETON class_name_expr '(' object_name • parent_block object_args ')'

    ':'  shift, and go to state 249

    $default  reduce using rule 44 (parent_block)

    parent_block  go to state 251


State 210

   65 if_stmt: rwIF '(' expr ')' • stmt_block
   66        | rwIF '(' expr ')' • stmt_block rwELSE stmt_block

    rwDECLARE           shift, and go to state 5
    rwDECLARESINGLETON  shift, and go to state 6
    rwBREAK             shift, and go to state 7
    rwCONTINUE          shift, and go to state 8
    rwIF                shift, and go to state 9
    rwRETURN            shift, and go to state 10
    rwWHILE             shift, and go to state 11
    rwDO                shift, and go to state 12
    rwFOR               shift, and go to state 13
    rwFOREACH           shift, and go to state 14
    rwFOREACHSTR        shift, and go to state 15
    rwDATABLOCK         shift, and go to state 16
    rwSWITCH            shift, and go to state 17
    rwSWITCHSTR         shift, and go to state 18
    rwASSERT            shift, and go to state 20
    INTCONST            shift, and go to state 21
    TTAG                shift, and go to state 22
    VAR                 shift, and go to state 23
    IDENT               shift, and go to state 24
    DOCBLOCK            shift, and go to state 25
    STRATOM             shift, and go to state 26
    TAGATOM             shift, and go to state 27
    FLTCONST            shift, and go to state 28
    '-'                 shift, and go to state 29
    '*'                 shift, and go to state 30
    '('                 shift, and go to state 31
    '{'                 shift, and go to state 67
    '~'                 shift, and go to state 32
    '!'                 shift, and go to state 33

    stmt             go to state 68
    datablock_decl   go to state 38
    object_decl      go to state 39
    stmt_block       go to state 252
    switch_stmt      go to state 40
    if_stmt          go to state 41
    while_stmt       go to state 42
    for_stmt         go to state 43
    foreach_stmt     go to state 44
    expression_stmt  go to state 45
    expr             go to state 46
    slot_acc         go to state 47
    intslot_acc      go to state 48
    stmt_expr        go to state 49
    funcall_expr     go to state 50
    assert_expr      go to state 51


State 211

  171 expr_list: expr_list ',' • expr

    rwDECLARE           shift, and go to state 5
    rwDECLARESINGLETON  shift, and go to state 6
    rwBREAK             shift, and go to state 60
    rwASSERT            shift, and go to state 20
    INTCONST            shift, and go to state 21
    TTAG                shift, and go to state 61
    VAR                 shift, and go to state 23
    IDENT               shift, and go to state 24
    STRATOM             shift, and go to state 26
    TAGATOM             shift, and go to state 27
    FLTCONST            shift, and go to state 28
    '-'                 shift, and go to state 29
    '*'                 shift, and go to state 30
    '('                 shift, and go to state 31
    '~'                 shift, and go to state 32
    '!'                 shift, and go to state 33

    object_decl   go to state 39
    expr          go to state 253
    slot_acc      go to state 47
    intslot_acc   go to state 48
    stmt_expr     go to state 65
    funcall_expr  go to state 50
    assert_expr   go to state 51


State 212

   22 stmt: rwRETURN '{' expr_list '}' • ';'

    ';'  shift, and go to state 254


State 213

   67 while_stmt: rwWHILE '(' expr ')' • stmt_block

    rwDECLARE           shift, and go to state 5
    rwDECLARESINGLETON  shift, and go to state 6
    rwBREAK             shift, and go to state 7
    rwCONTINUE          shift, and go to state 8
    rwIF                shift, and go to state 9
    rwRETURN            shift, and go to state 10
    rwWHILE             shift, and go to state 11
    rwDO                shift, and go to state 12
    rwFOR               shift, and go to state 13
    rwFOREACH           shift, and go to state 14
    rwFOREACHSTR        shift, and go to state 15
    rwDATABLOCK         shift, and go to state 16
    rwSWITCH            shift, and go to state 17
    rwSWITCHSTR         shift, and go to state 18
    rwASSERT            shift, and go to state 20
    INTCONST            shift, and go to state 21
    TTAG                shift, and go to state 22
    VAR                 shift, and go to state 23
    IDENT               shift, and go to state 24
    DOCBLOCK            shift, and go to state 25
    STRATOM             shift, and go to state 26
    TAGATOM             shift, and go to state 27
    FLTCONST            shift, and go to state 28
    '-'                 shift, and go to state 29
    '*'                 shift, and go to state 30
    '('                 shift, and go to state 31
    '{'                 shift, and go to state 67
    '~'                 shift, and go to state 32
    '!'                 shift, and go to state 33

    stmt             go to state 68
    datablock_decl   go to state 38
    object_decl      go to state 39
    stmt_block       go to state 255
    switch_stmt      go to state 40
    if_stmt          go to state 41
    while_stmt       go to state 42
    for_stmt         go to state 43
    foreach_stmt     go to state 44
    expression_stmt  go to state 45
    expr             go to state 46
    slot_acc         go to state 47
    intslot_acc      go to state 48
    stmt_expr        go to state 49
    funcall_expr     go to state 50
    assert_expr      go to state 51


State 214

   56 stmt_block: '{' statement_list '}' •

    $default  reduce using rule 56 (stmt_block)


State 215

   11 statement_list: statement_list stmt •

    $default  reduce using rule 11 (statement_list)


State 216

   68 while_stmt: rwDO stmt_block rwWHILE '(' • expr ')'

    rwDECLARE           shift, and go to state 5
    rwDECLARESINGLETON  shift, and go to state 6
    rwBREAK             shift, and go to state 60
    rwASSERT            shift, and go to state 20
    INTCONST            shift, and go to state 21
    TTAG                shift, and go to state 61
    VAR                 shift, and go to state 23
    IDENT               shift, and go to state 24
    STRATOM             shift, and go to state 26
    TAGATOM             shift, and go to state 27
    FLTCONST            shift, and go to state 28
    '-'                 shift, and go to state 29
    '*'                 shift, and go to state 30
    '('                 shift, and go to state 31
    '~'                 shift, and go to state 32
    '!'                 shift, and go to state 33

    object_decl   go to state 39
    expr          go to state 256
    slot_acc      go to state 47
    intslot_acc   go to state 48
    stmt_expr     go to state 65
    funcall_expr  go to state 50
    assert_expr   go to state 51


State 217

   77 for_stmt: rwFOR '(' VAR rwIN • expr opDOTDOT expr ')' stmt_block
   78         | rwFOR '(' VAR rwIN • rwRANGE expr opDOTDOT expr ')' stmt_block
   79         | rwFOR '(' VAR rwIN • expr opDOTDOT expr rwSTEP expr ')' stmt_block
   80         | rwFOR '(' VAR rwIN • rwRANGE expr opDOTDOT expr rwSTEP expr ')' stmt_block
   81         | rwFOR '(' VAR rwIN • rwRANGE expr ')' stmt_block

    rwDECLARE           shift, and go to state 5
    rwDECLARESINGLETON  shift, and go to state 6
    rwBREAK             shift, and go to state 60
    rwASSERT            shift, and go to state 20
    INTCONST            shift, and go to state 21
    TTAG                shift, and go to state 61
    VAR                 shift, and go to state 23
    IDENT               shift, and go to state 24
    STRATOM             shift, and go to state 26
    TAGATOM             shift, and go to state 27
    FLTCONST            shift, and go to state 28
    '-'                 shift, and go to state 29
    '*'                 shift, and go to state 30
    '('                 shift, and go to state 31
    '~'                 shift, and go to state 32
    '!'                 shift, and go to state 33
    rwRANGE             shift, and go to state 257

    object_decl   go to state 39
    expr          go to state 258
    slot_acc      go to state 47
    intslot_acc   go to state 48
    stmt_expr     go to state 65
    funcall_expr  go to state 50
    assert_expr   go to state 51


State 218

   75 for_stmt: rwFOR '(' ';' ';' • expr ')' stmt_block
   76         | rwFOR '(' ';' ';' • ')' stmt_block

    rwDECLARE           shift, and go to state 5
    rwDECLARESINGLETON  shift, and go to state 6
    rwBREAK             shift, and go to state 60
    rwASSERT            shift, and go to state 20
    INTCONST            shift, and go to state 21
    TTAG                shift, and go to state 61
    VAR                 shift, and go to state 23
    IDENT               shift, and go to state 24
    STRATOM             shift, and go to state 26
    TAGATOM             shift, and go to state 27
    FLTCONST            shift, and go to state 28
    '-'                 shift, and go to state 29
    '*'                 shift, and go to state 30
    '('                 shift, and go to state 31
    ')'                 shift, and go to state 259
    '~'                 shift, and go to state 32
    '!'                 shift, and go to state 33

    object_decl   go to state 39
    expr          go to state 260
    slot_acc      go to state 47
    intslot_acc   go to state 48
    stmt_expr     go to state 65
    funcall_expr  go to state 50
    assert_expr   go to state 51


State 219

   73 for_stmt: rwFOR '(' ';' expr • ';' expr ')' stmt_block
   74         | rwFOR '(' ';' expr • ';' ')' stmt_block
   92 expr: expr • '^' expr
   93     | expr • '%' expr
   94     | expr • '&' expr
   95     | expr • '|' expr
   96     | expr • '+' expr
   97     | expr • '-' expr
   98     | expr • '*' expr
   99     | expr • '/' expr
  103     | expr • '?' expr ':' expr
  104     | expr • '<' expr
  105     | expr • '>' expr
  106     | expr • opGE expr
  107     | expr • opLE expr
  108     | expr • opEQ expr
  109     | expr • opNE expr
  110     | expr • opOR expr
  111     | expr • opSHL expr
  112     | expr • opSHR expr
  113     | expr • opAND expr
  114     | expr • opSTREQ expr
  115     | expr • opSTRNE expr
  116     | expr • '@' expr
  129 slot_acc: expr • '.' IDENT
  130         | expr • '.' IDENT '[' aidx_expr ']'
  131 intslot_acc: expr • opINTNAME class_name_expr
  132            | expr • opINTNAMER class_name_expr
  161 funcall_expr: expr • '.' IDENT '(' func_arg_list_decl ')'

    '+'         shift, and go to state 102
    '-'         shift, and go to state 103
    '*'         shift, and go to state 104
    '/'         shift, and go to state 105
    '<'         shift, and go to state 106
    '>'         shift, and go to state 107
    '.'         shift, and go to state 108
    '|'         shift, and go to state 109
    '&'         shift, and go to state 110
    '%'         shift, and go to state 111
    ';'         shift, and go to state 261
    '^'         shift, and go to state 112
    '@'         shift, and go to state 113
    opINTNAME   shift, and go to state 114
    opINTNAMER  shift, and go to state 115
    opSHL       shift, and go to state 116
    opSHR       shift, and go to state 117
    opEQ        shift, and go to state 118
    opNE        shift, and go to state 119
    opGE        shift, and go to state 120
    opLE        shift, and go to state 121
    opAND       shift, and go to state 122
    opOR        shift, and go to state 123
    opSTREQ     shift, and go to state 124
    opSTRNE     shift, and go to state 125
    '?'         shift, and go to state 126


State 220

   69 for_stmt: rwFOR '(' expr ';' • expr ';' expr ')' stmt_block
   70         | rwFOR '(' expr ';' • expr ';' ')' stmt_block
   71         | rwFOR '(' expr ';' • ';' expr ')' stmt_block
   72         | rwFOR '(' expr ';' • ';' ')' stmt_block

    rwDECLARE           shift, and go to state 5
    rwDECLARESINGLETON  shift, and go to state 6
    rwBREAK             shift, and go to state 60
    rwASSERT            shift, and go to state 20
    INTCONST            shift, and go to state 21
    TTAG                shift, and go to state 61
    VAR                 shift, and go to state 23
    IDENT               shift, and go to state 24
    STRATOM             shift, and go to state 26
    TAGATOM             shift, and go to state 27
    FLTCONST            shift, and go to state 28
    '-'                 shift, and go to state 29
    '*'                 shift, and go to state 30
    '('                 shift, and go to state 31
    ';'                 shift, and go to state 262
    '~'                 shift, and go to state 32
    '!'                 shift, and go to state 33

    object_decl   go to state 39
    expr          go to state 263
    slot_acc      go to state 47
    intslot_acc   go to state 48
    stmt_expr     go to state 65
    funcall_expr  go to state 50
    assert_expr   go to state 51


State 221

   82 foreach_stmt: rwFOREACH '(' VAR rwIN • expr ')' stmt_block
   84             | rwFOREACH '(' VAR rwIN • expr opDOTDOT expr ')' stmt_block
   85             | rwFOREACH '(' VAR rwIN • rwRANGE expr opDOTDOT expr ')' stmt_block
   86             | rwFOREACH '(' VAR rwIN • expr opDOTDOT expr rwSTEP expr ')' stmt_block
   87             | rwFOREACH '(' VAR rwIN • rwRANGE expr opDOTDOT expr rwSTEP expr ')' stmt_block
   88             | rwFOREACH '(' VAR rwIN • rwRANGE expr ')' stmt_block

    rwDECLARE           shift, and go to state 5
    rwDECLARESINGLETON  shift, and go to state 6
    rwBREAK             shift, and go to state 60
    rwASSERT            shift, and go to state 20
    INTCONST            shift, and go to state 21
    TTAG                shift, and go to state 61
    VAR                 shift, and go to state 23
    IDENT               shift, and go to state 24
    STRATOM             shift, and go to state 26
    TAGATOM             shift, and go to state 27
    FLTCONST            shift, and go to state 28
    '-'                 shift, and go to state 29
    '*'                 shift, and go to state 30
    '('                 shift, and go to state 31
    '~'                 shift, and go to state 32
    '!'                 shift, and go to state 33
    rwRANGE             shift, and go to state 264

    object_decl   go to state 39
    expr          go to state 265
    slot_acc      go to state 47
    intslot_acc   go to state 48
    stmt_expr     go to state 65
    funcall_expr  go to state 50
    assert_expr   go to state 51


State 222

   83 foreach_stmt: rwFOREACHSTR '(' VAR rwIN • expr ')' stmt_block

    rwDECLARE           shift, and go to state 5
    rwDECLARESINGLETON  shift, and go to state 6
    rwBREAK             shift, and go to state 60
    rwASSERT            shift, and go to state 20
    INTCONST            shift, and go to state 21
    TTAG                shift, and go to state 61
    VAR                 shift, and go to state 23
    IDENT               shift, and go to state 24
    STRATOM             shift, and go to state 26
    TAGATOM             shift, and go to state 27
    FLTCONST            shift, and go to state 28
    '-'                 shift, and go to state 29
    '*'                 shift, and go to state 30
    '('                 shift, and go to state 31
    '~'                 shift, and go to state 32
    '!'                 shift, and go to state 33

    object_decl   go to state 39
    expr          go to state 266
    slot_acc      go to state 47
    intslot_acc   go to state 48
    stmt_expr     go to state 65
    funcall_expr  go to state 50
    assert_expr   go to state 51


State 223

   37 datablock_decl: rwDATABLOCK class_name_expr '(' expr • parent_block ')' '{' slot_assign_list_opt '}' ';'
   92 expr: expr • '^' expr
   93     | expr • '%' expr
   94     | expr • '&' expr
   95     | expr • '|' expr
   96     | expr • '+' expr
   97     | expr • '-' expr
   98     | expr • '*' expr
   99     | expr • '/' expr
  103     | expr • '?' expr ':' expr
  104     | expr • '<' expr
  105     | expr • '>' expr
  106     | expr • opGE expr
  107     | expr • opLE expr
  108     | expr • opEQ expr
  109     | expr • opNE expr
  110     | expr • opOR expr
  111     | expr • opSHL expr
  112     | expr • opSHR expr
  113     | expr • opAND expr
  114     | expr • opSTREQ expr
  115     | expr • opSTRNE expr
  116     | expr • '@' expr
  129 slot_acc: expr • '.' IDENT
  130         | expr • '.' IDENT '[' aidx_expr ']'
  131 intslot_acc: expr • opINTNAME class_name_expr
  132            | expr • opINTNAMER class_name_expr
  161 funcall_expr: expr • '.' IDENT '(' func_arg_list_decl ')'

    '+'         shift, and go to state 102
    '-'         shift, and go to state 103
    '*'         shift, and go to state 104
    '/'         shift, and go to state 105
    '<'         shift, and go to state 106
    '>'         shift, and go to state 107
    '.'         shift, and go to state 108
    '|'         shift, and go to state 109
    '&'         shift, and go to state 110
    '%'         shift, and go to state 111
    ':'         shift, and go to state 249
    '^'         shift, and go to state 112
    '@'         shift, and go to state 113
    opINTNAME   shift, and go to state 114
    opINTNAMER  shift, and go to state 115
    opSHL       shift, and go to state 116
    opSHR       shift, and go to state 117
    opEQ        shift, and go to state 118
    opNE        shift, and go to state 119
    opGE        shift, and go to state 120
    opLE        shift, and go to state 121
    opAND       shift, and go to state 122
    opOR        shift, and go to state 123
    opSTREQ     shift, and go to state 124
    opSTRNE     shift, and go to state 125
    '?'         shift, and go to state 126

    $default  reduce using rule 44 (parent_block)

    parent_block  go to state 267


State 224

   58 switch_stmt: rwSWITCH '(' expr ')' • '{' case_block '}'

    '{'  shift, and go to state 268


State 225

   59 switch_stmt: rwSWITCHSTR '(' expr ')' • '{' case_block '}'

    '{'  shift, and go to state 269


State 226

    7 package_decl: rwPACKAGE IDENT '{' fn_decl_list • '}' ';'
    9 fn_decl_list: fn_decl_list • fn_decl_stmt

    rwDEFINE  shift, and go to state 4
    '}'       shift, and go to state 270

    fn_decl_stmt  go to state 271


State 227

    8 fn_decl_list: fn_decl_stmt •

    $default  reduce using rule 8 (fn_decl_list)


State 228

  168 assert_expr: rwASSERT '(' expr ')' •

    $default  reduce using rule 168 (assert_expr)


State 229

  169 assert_expr: rwASSERT '(' expr ',' • STRATOM ')'

    STRATOM  shift, and go to state 272


State 230

   25 stmt: TTAG '=' expr ',' • expr ';'

    rwDECLARE           shift, and go to state 5
    rwDECLARESINGLETON  shift, and go to state 6
    rwBREAK             shift, and go to state 60
    rwASSERT            shift, and go to state 20
    INTCONST            shift, and go to state 21
    TTAG                shift, and go to state 61
    VAR                 shift, and go to state 23
    IDENT               shift, and go to state 24
    STRATOM             shift, and go to state 26
    TAGATOM             shift, and go to state 27
    FLTCONST            shift, and go to state 28
    '-'                 shift, and go to state 29
    '*'                 shift, and go to state 30
    '('                 shift, and go to state 31
    '~'                 shift, and go to state 32
    '!'                 shift, and go to state 33

    object_decl   go to state 39
    expr          go to state 273
    slot_acc      go to state 47
    intslot_acc   go to state 48
    stmt_expr     go to state 65
    funcall_expr  go to state 50
    assert_expr   go to state 51


State 231

   24 stmt: TTAG '=' expr ';' •

    $default  reduce using rule 24 (stmt)


State 232

  151 stmt_expr: VAR '=' '{' expr_list • '}'
  171 expr_list: expr_list • ',' expr

    ','  shift, and go to state 211
    '}'  shift, and go to state 274


State 233

  185 aidx_expr: aidx_expr ',' • expr

    rwDECLARE           shift, and go to state 5
    rwDECLARESINGLETON  shift, and go to state 6
    rwBREAK             shift, and go to state 60
    rwASSERT            shift, and go to state 20
    INTCONST            shift, and go to state 21
    TTAG                shift, and go to state 61
    VAR                 shift, and go to state 23
    IDENT               shift, and go to state 24
    STRATOM             shift, and go to state 26
    TAGATOM             shift, and go to state 27
    FLTCONST            shift, and go to state 28
    '-'                 shift, and go to state 29
    '*'                 shift, and go to state 30
    '('                 shift, and go to state 31
    '~'                 shift, and go to state 32
    '!'                 shift, and go to state 33

    object_decl   go to state 39
    expr          go to state 275
    slot_acc      go to state 47
    intslot_acc   go to state 48
    stmt_expr     go to state 65
    funcall_expr  go to state 50
    assert_expr   go to state 51


State 234

  128 expr: VAR '[' aidx_expr ']' •
  152 stmt_expr: VAR '[' aidx_expr ']' • '=' expr
  153          | VAR '[' aidx_expr ']' • '=' '{' expr_list '}'
  155          | VAR '[' aidx_expr ']' • assign_op_struct

    '='           shift, and go to state 276
    opMINUSMINUS  shift, and go to state 80
    opPLUSPLUS    shift, and go to state 81
    opPLASN       shift, and go to state 82
    opMIASN       shift, and go to state 83
    opMLASN       shift, and go to state 84
    opDVASN       shift, and go to state 85
    opMODASN      shift, and go to state 86
    opANDASN      shift, and go to state 87
    opXORASN      shift, and go to state 88
    opORASN       shift, and go to state 89
    opSLASN       shift, and go to state 90
    opSRASN       shift, and go to state 91

    $default  reduce using rule 128 (expr)

    assign_op_struct  go to state 277


State 235

  163 func_arg_item: '{' expr_list • '}'
  171 expr_list: expr_list • ',' expr

    ','  shift, and go to state 211
    '}'  shift, and go to state 278


State 236

  165 func_arg_list: func_arg_list ',' • func_arg_item

    rwDECLARE           shift, and go to state 5
    rwDECLARESINGLETON  shift, and go to state 6
    rwBREAK             shift, and go to state 60
    rwASSERT            shift, and go to state 20
    INTCONST            shift, and go to state 21
    TTAG                shift, and go to state 61
    VAR                 shift, and go to state 23
    IDENT               shift, and go to state 24
    STRATOM             shift, and go to state 26
    TAGATOM             shift, and go to state 27
    FLTCONST            shift, and go to state 28
    '-'                 shift, and go to state 29
    '*'                 shift, and go to state 30
    '('                 shift, and go to state 31
    '{'                 shift, and go to state 166
    '~'                 shift, and go to state 32
    '!'                 shift, and go to state 33

    object_decl    go to state 39
    expr           go to state 167
    slot_acc       go to state 47
    intslot_acc    go to state 48
    stmt_expr      go to state 65
    funcall_expr   go to state 50
    func_arg_item  go to state 279
    assert_expr    go to state 51


State 237

  159 funcall_expr: IDENT '(' func_arg_list_decl ')' •

    $default  reduce using rule 159 (funcall_expr)


State 238

  160 funcall_expr: IDENT opCOLONCOLON IDENT '(' • func_arg_list_decl ')'

    rwDECLARE           shift, and go to state 5
    rwDECLARESINGLETON  shift, and go to state 6
    rwBREAK             shift, and go to state 60
    rwASSERT            shift, and go to state 20
    INTCONST            shift, and go to state 21
    TTAG                shift, and go to state 61
    VAR                 shift, and go to state 23
    IDENT               shift, and go to state 24
    STRATOM             shift, and go to state 26
    TAGATOM             shift, and go to state 27
    FLTCONST            shift, and go to state 28
    '-'                 shift, and go to state 29
    '*'                 shift, and go to state 30
    '('                 shift, and go to state 31
    '{'                 shift, and go to state 166
    '~'                 shift, and go to state 32
    '!'                 shift, and go to state 33

    $default  reduce using rule 166 (func_arg_list_decl)

    object_decl         go to state 39
    expr                go to state 167
    slot_acc            go to state 47
    intslot_acc         go to state 48
    stmt_expr           go to state 65
    funcall_expr        go to state 50
    func_arg_item       go to state 168
    func_arg_list       go to state 169
    func_arg_list_decl  go to state 280
    assert_expr         go to state 51


State 239

  161 funcall_expr: expr '.' IDENT '(' • func_arg_list_decl ')'

    rwDECLARE           shift, and go to state 5
    rwDECLARESINGLETON  shift, and go to state 6
    rwBREAK             shift, and go to state 60
    rwASSERT            shift, and go to state 20
    INTCONST            shift, and go to state 21
    TTAG                shift, and go to state 61
    VAR                 shift, and go to state 23
    IDENT               shift, and go to state 24
    STRATOM             shift, and go to state 26
    TAGATOM             shift, and go to state 27
    FLTCONST            shift, and go to state 28
    '-'                 shift, and go to state 29
    '*'                 shift, and go to state 30
    '('                 shift, and go to state 31
    '{'                 shift, and go to state 166
    '~'                 shift, and go to state 32
    '!'                 shift, and go to state 33

    $default  reduce using rule 166 (func_arg_list_decl)

    object_decl         go to state 39
    expr                go to state 167
    slot_acc            go to state 47
    intslot_acc         go to state 48
    stmt_expr           go to state 65
    funcall_expr        go to state 50
    func_arg_item       go to state 168
    func_arg_list       go to state 169
    func_arg_list_decl  go to state 281
    assert_expr         go to state 51


State 240

  130 slot_acc: expr '.' IDENT '[' • aidx_expr ']'

    rwDECLARE           shift, and go to state 5
    rwDECLARESINGLETON  shift, and go to state 6
    rwBREAK             shift, and go to state 60
    rwASSERT            shift, and go to state 20
    INTCONST            shift, and go to state 21
    TTAG                shift, and go to state 61
    VAR                 shift, and go to state 23
    IDENT               shift, and go to state 24
    STRATOM             shift, and go to state 26
    TAGATOM             shift, and go to state 27
    FLTCONST            shift, and go to state 28
    '-'                 shift, and go to state 29
    '*'                 shift, and go to state 30
    '('                 shift, and go to state 31
    '~'                 shift, and go to state 32
    '!'                 shift, and go to state 33

    object_decl   go to state 39
    expr          go to state 164
    slot_acc      go to state 47
    intslot_acc   go to state 48
    stmt_expr     go to state 65
    funcall_expr  go to state 50
    assert_expr   go to state 51
    aidx_expr     go to state 282


State 241

  103 expr: expr '?' expr ':' • expr

    rwDECLARE           shift, and go to state 5
    rwDECLARESINGLETON  shift, and go to state 6
    rwBREAK             shift, and go to state 60
    rwASSERT            shift, and go to state 20
    INTCONST            shift, and go to state 21
    TTAG                shift, and go to state 61
    VAR                 shift, and go to state 23
    IDENT               shift, and go to state 24
    STRATOM             shift, and go to state 26
    TAGATOM             shift, and go to state 27
    FLTCONST            shift, and go to state 28
    '-'                 shift, and go to state 29
    '*'                 shift, and go to state 30
    '('                 shift, and go to state 31
    '~'                 shift, and go to state 32
    '!'                 shift, and go to state 33

    object_decl   go to state 39
    expr          go to state 283
    slot_acc      go to state 47
    intslot_acc   go to state 48
    stmt_expr     go to state 65
    funcall_expr  go to state 50
    assert_expr   go to state 51


State 242

  158 stmt_expr: slot_acc '=' '{' expr_list • '}'
  171 expr_list: expr_list • ',' expr

    ','  shift, and go to state 211
    '}'  shift, and go to state 284


State 243

   35 param: VAR '=' • expr

    rwDECLARE           shift, and go to state 5
    rwDECLARESINGLETON  shift, and go to state 6
    rwBREAK             shift, and go to state 60
    rwASSERT            shift, and go to state 20
    INTCONST            shift, and go to state 21
    TTAG                shift, and go to state 61
    VAR                 shift, and go to state 23
    IDENT               shift, and go to state 24
    STRATOM             shift, and go to state 26
    TAGATOM             shift, and go to state 27
    FLTCONST            shift, and go to state 28
    '-'                 shift, and go to state 29
    '*'                 shift, and go to state 30
    '('                 shift, and go to state 31
    '~'                 shift, and go to state 32
    '!'                 shift, and go to state 33

    object_decl   go to state 39
    expr          go to state 285
    slot_acc      go to state 47
    intslot_acc   go to state 48
    stmt_expr     go to state 65
    funcall_expr  go to state 50
    assert_expr   go to state 51


State 244

   34 param: VAR '?' •
   36      | VAR '?' • '=' expr

    '='  shift, and go to state 286

    $default  reduce using rule 34 (param)


State 245

   27 fn_decl_stmt: rwDEFINE IDENT '(' var_list_decl ')' • '{' statement_list '}'

    '{'  shift, and go to state 287


State 246

   32 var_list: var_list ',' • param

    VAR  shift, and go to state 200

    param  go to state 288


State 247

   28 fn_decl_stmt: rwDEFINE IDENT opCOLONCOLON IDENT '(' • var_list_decl ')' '{' statement_list '}'

    VAR  shift, and go to state 200

    $default  reduce using rule 29 (var_list_decl)

    var_list_decl  go to state 289
    var_list       go to state 202
    param          go to state 203


State 248

   40 object_decl: rwDECLARE class_name_expr '(' '[' object_name • ']' parent_block object_args ')' '{' object_declare_block '}'
   41            | rwDECLARE class_name_expr '(' '[' object_name • ']' parent_block object_args ')'

    ']'  shift, and go to state 290


State 249

   45 parent_block: ':' • IDENT

    IDENT  shift, and go to state 291


State 250

   38 object_decl: rwDECLARE class_name_expr '(' object_name parent_block • object_args ')' '{' object_declare_block '}'
   39            | rwDECLARE class_name_expr '(' object_name parent_block • object_args ')'

    ','  shift, and go to state 292

    $default  reduce using rule 48 (object_args)

    object_args  go to state 293


State 251

   42 object_decl: rwDECLARESINGLETON class_name_expr '(' object_name parent_block • object_args ')' '{' object_declare_block '}'
   43            | rwDECLARESINGLETON class_name_expr '(' object_name parent_block • object_args ')'

    ','  shift, and go to state 292

    $default  reduce using rule 48 (object_args)

    object_args  go to state 294


State 252

   65 if_stmt: rwIF '(' expr ')' stmt_block •
   66        | rwIF '(' expr ')' stmt_block • rwELSE stmt_block

    rwELSE  shift, and go to state 295

    rwELSE    [reduce using rule 65 (if_stmt)]
    $default  reduce using rule 65 (if_stmt)


State 253

   92 expr: expr • '^' expr
   93     | expr • '%' expr
   94     | expr • '&' expr
   95     | expr • '|' expr
   96     | expr • '+' expr
   97     | expr • '-' expr
   98     | expr • '*' expr
   99     | expr • '/' expr
  103     | expr • '?' expr ':' expr
  104     | expr • '<' expr
  105     | expr • '>' expr
  106     | expr • opGE expr
  107     | expr • opLE expr
  108     | expr • opEQ expr
  109     | expr • opNE expr
  110     | expr • opOR expr
  111     | expr • opSHL expr
  112     | expr • opSHR expr
  113     | expr • opAND expr
  114     | expr • opSTREQ expr
  115     | expr • opSTRNE expr
  116     | expr • '@' expr
  129 slot_acc: expr • '.' IDENT
  130         | expr • '.' IDENT '[' aidx_expr ']'
  131 intslot_acc: expr • opINTNAME class_name_expr
  132            | expr • opINTNAMER class_name_expr
  161 funcall_expr: expr • '.' IDENT '(' func_arg_list_decl ')'
  171 expr_list: expr_list ',' expr •

    '+'         shift, and go to state 102
    '-'         shift, and go to state 103
    '*'         shift, and go to state 104
    '/'         shift, and go to state 105
    '<'         shift, and go to state 106
    '>'         shift, and go to state 107
    '.'         shift, and go to state 108
    '|'         shift, and go to state 109
    '&'         shift, and go to state 110
    '%'         shift, and go to state 111
    '^'         shift, and go to state 112
    '@'         shift, and go to state 113
    opINTNAME   shift, and go to state 114
    opINTNAMER  shift, and go to state 115
    opSHL       shift, and go to state 116
    opSHR       shift, and go to state 117
    opEQ        shift, and go to state 118
    opNE        shift, and go to state 119
    opGE        shift, and go to state 120
    opLE        shift, and go to state 121
    opAND       shift, and go to state 122
    opOR        shift, and go to state 123
    opSTREQ     shift, and go to state 124
    opSTRNE     shift, and go to state 125
    '?'         shift, and go to state 126

    $default  reduce using rule 171 (expr_list)


State 254

   22 stmt: rwRETURN '{' expr_list '}' ';' •

    $default  reduce using rule 22 (stmt)


State 255

   67 while_stmt: rwWHILE '(' expr ')' stmt_block •

    $default  reduce using rule 67 (while_stmt)


State 256

   68 while_stmt: rwDO stmt_block rwWHILE '(' expr • ')'
   92 expr: expr • '^' expr
   93     | expr • '%' expr
   94     | expr • '&' expr
   95     | expr • '|' expr
   96     | expr • '+' expr
   97     | expr • '-' expr
   98     | expr • '*' expr
   99     | expr • '/' expr
  103     | expr • '?' expr ':' expr
  104     | expr • '<' expr
  105     | expr • '>' expr
  106     | expr • opGE expr
  107     | expr • opLE expr
  108     | expr • opEQ expr
  109     | expr • opNE expr
  110     | expr • opOR expr
  111     | expr • opSHL expr
  112     | expr • opSHR expr
  113     | expr • opAND expr
  114     | expr • opSTREQ expr
  115     | expr • opSTRNE expr
  116     | expr • '@' expr
  129 slot_acc: expr • '.' IDENT
  130         | expr • '.' IDENT '[' aidx_expr ']'
  131 intslot_acc: expr • opINTNAME class_name_expr
  132            | expr • opINTNAMER class_name_expr
  161 funcall_expr: expr • '.' IDENT '(' func_arg_list_decl ')'

    '+'         shift, and go to state 102
    '-'         shift, and go to state 103
    '*'         shift, and go to state 104
    '/'         shift, and go to state 105
    '<'         shift, and go to state 106
    '>'         shift, and go to state 107
    '.'         shift, and go to state 108
    '|'         shift, and go to state 109
    '&'         shift, and go to state 110
    '%'         shift, and go to state 111
    ')'         shift, and go to state 296
    '^'         shift, and go to state 112
    '@'         shift, and go to state 113
    opINTNAME   shift, and go to state 114
    opINTNAMER  shift, and go to state 115
    opSHL       shift, and go to state 116
    opSHR       shift, and go to state 117
    opEQ        shift, and go to state 118
    opNE        shift, and go to state 119
    opGE        shift, and go to state 120
    opLE        shift, and go to state 121
    opAND       shift, and go to state 122
    opOR        shift, and go to state 123
    opSTREQ     shift, and go to state 124
    opSTRNE     shift, and go to state 125
    '?'         shift, and go to state 126


State 257

   78 for_stmt: rwFOR '(' VAR rwIN rwRANGE • expr opDOTDOT expr ')' stmt_block
   80         | rwFOR '(' VAR rwIN rwRANGE • expr opDOTDOT expr rwSTEP expr ')' stmt_block
   81         | rwFOR '(' VAR rwIN rwRANGE • expr ')' stmt_block

    rwDECLARE           shift, and go to state 5
    rwDECLARESINGLETON  shift, and go to state 6
    rwBREAK             shift, and go to state 60
    rwASSERT            shift, and go to state 20
    INTCONST            shift, and go to state 21
    TTAG                shift, and go to state 61
    VAR                 shift, and go to state 23
    IDENT               shift, and go to state 24
    STRATOM             shift, and go to state 26
    TAGATOM             shift, and go to state 27
    FLTCONST            shift, and go to state 28
    '-'                 shift, and go to state 29
    '*'                 shift, and go to state 30
    '('                 shift, and go to state 31
    '~'                 shift, and go to state 32
    '!'                 shift, and go to state 33

    object_decl   go to state 39
    expr          go to state 297
    slot_acc      go to state 47
    intslot_acc   go to state 48
    stmt_expr     go to state 65
    funcall_expr  go to state 50
    assert_expr   go to state 51


State 258

   77 for_stmt: rwFOR '(' VAR rwIN expr • opDOTDOT expr ')' stmt_block
   79         | rwFOR '(' VAR rwIN expr • opDOTDOT expr rwSTEP expr ')' stmt_block
   92 expr: expr • '^' expr
   93     | expr • '%' expr
   94     | expr • '&' expr
   95     | expr • '|' expr
   96     | expr • '+' expr
   97     | expr • '-' expr
   98     | expr • '*' expr
   99     | expr • '/' expr
  103     | expr • '?' expr ':' expr
  104     | expr • '<' expr
  105     | expr • '>' expr
  106     | expr • opGE expr
  107     | expr • opLE expr
  108     | expr • opEQ expr
  109     | expr • opNE expr
  110     | expr • opOR expr
  111     | expr • opSHL expr
  112     | expr • opSHR expr
  113     | expr • opAND expr
  114     | expr • opSTREQ expr
  115     | expr • opSTRNE expr
  116     | expr • '@' expr
  129 slot_acc: expr • '.' IDENT
  130         | expr • '.' IDENT '[' aidx_expr ']'
  131 intslot_acc: expr • opINTNAME class_name_expr
  132            | expr • opINTNAMER class_name_expr
  161 funcall_expr: expr • '.' IDENT '(' func_arg_list_decl ')'

    '+'         shift, and go to state 102
    '-'         shift, and go to state 103
    '*'         shift, and go to state 104
    '/'         shift, and go to state 105
    '<'         shift, and go to state 106
    '>'         shift, and go to state 107
    '.'         shift, and go to state 108
    '|'         shift, and go to state 109
    '&'         shift, and go to state 110
    '%'         shift, and go to state 111
    '^'         shift, and go to state 112
    '@'         shift, and go to state 113
    opINTNAME   shift, and go to state 114
    opINTNAMER  shift, and go to state 115
    opSHL       shift, and go to state 116
    opSHR       shift, and go to state 117
    opEQ        shift, and go to state 118
    opNE        shift, and go to state 119
    opGE        shift, and go to state 120
    opLE        shift, and go to state 121
    opAND       shift, and go to state 122
    opOR        shift, and go to state 123
    opSTREQ     shift, and go to state 124
    opSTRNE     shift, and go to state 125
    opDOTDOT    shift, and go to state 298
    '?'         shift, and go to state 126


State 259

   76 for_stmt: rwFOR '(' ';' ';' ')' • stmt_block

    rwDECLARE           shift, and go to state 5
    rwDECLARESINGLETON  shift, and go to state 6
    rwBREAK             shift, and go to state 7
    rwCONTINUE          shift, and go to state 8
    rwIF                shift, and go to state 9
    rwRETURN            shift, and go to state 10
    rwWHILE             shift, and go to state 11
    rwDO                shift, and go to state 12
    rwFOR               shift, and go to state 13
    rwFOREACH           shift, and go to state 14
    rwFOREACHSTR        shift, and go to state 15
    rwDATABLOCK         shift, and go to state 16
    rwSWITCH            shift, and go to state 17
    rwSWITCHSTR         shift, and go to state 18
    rwASSERT            shift, and go to state 20
    INTCONST            shift, and go to state 21
    TTAG                shift, and go to state 22
    VAR                 shift, and go to state 23
    IDENT               shift, and go to state 24
    DOCBLOCK            shift, and go to state 25
    STRATOM             shift, and go to state 26
    TAGATOM             shift, and go to state 27
    FLTCONST            shift, and go to state 28
    '-'                 shift, and go to state 29
    '*'                 shift, and go to state 30
    '('                 shift, and go to state 31
    '{'                 shift, and go to state 67
    '~'                 shift, and go to state 32
    '!'                 shift, and go to state 33

    stmt             go to state 68
    datablock_decl   go to state 38
    object_decl      go to state 39
    stmt_block       go to state 299
    switch_stmt      go to state 40
    if_stmt          go to state 41
    while_stmt       go to state 42
    for_stmt         go to state 43
    foreach_stmt     go to state 44
    expression_stmt  go to state 45
    expr             go to state 46
    slot_acc         go to state 47
    intslot_acc      go to state 48
    stmt_expr        go to state 49
    funcall_expr     go to state 50
    assert_expr      go to state 51


State 260

   75 for_stmt: rwFOR '(' ';' ';' expr • ')' stmt_block
   92 expr: expr • '^' expr
   93     | expr • '%' expr
   94     | expr • '&' expr
   95     | expr • '|' expr
   96     | expr • '+' expr
   97     | expr • '-' expr
   98     | expr • '*' expr
   99     | expr • '/' expr
  103     | expr • '?' expr ':' expr
  104     | expr • '<' expr
  105     | expr • '>' expr
  106     | expr • opGE expr
  107     | expr • opLE expr
  108     | expr • opEQ expr
  109     | expr • opNE expr
  110     | expr • opOR expr
  111     | expr • opSHL expr
  112     | expr • opSHR expr
  113     | expr • opAND expr
  114     | expr • opSTREQ expr
  115     | expr • opSTRNE expr
  116     | expr • '@' expr
  129 slot_acc: expr • '.' IDENT
  130         | expr • '.' IDENT '[' aidx_expr ']'
  131 intslot_acc: expr • opINTNAME class_name_expr
  132            | expr • opINTNAMER class_name_expr
  161 funcall_expr: expr • '.' IDENT '(' func_arg_list_decl ')'

    '+'         shift, and go to state 102
    '-'         shift, and go to state 103
    '*'         shift, and go to state 104
    '/'         shift, and go to state 105
    '<'         shift, and go to state 106
    '>'         shift, and go to state 107
    '.'         shift, and go to state 108
    '|'         shift, and go to state 109
    '&'         shift, and go to state 110
    '%'         shift, and go to state 111
    ')'         shift, and go to state 300
    '^'         shift, and go to state 112
    '@'         shift, and go to state 113
    opINTNAME   shift, and go to state 114
    opINTNAMER  shift, and go to state 115
    opSHL       shift, and go to state 116
    opSHR       shift, and go to state 117
    opEQ        shift, and go to state 118
    opNE        shift, and go to state 119
    opGE        shift, and go to state 120
    opLE        shift, and go to state 121
    opAND       shift, and go to state 122
    opOR        shift, and go to state 123
    opSTREQ     shift, and go to state 124
    opSTRNE     shift, and go to state 125
    '?'         shift, and go to state 126


State 261

   73 for_stmt: rwFOR '(' ';' expr ';' • expr ')' stmt_block
   74         | rwFOR '(' ';' expr ';' • ')' stmt_block

    rwDECLARE           shift, and go to state 5
    rwDECLARESINGLETON  shift, and go to state 6
    rwBREAK             shift, and go to state 60
    rwASSERT            shift, and go to state 20
    INTCONST            shift, and go to state 21
    TTAG                shift, and go to state 61
    VAR                 shift, and go to state 23
    IDENT               shift, and go to state 24
    STRATOM             shift, and go to state 26
    TAGATOM             shift, and go to state 27
    FLTCONST            shift, and go to state 28
    '-'                 shift, and go to state 29
    '*'                 shift, and go to state 30
    '('                 shift, and go to state 31
    ')'                 shift, and go to state 301
    '~'                 shift, and go to state 32
    '!'                 shift, and go to state 33

    object_decl   go to state 39
    expr          go to state 302
    slot_acc      go to state 47
    intslot_acc   go to state 48
    stmt_expr     go to state 65
    funcall_expr  go to state 50
    assert_expr   go to state 51


State 262

   71 for_stmt: rwFOR '(' expr ';' ';' • expr ')' stmt_block
   72         | rwFOR '(' expr ';' ';' • ')' stmt_block

    rwDECLARE           shift, and go to state 5
    rwDECLARESINGLETON  shift, and go to state 6
    rwBREAK             shift, and go to state 60
    rwASSERT            shift, and go to state 20
    INTCONST            shift, and go to state 21
    TTAG                shift, and go to state 61
    VAR                 shift, and go to state 23
    IDENT               shift, and go to state 24
    STRATOM             shift, and go to state 26
    TAGATOM             shift, and go to state 27
    FLTCONST            shift, and go to state 28
    '-'                 shift, and go to state 29
    '*'                 shift, and go to state 30
    '('                 shift, and go to state 31
    ')'                 shift, and go to state 303
    '~'                 shift, and go to state 32
    '!'                 shift, and go to state 33

    object_decl   go to state 39
    expr          go to state 304
    slot_acc      go to state 47
    intslot_acc   go to state 48
    stmt_expr     go to state 65
    funcall_expr  go to state 50
    assert_expr   go to state 51


State 263

   69 for_stmt: rwFOR '(' expr ';' expr • ';' expr ')' stmt_block
   70         | rwFOR '(' expr ';' expr • ';' ')' stmt_block
   92 expr: expr • '^' expr
   93     | expr • '%' expr
   94     | expr • '&' expr
   95     | expr • '|' expr
   96     | expr • '+' expr
   97     | expr • '-' expr
   98     | expr • '*' expr
   99     | expr • '/' expr
  103     | expr • '?' expr ':' expr
  104     | expr • '<' expr
  105     | expr • '>' expr
  106     | expr • opGE expr
  107     | expr • opLE expr
  108     | expr • opEQ expr
  109     | expr • opNE expr
  110     | expr • opOR expr
  111     | expr • opSHL expr
  112     | expr • opSHR expr
  113     | expr • opAND expr
  114     | expr • opSTREQ expr
  115     | expr • opSTRNE expr
  116     | expr • '@' expr
  129 slot_acc: expr • '.' IDENT
  130         | expr • '.' IDENT '[' aidx_expr ']'
  131 intslot_acc: expr • opINTNAME class_name_expr
  132            | expr • opINTNAMER class_name_expr
  161 funcall_expr: expr • '.' IDENT '(' func_arg_list_decl ')'

    '+'         shift, and go to state 102
    '-'         shift, and go to state 103
    '*'         shift, and go to state 104
    '/'         shift, and go to state 105
    '<'         shift, and go to state 106
    '>'         shift, and go to state 107
    '.'         shift, and go to state 108
    '|'         shift, and go to state 109
    '&'         shift, and go to state 110
    '%'         shift, and go to state 111
    ';'         shift, and go to state 305
    '^'         shift, and go to state 112
    '@'         shift, and go to state 113
    opINTNAME   shift, and go to state 114
    opINTNAMER  shift, and go to state 115
    opSHL       shift, and go to state 116
    opSHR       shift, and go to state 117
    opEQ        shift, and go to state 118
    opNE        shift, and go to state 119
    opGE        shift, and go to state 120
    opLE        shift, and go to state 121
    opAND       shift, and go to state 122
    opOR        shift, and go to state 123
    opSTREQ     shift, and go to state 124
    opSTRNE     shift, and go to state 125
    '?'         shift, and go to state 126


State 264

   85 foreach_stmt: rwFOREACH '(' VAR rwIN rwRANGE • expr opDOTDOT expr ')' stmt_block
   87             | rwFOREACH '(' VAR rwIN rwRANGE • expr opDOTDOT expr rwSTEP expr ')' stmt_block
   88             | rwFOREACH '(' VAR rwIN rwRANGE • expr ')' stmt_block

    rwDECLARE           shift, and go to state 5
    rwDECLARESINGLETON  shift, and go to state 6
    rwBREAK             shift, and go to state 60
    rwASSERT            shift, and go to state 20
    INTCONST            shift, and go to state 21
    TTAG                shift, and go to state 61
    VAR                 shift, and go to state 23
    IDENT               shift, and go to state 24
    STRATOM             shift, and go to state 26
    TAGATOM             shift, and go to state 27
    FLTCONST            shift, and go to state 28
    '-'                 shift, and go to state 29
    '*'                 shift, and go to state 30
    '('                 shift, and go to state 31
    '~'                 shift, and go to state 32
    '!'                 shift, and go to state 33

    object_decl   go to state 39
    expr          go to state 306
    slot_acc      go to state 47
    intslot_acc   go to state 48
    stmt_expr     go to state 65
    funcall_expr  go to state 50
    assert_expr   go to state 51


State 265

   82 foreach_stmt: rwFOREACH '(' VAR rwIN expr • ')' stmt_block
   84             | rwFOREACH '(' VAR rwIN expr • opDOTDOT expr ')' stmt_block
   86             | rwFOREACH '(' VAR rwIN expr • opDOTDOT expr rwSTEP expr ')' stmt_block
   92 expr: expr • '^' expr
   93     | expr • '%' expr
   94     | expr • '&' expr
   95     | expr • '|' expr
   96     | expr • '+' expr
   97     | expr • '-' expr
   98     | expr • '*' expr
   99     | expr • '/' expr
  103     | expr • '?' expr ':' expr
  104     | expr • '<' expr
  105     | expr • '>' expr
  106     | expr • opGE expr
  107     | expr • opLE expr
  108     | expr • opEQ expr
  109     | expr • opNE expr
  110     | expr • opOR expr
  111     | expr • opSHL expr
  112     | expr • opSHR expr
  113     | expr • opAND expr
  114     | expr • opSTREQ expr
  115     | expr • opSTRNE expr
  116     | expr • '@' expr
  129 slot_acc: expr • '.' IDENT
  130         | expr • '.' IDENT '[' aidx_expr ']'
  131 intslot_acc: expr • opINTNAME class_name_expr
  132            | expr • opINTNAMER class_name_expr
  161 funcall_expr: expr • '.' IDENT '(' func_arg_list_decl ')'

    '+'         shift, and go to state 102
    '-'         shift, and go to state 103
    '*'         shift, and go to state 104
    '/'         shift, and go to state 105
    '<'         shift, and go to state 106
    '>'         shift, and go to state 107
    '.'         shift, and go to state 108
    '|'         shift, and go to state 109
    '&'         shift, and go to state 110
    '%'         shift, and go to state 111
    ')'         shift, and go to state 307
    '^'         shift, and go to state 112
    '@'         shift, and go to state 113
    opINTNAME   shift, and go to state 114
    opINTNAMER  shift, and go to state 115
    opSHL       shift, and go to state 116
    opSHR       shift, and go to state 117
    opEQ        shift, and go to state 118
    opNE        shift, and go to state 119
    opGE        shift, and go to state 120
    opLE        shift, and go to state 121
    opAND       shift, and go to state 122
    opOR        shift, and go to state 123
    opSTREQ     shift, and go to state 124
    opSTRNE     shift, and go to state 125
    opDOTDOT    shift, and go to state 308
    '?'         shift, and go to state 126


State 266

   83 foreach_stmt: rwFOREACHSTR '(' VAR rwIN expr • ')' stmt_block
   92 expr: expr • '^' expr
   93     | expr • '%' expr
   94     | expr • '&' expr
   95     | expr • '|' expr
   96     | expr • '+' expr
   97     | expr • '-' expr
   98     | expr • '*' expr
   99     | expr • '/' expr
  103     | expr • '?' expr ':' expr
  104     | expr • '<' expr
  105     | expr • '>' expr
  106     | expr • opGE expr
  107     | expr • opLE expr
  108     | expr • opEQ expr
  109     | expr • opNE expr
  110     | expr • opOR expr
  111     | expr • opSHL expr
  112     | expr • opSHR expr
  113     | expr • opAND expr
  114     | expr • opSTREQ expr
  115     | expr • opSTRNE expr
  116     | expr • '@' expr
  129 slot_acc: expr • '.' IDENT
  130         | expr • '.' IDENT '[' aidx_expr ']'
  131 intslot_acc: expr • opINTNAME class_name_expr
  132            | expr • opINTNAMER class_name_expr
  161 funcall_expr: expr • '.' IDENT '(' func_arg_list_decl ')'

    '+'         shift, and go to state 102
    '-'         shift, and go to state 103
    '*'         shift, and go to state 104
    '/'         shift, and go to state 105
    '<'         shift, and go to state 106
    '>'         shift, and go to state 107
    '.'         shift, and go to state 108
    '|'         shift, and go to state 109
    '&'         shift, and go to state 110
    '%'         shift, and go to state 111
    ')'         shift, and go to state 309
    '^'         shift, and go to state 112
    '@'         shift, and go to state 113
    opINTNAME   shift, and go to state 114
    opINTNAMER  shift, and go to state 115
    opSHL       shift, and go to state 116
    opSHR       shift, and go to state 117
    opEQ        shift, and go to state 118
    opNE        shift, and go to state 119
    opGE        shift, and go to state 120
    opLE        shift, and go to state 121
    opAND       shift, and go to state 122
    opOR        shift, and go to state 123
    opSTREQ     shift, and go to state 124
    opSTRNE     shift, and go to state 125
    '?'         shift, and go to state 126


State 267

   37 datablock_decl: rwDATABLOCK class_name_expr '(' expr parent_block • ')' '{' slot_assign_list_opt '}' ';'

    ')'  shift, and go to state 310


State 268

   58 switch_stmt: rwSWITCH '(' expr ')' '{' • case_block '}'

    rwCASE  shift, and go to state 311

    case_block  go to state 312


State 269

   59 switch_stmt: rwSWITCHSTR '(' expr ')' '{' • case_block '}'

    rwCASE  shift, and go to state 311

    case_block  go to state 313


State 270

    7 package_decl: rwPACKAGE IDENT '{' fn_decl_list '}' • ';'

    ';'  shift, and go to state 314


State 271

    9 fn_decl_list: fn_decl_list fn_decl_stmt •

    $default  reduce using rule 9 (fn_decl_list)


State 272

  169 assert_expr: rwASSERT '(' expr ',' STRATOM • ')'

    ')'  shift, and go to state 315


State 273

   25 stmt: TTAG '=' expr ',' expr • ';'
   92 expr: expr • '^' expr
   93     | expr • '%' expr
   94     | expr • '&' expr
   95     | expr • '|' expr
   96     | expr • '+' expr
   97     | expr • '-' expr
   98     | expr • '*' expr
   99     | expr • '/' expr
  103     | expr • '?' expr ':' expr
  104     | expr • '<' expr
  105     | expr • '>' expr
  106     | expr • opGE expr
  107     | expr • opLE expr
  108     | expr • opEQ expr
  109     | expr • opNE expr
  110     | expr • opOR expr
  111     | expr • opSHL expr
  112     | expr • opSHR expr
  113     | expr • opAND expr
  114     | expr • opSTREQ expr
  115     | expr • opSTRNE expr
  116     | expr • '@' expr
  129 slot_acc: expr • '.' IDENT
  130         | expr • '.' IDENT '[' aidx_expr ']'
  131 intslot_acc: expr • opINTNAME class_name_expr
  132            | expr • opINTNAMER class_name_expr
  161 funcall_expr: expr • '.' IDENT '(' func_arg_list_decl ')'

    '+'         shift, and go to state 102
    '-'         shift, and go to state 103
    '*'         shift, and go to state 104
    '/'         shift, and go to state 105
    '<'         shift, and go to state 106
    '>'         shift, and go to state 107
    '.'         shift, and go to state 108
    '|'         shift, and go to state 109
    '&'         shift, and go to state 110
    '%'         shift, and go to state 111
    ';'         shift, and go to state 316
    '^'         shift, and go to state 112
    '@'         shift, and go to state 113
    opINTNAME   shift, and go to state 114
    opINTNAMER  shift, and go to state 115
    opSHL       shift, and go to state 116
    opSHR       shift, and go to state 117
    opEQ        shift, and go to state 118
    opNE        shift, and go to state 119
    opGE        shift, and go to state 120
    opLE        shift, and go to state 121
    opAND       shift, and go to state 122
    opOR        shift, and go to state 123
    opSTREQ     shift, and go to state 124
    opSTRNE     shift, and go to state 125
    '?'         shift, and go to state 126


State 274

  151 stmt_expr: VAR '=' '{' expr_list '}' •

    $default  reduce using rule 151 (stmt_expr)


State 275

   92 expr: expr • '^' expr
   93     | expr • '%' expr
   94     | expr • '&' expr
   95     | expr • '|' expr
   96     | expr • '+' expr
   97     | expr • '-' expr
   98     | expr • '*' expr
   99     | expr • '/' expr
  103     | expr • '?' expr ':' expr
  104     | expr • '<' expr
  105     | expr • '>' expr
  106     | expr • opGE expr
  107     | expr • opLE expr
  108     | expr • opEQ expr
  109     | expr • opNE expr
  110     | expr • opOR expr
  111     | expr • opSHL expr
  112     | expr • opSHR expr
  113     | expr • opAND expr
  114     | expr • opSTREQ expr
  115     | expr • opSTRNE expr
  116     | expr • '@' expr
  129 slot_acc: expr • '.' IDENT
  130         | expr • '.' IDENT '[' aidx_expr ']'
  131 intslot_acc: expr • opINTNAME class_name_expr
  132            | expr • opINTNAMER class_name_expr
  161 funcall_expr: expr • '.' IDENT '(' func_arg_list_decl ')'
  185 aidx_expr: aidx_expr ',' expr •

    '+'         shift, and go to state 102
    '-'         shift, and go to state 103
    '*'         shift, and go to state 104
    '/'         shift, and go to state 105
    '<'         shift, and go to state 106
    '>'         shift, and go to state 107
    '.'         shift, and go to state 108
    '|'         shift, and go to state 109
    '&'         shift, and go to state 110
    '%'         shift, and go to state 111
    '^'         shift, and go to state 112
    '@'         shift, and go to state 113
    opINTNAME   shift, and go to state 114
    opINTNAMER  shift, and go to state 115
    opSHL       shift, and go to state 116
    opSHR       shift, and go to state 117
    opEQ        shift, and go to state 118
    opNE        shift, and go to state 119
    opGE        shift, and go to state 120
    opLE        shift, and go to state 121
    opAND       shift, and go to state 122
    opOR        shift, and go to state 123
    opSTREQ     shift, and go to state 124
    opSTRNE     shift, and go to state 125
    '?'         shift, and go to state 126

    $default  reduce using rule 185 (aidx_expr)


State 276

  152 stmt_expr: VAR '[' aidx_expr ']' '=' • expr
  153          | VAR '[' aidx_expr ']' '=' • '{' expr_list '}'

    rwDECLARE           shift, and go to state 5
    rwDECLARESINGLETON  shift, and go to state 6
    rwBREAK             shift, and go to state 60
    rwASSERT            shift, and go to state 20
    INTCONST            shift, and go to state 21
    TTAG                shift, and go to state 61
    VAR                 shift, and go to state 23
    IDENT               shift, and go to state 24
    STRATOM             shift, and go to state 26
    TAGATOM             shift, and go to state 27
    FLTCONST            shift, and go to state 28
    '-'                 shift, and go to state 29
    '*'                 shift, and go to state 30
    '('                 shift, and go to state 31
    '{'                 shift, and go to state 317
    '~'                 shift, and go to state 32
    '!'                 shift, and go to state 33

    object_decl   go to state 39
    expr          go to state 318
    slot_acc      go to state 47
    intslot_acc   go to state 48
    stmt_expr     go to state 65
    funcall_expr  go to state 50
    assert_expr   go to state 51


State 277

  155 stmt_expr: VAR '[' aidx_expr ']' assign_op_struct •

    $default  reduce using rule 155 (stmt_expr)


State 278

  163 func_arg_item: '{' expr_list '}' •

    $default  reduce using rule 163 (func_arg_item)


State 279

  165 func_arg_list: func_arg_list ',' func_arg_item •

    $default  reduce using rule 165 (func_arg_list)


State 280

  160 funcall_expr: IDENT opCOLONCOLON IDENT '(' func_arg_list_decl • ')'

    ')'  shift, and go to state 319


State 281

  161 funcall_expr: expr '.' IDENT '(' func_arg_list_decl • ')'

    ')'  shift, and go to state 320


State 282

  130 slot_acc: expr '.' IDENT '[' aidx_expr • ']'
  185 aidx_expr: aidx_expr • ',' expr

    ','  shift, and go to state 233
    ']'  shift, and go to state 321


State 283

   92 expr: expr • '^' expr
   93     | expr • '%' expr
   94     | expr • '&' expr
   95     | expr • '|' expr
   96     | expr • '+' expr
   97     | expr • '-' expr
   98     | expr • '*' expr
   99     | expr • '/' expr
  103     | expr • '?' expr ':' expr
  103     | expr '?' expr ':' expr •
  104     | expr • '<' expr
  105     | expr • '>' expr
  106     | expr • opGE expr
  107     | expr • opLE expr
  108     | expr • opEQ expr
  109     | expr • opNE expr
  110     | expr • opOR expr
  111     | expr • opSHL expr
  112     | expr • opSHR expr
  113     | expr • opAND expr
  114     | expr • opSTREQ expr
  115     | expr • opSTRNE expr
  116     | expr • '@' expr
  129 slot_acc: expr • '.' IDENT
  130         | expr • '.' IDENT '[' aidx_expr ']'
  131 intslot_acc: expr • opINTNAME class_name_expr
  132            | expr • opINTNAMER class_name_expr
  161 funcall_expr: expr • '.' IDENT '(' func_arg_list_decl ')'

    '+'         shift, and go to state 102
    '-'         shift, and go to state 103
    '*'         shift, and go to state 104
    '/'         shift, and go to state 105
    '<'         shift, and go to state 106
    '>'         shift, and go to state 107
    '.'         shift, and go to state 108
    '|'         shift, and go to state 109
    '&'         shift, and go to state 110
    '%'         shift, and go to state 111
    '^'         shift, and go to state 112
    '@'         shift, and go to state 113
    opINTNAME   shift, and go to state 114
    opINTNAMER  shift, and go to state 115
    opSHL       shift, and go to state 116
    opSHR       shift, and go to state 117
    opEQ        shift, and go to state 118
    opNE        shift, and go to state 119
    opGE        shift, and go to state 120
    opLE        shift, and go to state 121
    opAND       shift, and go to state 122
    opOR        shift, and go to state 123
    opSTREQ     shift, and go to state 124
    opSTRNE     shift, and go to state 125

    $default  reduce using rule 103 (expr)


State 284

  158 stmt_expr: slot_acc '=' '{' expr_list '}' •

    $default  reduce using rule 158 (stmt_expr)


State 285

   35 param: VAR '=' expr •
   92 expr: expr • '^' expr
   93     | expr • '%' expr
   94     | expr • '&' expr
   95     | expr • '|' expr
   96     | expr • '+' expr
   97     | expr • '-' expr
   98     | expr • '*' expr
   99     | expr • '/' expr
  103     | expr • '?' expr ':' expr
  104     | expr • '<' expr
  105     | expr • '>' expr
  106     | expr • opGE expr
  107     | expr • opLE expr
  108     | expr • opEQ expr
  109     | expr • opNE expr
  110     | expr • opOR expr
  111     | expr • opSHL expr
  112     | expr • opSHR expr
  113     | expr • opAND expr
  114     | expr • opSTREQ expr
  115     | expr • opSTRNE expr
  116     | expr • '@' expr
  129 slot_acc: expr • '.' IDENT
  130         | expr • '.' IDENT '[' aidx_expr ']'
  131 intslot_acc: expr • opINTNAME class_name_expr
  132            | expr • opINTNAMER class_name_expr
  161 funcall_expr: expr • '.' IDENT '(' func_arg_list_decl ')'

    '+'         shift, and go to state 102
    '-'         shift, and go to state 103
    '*'         shift, and go to state 104
    '/'         shift, and go to state 105
    '<'         shift, and go to state 106
    '>'         shift, and go to state 107
    '.'         shift, and go to state 108
    '|'         shift, and go to state 109
    '&'         shift, and go to state 110
    '%'         shift, and go to state 111
    '^'         shift, and go to state 112
    '@'         shift, and go to state 113
    opINTNAME   shift, and go to state 114
    opINTNAMER  shift, and go to state 115
    opSHL       shift, and go to state 116
    opSHR       shift, and go to state 117
    opEQ        shift, and go to state 118
    opNE        shift, and go to state 119
    opGE        shift, and go to state 120
    opLE        shift, and go to state 121
    opAND       shift, and go to state 122
    opOR        shift, and go to state 123
    opSTREQ     shift, and go to state 124
    opSTRNE     shift, and go to state 125
    '?'         shift, and go to state 126

    $default  reduce using rule 35 (param)


State 286

   36 param: VAR '?' '=' • expr

    rwDECLARE           shift, and go to state 5
    rwDECLARESINGLETON  shift, and go to state 6
    rwBREAK             shift, and go to state 60
    rwASSERT            shift, and go to state 20
    INTCONST            shift, and go to state 21
    TTAG                shift, and go to state 61
    VAR                 shift, and go to state 23
    IDENT               shift, and go to state 24
    STRATOM             shift, and go to state 26
    TAGATOM             shift, and go to state 27
    FLTCONST            shift, and go to state 28
    '-'                 shift, and go to state 29
    '*'                 shift, and go to state 30
    '('                 shift, and go to state 31
    '~'                 shift, and go to state 32
    '!'                 shift, and go to state 33

    object_decl   go to state 39
    expr          go to state 322
    slot_acc      go to state 47
    intslot_acc   go to state 48
    stmt_expr     go to state 65
    funcall_expr  go to state 50
    assert_expr   go to state 51


State 287

   27 fn_decl_stmt: rwDEFINE IDENT '(' var_list_decl ')' '{' • statement_list '}'

    $default  reduce using rule 10 (statement_list)

    statement_list  go to state 323


State 288

   32 var_list: var_list ',' param •

    $default  reduce using rule 32 (var_list)


State 289

   28 fn_decl_stmt: rwDEFINE IDENT opCOLONCOLON IDENT '(' var_list_decl • ')' '{' statement_list '}'

    ')'  shift, and go to state 324


State 290

   40 object_decl: rwDECLARE class_name_expr '(' '[' object_name ']' • parent_block object_args ')' '{' object_declare_block '}'
   41            | rwDECLARE class_name_expr '(' '[' object_name ']' • parent_block object_args ')'

    ':'  shift, and go to state 249

    $default  reduce using rule 44 (parent_block)

    parent_block  go to state 325


State 291

   45 parent_block: ':' IDENT •

    $default  reduce using rule 45 (parent_block)


State 292

   49 object_args: ',' • expr_list

    rwDECLARE           shift, and go to state 5
    rwDECLARESINGLETON  shift, and go to state 6
    rwBREAK             shift, and go to state 60
    rwASSERT            shift, and go to state 20
    INTCONST            shift, and go to state 21
    TTAG                shift, and go to state 61
    VAR                 shift, and go to state 23
    IDENT               shift, and go to state 24
    STRATOM             shift, and go to state 26
    TAGATOM             shift, and go to state 27
    FLTCONST            shift, and go to state 28
    '-'                 shift, and go to state 29
    '*'                 shift, and go to state 30
    '('                 shift, and go to state 31
    '~'                 shift, and go to state 32
    '!'                 shift, and go to state 33

    object_decl   go to state 39
    expr          go to state 135
    slot_acc      go to state 47
    intslot_acc   go to state 48
    stmt_expr     go to state 65
    funcall_expr  go to state 50
    assert_expr   go to state 51
    expr_list     go to state 326


State 293

   38 object_decl: rwDECLARE class_name_expr '(' object_name parent_block object_args • ')' '{' object_declare_block '}'
   39            | rwDECLARE class_name_expr '(' object_name parent_block object_args • ')'

    ')'  shift, and go to state 327


State 294

   42 object_decl: rwDECLARESINGLETON class_name_expr '(' object_name parent_block object_args • ')' '{' object_declare_block '}'
   43            | rwDECLARESINGLETON class_name_expr '(' object_name parent_block object_args • ')'

    ')'  shift, and go to state 328


State 295

   66 if_stmt: rwIF '(' expr ')' stmt_block rwELSE • stmt_block

    rwDECLARE           shift, and go to state 5
    rwDECLARESINGLETON  shift, and go to state 6
    rwBREAK             shift, and go to state 7
    rwCONTINUE          shift, and go to state 8
    rwIF                shift, and go to state 9
    rwRETURN            shift, and go to state 10
    rwWHILE             shift, and go to state 11
    rwDO                shift, and go to state 12
    rwFOR               shift, and go to state 13
    rwFOREACH           shift, and go to state 14
    rwFOREACHSTR        shift, and go to state 15
    rwDATABLOCK         shift, and go to state 16
    rwSWITCH            shift, and go to state 17
    rwSWITCHSTR         shift, and go to state 18
    rwASSERT            shift, and go to state 20
    INTCONST            shift, and go to state 21
    TTAG                shift, and go to state 22
    VAR                 shift, and go to state 23
    IDENT               shift, and go to state 24
    DOCBLOCK            shift, and go to state 25
    STRATOM             shift, and go to state 26
    TAGATOM             shift, and go to state 27
    FLTCONST            shift, and go to state 28
    '-'                 shift, and go to state 29
    '*'                 shift, and go to state 30
    '('                 shift, and go to state 31
    '{'                 shift, and go to state 67
    '~'                 shift, and go to state 32
    '!'                 shift, and go to state 33

    stmt             go to state 68
    datablock_decl   go to state 38
    object_decl      go to state 39
    stmt_block       go to state 329
    switch_stmt      go to state 40
    if_stmt          go to state 41
    while_stmt       go to state 42
    for_stmt         go to state 43
    foreach_stmt     go to state 44
    expression_stmt  go to state 45
    expr             go to state 46
    slot_acc         go to state 47
    intslot_acc      go to state 48
    stmt_expr        go to state 49
    funcall_expr     go to state 50
    assert_expr      go to state 51


State 296

   68 while_stmt: rwDO stmt_block rwWHILE '(' expr ')' •

    $default  reduce using rule 68 (while_stmt)


State 297

   78 for_stmt: rwFOR '(' VAR rwIN rwRANGE expr • opDOTDOT expr ')' stmt_block
   80         | rwFOR '(' VAR rwIN rwRANGE expr • opDOTDOT expr rwSTEP expr ')' stmt_block
   81         | rwFOR '(' VAR rwIN rwRANGE expr • ')' stmt_block
   92 expr: expr • '^' expr
   93     | expr • '%' expr
   94     | expr • '&' expr
   95     | expr • '|' expr
   96     | expr • '+' expr
   97     | expr • '-' expr
   98     | expr • '*' expr
   99     | expr • '/' expr
  103     | expr • '?' expr ':' expr
  104     | expr • '<' expr
  105     | expr • '>' expr
  106     | expr • opGE expr
  107     | expr • opLE expr
  108     | expr • opEQ expr
  109     | expr • opNE expr
  110     | expr • opOR expr
  111     | expr • opSHL expr
  112     | expr • opSHR expr
  113     | expr • opAND expr
  114     | expr • opSTREQ expr
  115     | expr • opSTRNE expr
  116     | expr • '@' expr
  129 slot_acc: expr • '.' IDENT
  130         | expr • '.' IDENT '[' aidx_expr ']'
  131 intslot_acc: expr • opINTNAME class_name_expr
  132            | expr • opINTNAMER class_name_expr
  161 funcall_expr: expr • '.' IDENT '(' func_arg_list_decl ')'

    '+'         shift, and go to state 102
    '-'         shift, and go to state 103
    '*'         shift, and go to state 104
    '/'         shift, and go to state 105
    '<'         shift, and go to state 106
    '>'         shift, and go to state 107
    '.'         shift, and go to state 108
    '|'         shift, and go to state 109
    '&'         shift, and go to state 110
    '%'         shift, and go to state 111
    ')'         shift, and go to state 330
    '^'         shift, and go to state 112
    '@'         shift, and go to state 113
    opINTNAME   shift, and go to state 114
    opINTNAMER  shift, and go to state 115
    opSHL       shift, and go to state 116
    opSHR       shift, and go to state 117
    opEQ        shift, and go to state 118
    opNE        shift, and go to state 119
    opGE        shift, and go to state 120
    opLE        shift, and go to state 121
    opAND       shift, and go to state 122
    opOR        shift, and go to state 123
    opSTREQ     shift, and go to state 124
    opSTRNE     shift, and go to state 125
    opDOTDOT    shift, and go to state 331
    '?'         shift, and go to state 126


State 298

   77 for_stmt: rwFOR '(' VAR rwIN expr opDOTDOT • expr ')' stmt_block
   79         | rwFOR '(' VAR rwIN expr opDOTDOT • expr rwSTEP expr ')' stmt_block

    rwDECLARE           shift, and go to state 5
    rwDECLARESINGLETON  shift, and go to state 6
    rwBREAK             shift, and go to state 60
    rwASSERT            shift, and go to state 20
    INTCONST            shift, and go to state 21
    TTAG                shift, and go to state 61
    VAR                 shift, and go to state 23
    IDENT               shift, and go to state 24
    STRATOM             shift, and go to state 26
    TAGATOM             shift, and go to state 27
    FLTCONST            shift, and go to state 28
    '-'                 shift, and go to state 29
    '*'                 shift, and go to state 30
    '('                 shift, and go to state 31
    '~'                 shift, and go to state 32
    '!'                 shift, and go to state 33

    object_decl   go to state 39
    expr          go to state 332
    slot_acc      go to state 47
    intslot_acc   go to state 48
    stmt_expr     go to state 65
    funcall_expr  go to state 50
    assert_expr   go to state 51


State 299

   76 for_stmt: rwFOR '(' ';' ';' ')' stmt_block •

    $default  reduce using rule 76 (for_stmt)


State 300

   75 for_stmt: rwFOR '(' ';' ';' expr ')' • stmt_block

    rwDECLARE           shift, and go to state 5
    rwDECLARESINGLETON  shift, and go to state 6
    rwBREAK             shift, and go to state 7
    rwCONTINUE          shift, and go to state 8
    rwIF                shift, and go to state 9
    rwRETURN            shift, and go to state 10
    rwWHILE             shift, and go to state 11
    rwDO                shift, and go to state 12
    rwFOR               shift, and go to state 13
    rwFOREACH           shift, and go to state 14
    rwFOREACHSTR        shift, and go to state 15
    rwDATABLOCK         shift, and go to state 16
    rwSWITCH            shift, and go to state 17
    rwSWITCHSTR         shift, and go to state 18
    rwASSERT            shift, and go to state 20
    INTCONST            shift, and go to state 21
    TTAG                shift, and go to state 22
    VAR                 shift, and go to state 23
    IDENT               shift, and go to state 24
    DOCBLOCK            shift, and go to state 25
    STRATOM             shift, and go to state 26
    TAGATOM             shift, and go to state 27
    FLTCONST            shift, and go to state 28
    '-'                 shift, and go to state 29
    '*'                 shift, and go to state 30
    '('                 shift, and go to state 31
    '{'                 shift, and go to state 67
    '~'                 shift, and go to state 32
    '!'                 shift, and go to state 33

    stmt             go to state 68
    datablock_decl   go to state 38
    object_decl      go to state 39
    stmt_block       go to state 333
    switch_stmt      go to state 40
    if_stmt          go to state 41
    while_stmt       go to state 42
    for_stmt         go to state 43
    foreach_stmt     go to state 44
    expression_stmt  go to state 45
    expr             go to state 46
    slot_acc         go to state 47
    intslot_acc      go to state 48
    stmt_expr        go to state 49
    funcall_expr     go to state 50
    assert_expr      go to state 51


State 301

   74 for_stmt: rwFOR '(' ';' expr ';' ')' • stmt_block

    rwDECLARE           shift, and go to state 5
    rwDECLARESINGLETON  shift, and go to state 6
    rwBREAK             shift, and go to state 7
    rwCONTINUE          shift, and go to state 8
    rwIF                shift, and go to state 9
    rwRETURN            shift, and go to state 10
    rwWHILE             shift, and go to state 11
    rwDO                shift, and go to state 12
    rwFOR               shift, and go to state 13
    rwFOREACH           shift, and go to state 14
    rwFOREACHSTR        shift, and go to state 15
    rwDATABLOCK         shift, and go to state 16
    rwSWITCH            shift, and go to state 17
    rwSWITCHSTR         shift, and go to state 18
    rwASSERT            shift, and go to state 20
    INTCONST            shift, and go to state 21
    TTAG                shift, and go to state 22
    VAR                 shift, and go to state 23
    IDENT               shift, and go to state 24
    DOCBLOCK            shift, and go to state 25
    STRATOM             shift, and go to state 26
    TAGATOM             shift, and go to state 27
    FLTCONST            shift, and go to state 28
    '-'                 shift, and go to state 29
    '*'                 shift, and go to state 30
    '('                 shift, and go to state 31
    '{'                 shift, and go to state 67
    '~'                 shift, and go to state 32
    '!'                 shift, and go to state 33

    stmt             go to state 68
    datablock_decl   go to state 38
    object_decl      go to state 39
    stmt_block       go to state 334
    switch_stmt      go to state 40
    if_stmt          go to state 41
    while_stmt       go to state 42
    for_stmt         go to state 43
    foreach_stmt     go to state 44
    expression_stmt  go to state 45
    expr             go to state 46
    slot_acc         go to state 47
    intslot_acc      go to state 48
    stmt_expr        go to state 49
    funcall_expr     go to state 50
    assert_expr      go to state 51


State 302

   73 for_stmt: rwFOR '(' ';' expr ';' expr • ')' stmt_block
   92 expr: expr • '^' expr
   93     | expr • '%' expr
   94     | expr • '&' expr
   95     | expr • '|' expr
   96     | expr • '+' expr
   97     | expr • '-' expr
   98     | expr • '*' expr
   99     | expr • '/' expr
  103     | expr • '?' expr ':' expr
  104     | expr • '<' expr
  105     | expr • '>' expr
  106     | expr • opGE expr
  107     | expr • opLE expr
  108     | expr • opEQ expr
  109     | expr • opNE expr
  110     | expr • opOR expr
  111     | expr • opSHL expr
  112     | expr • opSHR expr
  113     | expr • opAND expr
  114     | expr • opSTREQ expr
  115     | expr • opSTRNE expr
  116     | expr • '@' expr
  129 slot_acc: expr • '.' IDENT
  130         | expr • '.' IDENT '[' aidx_expr ']'
  131 intslot_acc: expr • opINTNAME class_name_expr
  132            | expr • opINTNAMER class_name_expr
  161 funcall_expr: expr • '.' IDENT '(' func_arg_list_decl ')'

    '+'         shift, and go to state 102
    '-'         shift, and go to state 103
    '*'         shift, and go to state 104
    '/'         shift, and go to state 105
    '<'         shift, and go to state 106
    '>'         shift, and go to state 107
    '.'         shift, and go to state 108
    '|'         shift, and go to state 109
    '&'         shift, and go to state 110
    '%'         shift, and go to state 111
    ')'         shift, and go to state 335
    '^'         shift, and go to state 112
    '@'         shift, and go to state 113
    opINTNAME   shift, and go to state 114
    opINTNAMER  shift, and go to state 115
    opSHL       shift, and go to state 116
    opSHR       shift, and go to state 117
    opEQ        shift, and go to state 118
    opNE        shift, and go to state 119
    opGE        shift, and go to state 120
    opLE        shift, and go to state 121
    opAND       shift, and go to state 122
    opOR        shift, and go to state 123
    opSTREQ     shift, and go to state 124
    opSTRNE     shift, and go to state 125
    '?'         shift, and go to state 126


State 303

   72 for_stmt: rwFOR '(' expr ';' ';' ')' • stmt_block

    rwDECLARE           shift, and go to state 5
    rwDECLARESINGLETON  shift, and go to state 6
    rwBREAK             shift, and go to state 7
    rwCONTINUE          shift, and go to state 8
    rwIF                shift, and go to state 9
    rwRETURN            shift, and go to state 10
    rwWHILE             shift, and go to state 11
    rwDO                shift, and go to state 12
    rwFOR               shift, and go to state 13
    rwFOREACH           shift, and go to state 14
    rwFOREACHSTR        shift, and go to state 15
    rwDATABLOCK         shift, and go to state 16
    rwSWITCH            shift, and go to state 17
    rwSWITCHSTR         shift, and go to state 18
    rwASSERT            shift, and go to state 20
    INTCONST            shift, and go to state 21
    TTAG                shift, and go to state 22
    VAR                 shift, and go to state 23
    IDENT               shift, and go to state 24
    DOCBLOCK            shift, and go to state 25
    STRATOM             shift, and go to state 26
    TAGATOM             shift, and go to state 27
    FLTCONST            shift, and go to state 28
    '-'                 shift, and go to state 29
    '*'                 shift, and go to state 30
    '('                 shift, and go to state 31
    '{'                 shift, and go to state 67
    '~'                 shift, and go to state 32
    '!'                 shift, and go to state 33

    stmt             go to state 68
    datablock_decl   go to state 38
    object_decl      go to state 39
    stmt_block       go to state 336
    switch_stmt      go to state 40
    if_stmt          go to state 41
    while_stmt       go to state 42
    for_stmt         go to state 43
    foreach_stmt     go to state 44
    expression_stmt  go to state 45
    expr             go to state 46
    slot_acc         go to state 47
    intslot_acc      go to state 48
    stmt_expr        go to state 49
    funcall_expr     go to state 50
    assert_expr      go to state 51


State 304

   71 for_stmt: rwFOR '(' expr ';' ';' expr • ')' stmt_block
   92 expr: expr • '^' expr
   93     | expr • '%' expr
   94     | expr • '&' expr
   95     | expr • '|' expr
   96     | expr • '+' expr
   97     | expr • '-' expr
   98     | expr • '*' expr
   99     | expr • '/' expr
  103     | expr • '?' expr ':' expr
  104     | expr • '<' expr
  105     | expr • '>' expr
  106     | expr • opGE expr
  107     | expr • opLE expr
  108     | expr • opEQ expr
  109     | expr • opNE expr
  110     | expr • opOR expr
  111     | expr • opSHL expr
  112     | expr • opSHR expr
  113     | expr • opAND expr
  114     | expr • opSTREQ expr
  115     | expr • opSTRNE expr
  116     | expr • '@' expr
  129 slot_acc: expr • '.' IDENT
  130         | expr • '.' IDENT '[' aidx_expr ']'
  131 intslot_acc: expr • opINTNAME class_name_expr
  132            | expr • opINTNAMER class_name_expr
  161 funcall_expr: expr • '.' IDENT '(' func_arg_list_decl ')'

    '+'         shift, and go to state 102
    '-'         shift, and go to state 103
    '*'         shift, and go to state 104
    '/'         shift, and go to state 105
    '<'         shift, and go to state 106
    '>'         shift, and go to state 107
    '.'         shift, and go to state 108
    '|'         shift, and go to state 109
    '&'         shift, and go to state 110
    '%'         shift, and go to state 111
    ')'         shift, and go to state 337
    '^'         shift, and go to state 112
    '@'         shift, and go to state 113
    opINTNAME   shift, and go to state 114
    opINTNAMER  shift, and go to state 115
    opSHL       shift, and go to state 116
    opSHR       shift, and go to state 117
    opEQ        shift, and go to state 118
    opNE        shift, and go to state 119
    opGE        shift, and go to state 120
    opLE        shift, and go to state 121
    opAND       shift, and go to state 122
    opOR        shift, and go to state 123
    opSTREQ     shift, and go to state 124
    opSTRNE     shift, and go to state 125
    '?'         shift, and go to state 126


State 305

   69 for_stmt: rwFOR '(' expr ';' expr ';' • expr ')' stmt_block
   70         | rwFOR '(' expr ';' expr ';' • ')' stmt_block

    rwDECLARE           shift, and go to state 5
    rwDECLARESINGLETON  shift, and go to state 6
    rwBREAK             shift, and go to state 60
    rwASSERT            shift, and go to state 20
    INTCONST            shift, and go to state 21
    TTAG                shift, and go to state 61
    VAR                 shift, and go to state 23
    IDENT               shift, and go to state 24
    STRATOM             shift, and go to state 26
    TAGATOM             shift, and go to state 27
    FLTCONST            shift, and go to state 28
    '-'                 shift, and go to state 29
    '*'                 shift, and go to state 30
    '('                 shift, and go to state 31
    ')'                 shift, and go to state 338
    '~'                 shift, and go to state 32
    '!'                 shift, and go to state 33

    object_decl   go to state 39
    expr          go to state 339
    slot_acc      go to state 47
    intslot_acc   go to state 48
    stmt_expr     go to state 65
    funcall_expr  go to state 50
    assert_expr   go to state 51


State 306

   85 foreach_stmt: rwFOREACH '(' VAR rwIN rwRANGE expr • opDOTDOT expr ')' stmt_block
   87             | rwFOREACH '(' VAR rwIN rwRANGE expr • opDOTDOT expr rwSTEP expr ')' stmt_block
   88             | rwFOREACH '(' VAR rwIN rwRANGE expr • ')' stmt_block
   92 expr: expr • '^' expr
   93     | expr • '%' expr
   94     | expr • '&' expr
   95     | expr • '|' expr
   96     | expr • '+' expr
   97     | expr • '-' expr
   98     | expr • '*' expr
   99     | expr • '/' expr
  103     | expr • '?' expr ':' expr
  104     | expr • '<' expr
  105     | expr • '>' expr
  106     | expr • opGE expr
  107     | expr • opLE expr
  108     | expr • opEQ expr
  109     | expr • opNE expr
  110     | expr • opOR expr
  111     | expr • opSHL expr
  112     | expr • opSHR expr
  113     | expr • opAND expr
  114     | expr • opSTREQ expr
  115     | expr • opSTRNE expr
  116     | expr • '@' expr
  129 slot_acc: expr • '.' IDENT
  130         | expr • '.' IDENT '[' aidx_expr ']'
  131 intslot_acc: expr • opINTNAME class_name_expr
  132            | expr • opINTNAMER class_name_expr
  161 funcall_expr: expr • '.' IDENT '(' func_arg_list_decl ')'

    '+'         shift, and go to state 102
    '-'         shift, and go to state 103
    '*'         shift, and go to state 104
    '/'         shift, and go to state 105
    '<'         shift, and go to state 106
    '>'         shift, and go to state 107
    '.'         shift, and go to state 108
    '|'         shift, and go to state 109
    '&'         shift, and go to state 110
    '%'         shift, and go to state 111
    ')'         shift, and go to state 340
    '^'         shift, and go to state 112
    '@'         shift, and go to state 113
    opINTNAME   shift, and go to state 114
    opINTNAMER  shift, and go to state 115
    opSHL       shift, and go to state 116
    opSHR       shift, and go to state 117
    opEQ        shift, and go to state 118
    opNE        shift, and go to state 119
    opGE        shift, and go to state 120
    opLE        shift, and go to state 121
    opAND       shift, and go to state 122
    opOR        shift, and go to state 123
    opSTREQ     shift, and go to state 124
    opSTRNE     shift, and go to state 125
    opDOTDOT    shift, and go to state 341
    '?'         shift, and go to state 126


State 307

   82 foreach_stmt: rwFOREACH '(' VAR rwIN expr ')' • stmt_block

    rwDECLARE           shift, and go to state 5
    rwDECLARESINGLETON  shift, and go to state 6
    rwBREAK             shift, and go to state 7
    rwCONTINUE          shift, and go to state 8
    rwIF                shift, and go to state 9
    rwRETURN            shift, and go to state 10
    rwWHILE             shift, and go to state 11
    rwDO                shift, and go to state 12
    rwFOR               shift, and go to state 13
    rwFOREACH           shift, and go to state 14
    rwFOREACHSTR        shift, and go to state 15
    rwDATABLOCK         shift, and go to state 16
    rwSWITCH            shift, and go to state 17
    rwSWITCHSTR         shift, and go to state 18
    rwASSERT            shift, and go to state 20
    INTCONST            shift, and go to state 21
    TTAG                shift, and go to state 22
    VAR                 shift, and go to state 23
    IDENT               shift, and go to state 24
    DOCBLOCK            shift, and go to state 25
    STRATOM             shift, and go to state 26
    TAGATOM             shift, and go to state 27
    FLTCONST            shift, and go to state 28
    '-'                 shift, and go to state 29
    '*'                 shift, and go to state 30
    '('                 shift, and go to state 31
    '{'                 shift, and go to state 67
    '~'                 shift, and go to state 32
    '!'                 shift, and go to state 33

    stmt             go to state 68
    datablock_decl   go to state 38
    object_decl      go to state 39
    stmt_block       go to state 342
    switch_stmt      go to state 40
    if_stmt          go to state 41
    while_stmt       go to state 42
    for_stmt         go to state 43
    foreach_stmt     go to state 44
    expression_stmt  go to state 45
    expr             go to state 46
    slot_acc         go to state 47
    intslot_acc      go to state 48
    stmt_expr        go to state 49
    funcall_expr     go to state 50
    assert_expr      go to state 51


State 308

   84 foreach_stmt: rwFOREACH '(' VAR rwIN expr opDOTDOT • expr ')' stmt_block
   86             | rwFOREACH '(' VAR rwIN expr opDOTDOT • expr rwSTEP expr ')' stmt_block

    rwDECLARE           shift, and go to state 5
    rwDECLARESINGLETON  shift, and go to state 6
    rwBREAK             shift, and go to state 60
    rwASSERT            shift, and go to state 20
    INTCONST            shift, and go to state 21
    TTAG                shift, and go to state 61
    VAR                 shift, and go to state 23
    IDENT               shift, and go to state 24
    STRATOM             shift, and go to state 26
    TAGATOM             shift, and go to state 27
    FLTCONST            shift, and go to state 28
    '-'                 shift, and go to state 29
    '*'                 shift, and go to state 30
    '('                 shift, and go to state 31
    '~'                 shift, and go to state 32
    '!'                 shift, and go to state 33

    object_decl   go to state 39
    expr          go to state 343
    slot_acc      go to state 47
    intslot_acc   go to state 48
    stmt_expr     go to state 65
    funcall_expr  go to state 50
    assert_expr   go to state 51


State 309

   83 foreach_stmt: rwFOREACHSTR '(' VAR rwIN expr ')' • stmt_block

    rwDECLARE           shift, and go to state 5
    rwDECLARESINGLETON  shift, and go to state 6
    rwBREAK             shift, and go to state 7
    rwCONTINUE          shift, and go to state 8
    rwIF                shift, and go to state 9
    rwRETURN            shift, and go to state 10
    rwWHILE             shift, and go to state 11
    rwDO                shift, and go to state 12
    rwFOR               shift, and go to state 13
    rwFOREACH           shift, and go to state 14
    rwFOREACHSTR        shift, and go to state 15
    rwDATABLOCK         shift, and go to state 16
    rwSWITCH            shift, and go to state 17
    rwSWITCHSTR         shift, and go to state 18
    rwASSERT            shift, and go to state 20
    INTCONST            shift, and go to state 21
    TTAG                shift, and go to state 22
    VAR                 shift, and go to state 23
    IDENT               shift, and go to state 24
    DOCBLOCK            shift, and go to state 25
    STRATOM             shift, and go to state 26
    TAGATOM             shift, and go to state 27
    FLTCONST            shift, and go to state 28
    '-'                 shift, and go to state 29
    '*'                 shift, and go to state 30
    '('                 shift, and go to state 31
    '{'                 shift, and go to state 67
    '~'                 shift, and go to state 32
    '!'                 shift, and go to state 33

    stmt             go to state 68
    datablock_decl   go to state 38
    object_decl      go to state 39
    stmt_block       go to state 344
    switch_stmt      go to state 40
    if_stmt          go to state 41
    while_stmt       go to state 42
    for_stmt         go to state 43
    foreach_stmt     go to state 44
    expression_stmt  go to state 45
    expr             go to state 46
    slot_acc         go to state 47
    intslot_acc      go to state 48
    stmt_expr        go to state 49
    funcall_expr     go to state 50
    assert_expr      go to state 51


State 310

   37 datablock_decl: rwDATABLOCK class_name_expr '(' expr parent_block ')' • '{' slot_assign_list_opt '}' ';'

    '{'  shift, and go to state 345


State 311

   60 case_block: rwCASE • case_expr ':' statement_list
   61           | rwCASE • case_expr ':' statement_list rwDEFAULT ':' statement_list
   62           | rwCASE • case_expr ':' statement_list case_block

    rwDECLARE           shift, and go to state 5
    rwDECLARESINGLETON  shift, and go to state 6
    rwBREAK             shift, and go to state 60
    rwASSERT            shift, and go to state 20
    INTCONST            shift, and go to state 21
    TTAG                shift, and go to state 61
    VAR                 shift, and go to state 23
    IDENT               shift, and go to state 24
    STRATOM             shift, and go to state 26
    TAGATOM             shift, and go to state 27
    FLTCONST            shift, and go to state 28
    '-'                 shift, and go to state 29
    '*'                 shift, and go to state 30
    '('                 shift, and go to state 31
    '~'                 shift, and go to state 32
    '!'                 shift, and go to state 33

    object_decl   go to state 39
    case_expr     go to state 346
    expr          go to state 347
    slot_acc      go to state 47
    intslot_acc   go to state 48
    stmt_expr     go to state 65
    funcall_expr  go to state 50
    assert_expr   go to state 51


State 312

   58 switch_stmt: rwSWITCH '(' expr ')' '{' case_block • '}'

    '}'  shift, and go to state 348


State 313

   59 switch_stmt: rwSWITCHSTR '(' expr ')' '{' case_block • '}'

    '}'  shift, and go to state 349


State 314

    7 package_decl: rwPACKAGE IDENT '{' fn_decl_list '}' ';' •

    $default  reduce using rule 7 (package_decl)


State 315

  169 assert_expr: rwASSERT '(' expr ',' STRATOM ')' •

    $default  reduce using rule 169 (assert_expr)


State 316

   25 stmt: TTAG '=' expr ',' expr ';' •

    $default  reduce using rule 25 (stmt)


State 317

  153 stmt_expr: VAR '[' aidx_expr ']' '=' '{' • expr_list '}'

    rwDECLARE           shift, and go to state 5
    rwDECLARESINGLETON  shift, and go to state 6
    rwBREAK             shift, and go to state 60
    rwASSERT            shift, and go to state 20
    INTCONST            shift, and go to state 21
    TTAG                shift, and go to state 61
    VAR                 shift, and go to state 23
    IDENT               shift, and go to state 24
    STRATOM             shift, and go to state 26
    TAGATOM             shift, and go to state 27
    FLTCONST            shift, and go to state 28
    '-'                 shift, and go to state 29
    '*'                 shift, and go to state 30
    '('                 shift, and go to state 31
    '~'                 shift, and go to state 32
    '!'                 shift, and go to state 33

    object_decl   go to state 39
    expr          go to state 135
    slot_acc      go to state 47
    intslot_acc   go to state 48
    stmt_expr     go to state 65
    funcall_expr  go to state 50
    assert_expr   go to state 51
    expr_list     go to state 350


State 318

   92 expr: expr • '^' expr
   93     | expr • '%' expr
   94     | expr • '&' expr
   95     | expr • '|' expr
   96     | expr • '+' expr
   97     | expr • '-' expr
   98     | expr • '*' expr
   99     | expr • '/' expr
  103     | expr • '?' expr ':' expr
  104     | expr • '<' expr
  105     | expr • '>' expr
  106     | expr • opGE expr
  107     | expr • opLE expr
  108     | expr • opEQ expr
  109     | expr • opNE expr
  110     | expr • opOR expr
  111     | expr • opSHL expr
  112     | expr • opSHR expr
  113     | expr • opAND expr
  114     | expr • opSTREQ expr
  115     | expr • opSTRNE expr
  116     | expr • '@' expr
  129 slot_acc: expr • '.' IDENT
  130         | expr • '.' IDENT '[' aidx_expr ']'
  131 intslot_acc: expr • opINTNAME class_name_expr
  132            | expr • opINTNAMER class_name_expr
  152 stmt_expr: VAR '[' aidx_expr ']' '=' expr •
  161 funcall_expr: expr • '.' IDENT '(' func_arg_list_decl ')'

    '+'         shift, and go to state 102
    '-'         shift, and go to state 103
    '*'         shift, and go to state 104
    '/'         shift, and go to state 105
    '<'         shift, and go to state 106
    '>'         shift, and go to state 107
    '.'         shift, and go to state 108
    '|'         shift, and go to state 109
    '&'         shift, and go to state 110
    '%'         shift, and go to state 111
    '^'         shift, and go to state 112
    '@'         shift, and go to state 113
    opINTNAME   shift, and go to state 114
    opINTNAMER  shift, and go to state 115
    opSHL       shift, and go to state 116
    opSHR       shift, and go to state 117
    opEQ        shift, and go to state 118
    opNE        shift, and go to state 119
    opGE        shift, and go to state 120
    opLE        shift, and go to state 121
    opAND       shift, and go to state 122
    opOR        shift, and go to state 123
    opSTREQ     shift, and go to state 124
    opSTRNE     shift, and go to state 125
    '?'         shift, and go to state 126

    $default  reduce using rule 152 (stmt_expr)


State 319

  160 funcall_expr: IDENT opCOLONCOLON IDENT '(' func_arg_list_decl ')' •

    $default  reduce using rule 160 (funcall_expr)


State 320

  161 funcall_expr: expr '.' IDENT '(' func_arg_list_decl ')' •

    $default  reduce using rule 161 (funcall_expr)


State 321

  130 slot_acc: expr '.' IDENT '[' aidx_expr ']' •

    $default  reduce using rule 130 (slot_acc)


State 322

   36 param: VAR '?' '=' expr •
   92 expr: expr • '^' expr
   93     | expr • '%' expr
   94     | expr • '&' expr
   95     | expr • '|' expr
   96     | expr • '+' expr
   97     | expr • '-' expr
   98     | expr • '*' expr
   99     | expr • '/' expr
  103     | expr • '?' expr ':' expr
  104     | expr • '<' expr
  105     | expr • '>' expr
  106     | expr • opGE expr
  107     | expr • opLE expr
  108     | expr • opEQ expr
  109     | expr • opNE expr
  110     | expr • opOR expr
  111     | expr • opSHL expr
  112     | expr • opSHR expr
  113     | expr • opAND expr
  114     | expr • opSTREQ expr
  115     | expr • opSTRNE expr
  116     | expr • '@' expr
  129 slot_acc: expr • '.' IDENT
  130         | expr • '.' IDENT '[' aidx_expr ']'
  131 intslot_acc: expr • opINTNAME class_name_expr
  132            | expr • opINTNAMER class_name_expr
  161 funcall_expr: expr • '.' IDENT '(' func_arg_list_decl ')'

    '+'         shift, and go to state 102
    '-'         shift, and go to state 103
    '*'         shift, and go to state 104
    '/'         shift, and go to state 105
    '<'         shift, and go to state 106
    '>'         shift, and go to state 107
    '.'         shift, and go to state 108
    '|'         shift, and go to state 109
    '&'         shift, and go to state 110
    '%'         shift, and go to state 111
    '^'         shift, and go to state 112
    '@'         shift, and go to state 113
    opINTNAME   shift, and go to state 114
    opINTNAMER  shift, and go to state 115
    opSHL       shift, and go to state 116
    opSHR       shift, and go to state 117
    opEQ        shift, and go to state 118
    opNE        shift, and go to state 119
    opGE        shift, and go to state 120
    opLE        shift, and go to state 121
    opAND       shift, and go to state 122
    opOR        shift, and go to state 123
    opSTREQ     shift, and go to state 124
    opSTRNE     shift, and go to state 125
    '?'         shift, and go to state 126

    $default  reduce using rule 36 (param)


State 323

   11 statement_list: statement_list • stmt
   27 fn_decl_stmt: rwDEFINE IDENT '(' var_list_decl ')' '{' statement_list • '}'

    rwDECLARE           shift, and go to state 5
    rwDECLARESINGLETON  shift, and go to state 6
    rwBREAK             shift, and go to state 7
    rwCONTINUE          shift, and go to state 8
    rwIF                shift, and go to state 9
    rwRETURN            shift, and go to state 10
    rwWHILE             shift, and go to state 11
    rwDO                shift, and go to state 12
    rwFOR               shift, and go to state 13
    rwFOREACH           shift, and go to state 14
    rwFOREACHSTR        shift, and go to state 15
    rwDATABLOCK         shift, and go to state 16
    rwSWITCH            shift, and go to state 17
    rwSWITCHSTR         shift, and go to state 18
    rwASSERT            shift, and go to state 20
    INTCONST            shift, and go to state 21
    TTAG                shift, and go to state 22
    VAR                 shift, and go to state 23
    IDENT               shift, and go to state 24
    DOCBLOCK            shift, and go to state 25
    STRATOM             shift, and go to state 26
    TAGATOM             shift, and go to state 27
    FLTCONST            shift, and go to state 28
    '-'                 shift, and go to state 29
    '*'                 shift, and go to state 30
    '('                 shift, and go to state 31
    '}'                 shift, and go to state 351
    '~'                 shift, and go to state 32
    '!'                 shift, and go to state 33

    stmt             go to state 215
    datablock_decl   go to state 38
    object_decl      go to state 39
    switch_stmt      go to state 40
    if_stmt          go to state 41
    while_stmt       go to state 42
    for_stmt         go to state 43
    foreach_stmt     go to state 44
    expression_stmt  go to state 45
    expr             go to state 46
    slot_acc         go to state 47
    intslot_acc      go to state 48
    stmt_expr        go to state 49
    funcall_expr     go to state 50
    assert_expr      go to state 51


State 324

   28 fn_decl_stmt: rwDEFINE IDENT opCOLONCOLON IDENT '(' var_list_decl ')' • '{' statement_list '}'

    '{'  shift, and go to state 352


State 325

   40 object_decl: rwDECLARE class_name_expr '(' '[' object_name ']' parent_block • object_args ')' '{' object_declare_block '}'
   41            | rwDECLARE class_name_expr '(' '[' object_name ']' parent_block • object_args ')'

    ','  shift, and go to state 292

    $default  reduce using rule 48 (object_args)

    object_args  go to state 353


State 326

   49 object_args: ',' expr_list •
  171 expr_list: expr_list • ',' expr

    ','  shift, and go to state 211

    $default  reduce using rule 49 (object_args)


State 327

   38 object_decl: rwDECLARE class_name_expr '(' object_name parent_block object_args ')' • '{' object_declare_block '}'
   39            | rwDECLARE class_name_expr '(' object_name parent_block object_args ')' •

    '{'  shift, and go to state 354

    $default  reduce using rule 39 (object_decl)


State 328

   42 object_decl: rwDECLARESINGLETON class_name_expr '(' object_name parent_block object_args ')' • '{' object_declare_block '}'
   43            | rwDECLARESINGLETON class_name_expr '(' object_name parent_block object_args ')' •

    '{'  shift, and go to state 355

    $default  reduce using rule 43 (object_decl)


State 329

   66 if_stmt: rwIF '(' expr ')' stmt_block rwELSE stmt_block •

    $default  reduce using rule 66 (if_stmt)


State 330

   81 for_stmt: rwFOR '(' VAR rwIN rwRANGE expr ')' • stmt_block

    rwDECLARE           shift, and go to state 5
    rwDECLARESINGLETON  shift, and go to state 6
    rwBREAK             shift, and go to state 7
    rwCONTINUE          shift, and go to state 8
    rwIF                shift, and go to state 9
    rwRETURN            shift, and go to state 10
    rwWHILE             shift, and go to state 11
    rwDO                shift, and go to state 12
    rwFOR               shift, and go to state 13
    rwFOREACH           shift, and go to state 14
    rwFOREACHSTR        shift, and go to state 15
    rwDATABLOCK         shift, and go to state 16
    rwSWITCH            shift, and go to state 17
    rwSWITCHSTR         shift, and go to state 18
    rwASSERT            shift, and go to state 20
    INTCONST            shift, and go to state 21
    TTAG                shift, and go to state 22
    VAR                 shift, and go to state 23
    IDENT               shift, and go to state 24
    DOCBLOCK            shift, and go to state 25
    STRATOM             shift, and go to state 26
    TAGATOM             shift, and go to state 27
    FLTCONST            shift, and go to state 28
    '-'                 shift, and go to state 29
    '*'                 shift, and go to state 30
    '('                 shift, and go to state 31
    '{'                 shift, and go to state 67
    '~'                 shift, and go to state 32
    '!'                 shift, and go to state 33

    stmt             go to state 68
    datablock_decl   go to state 38
    object_decl      go to state 39
    stmt_block       go to state 356
    switch_stmt      go to state 40
    if_stmt          go to state 41
    while_stmt       go to state 42
    for_stmt         go to state 43
    foreach_stmt     go to state 44
    expression_stmt  go to state 45
    expr             go to state 46
    slot_acc         go to state 47
    intslot_acc      go to state 48
    stmt_expr        go to state 49
    funcall_expr     go to state 50
    assert_expr      go to state 51


State 331

   78 for_stmt: rwFOR '(' VAR rwIN rwRANGE expr opDOTDOT • expr ')' stmt_block
   80         | rwFOR '(' VAR rwIN rwRANGE expr opDOTDOT • expr rwSTEP expr ')' stmt_block

    rwDECLARE           shift, and go to state 5
    rwDECLARESINGLETON  shift, and go to state 6
    rwBREAK             shift, and go to state 60
    rwASSERT            shift, and go to state 20
    INTCONST            shift, and go to state 21
    TTAG                shift, and go to state 61
    VAR                 shift, and go to state 23
    IDENT               shift, and go to state 24
    STRATOM             shift, and go to state 26
    TAGATOM             shift, and go to state 27
    FLTCONST            shift, and go to state 28
    '-'                 shift, and go to state 29
    '*'                 shift, and go to state 30
    '('                 shift, and go to state 31
    '~'                 shift, and go to state 32
    '!'                 shift, and go to state 33

    object_decl   go to state 39
    expr          go to state 357
    slot_acc      go to state 47
    intslot_acc   go to state 48
    stmt_expr     go to state 65
    funcall_expr  go to state 50
    assert_expr   go to state 51


State 332

   77 for_stmt: rwFOR '(' VAR rwIN expr opDOTDOT expr • ')' stmt_block
   79         | rwFOR '(' VAR rwIN expr opDOTDOT expr • rwSTEP expr ')' stmt_block
   92 expr: expr • '^' expr
   93     | expr • '%' expr
   94     | expr • '&' expr
   95     | expr • '|' expr
   96     | expr • '+' expr
   97     | expr • '-' expr
   98     | expr • '*' expr
   99     | expr • '/' expr
  103     | expr • '?' expr ':' expr
  104     | expr • '<' expr
  105     | expr • '>' expr
  106     | expr • opGE expr
  107     | expr • opLE expr
  108     | expr • opEQ expr
  109     | expr • opNE expr
  110     | expr • opOR expr
  111     | expr • opSHL expr
  112     | expr • opSHR expr
  113     | expr • opAND expr
  114     | expr • opSTREQ expr
  115     | expr • opSTRNE expr
  116     | expr • '@' expr
  129 slot_acc: expr • '.' IDENT
  130         | expr • '.' IDENT '[' aidx_expr ']'
  131 intslot_acc: expr • opINTNAME class_name_expr
  132            | expr • opINTNAMER class_name_expr
  161 funcall_expr: expr • '.' IDENT '(' func_arg_list_decl ')'

    '+'         shift, and go to state 102
    '-'         shift, and go to state 103
    '*'         shift, and go to state 104
    '/'         shift, and go to state 105
    '<'         shift, and go to state 106
    '>'         shift, and go to state 107
    '.'         shift, and go to state 108
    '|'         shift, and go to state 109
    '&'         shift, and go to state 110
    '%'         shift, and go to state 111
    ')'         shift, and go to state 358
    '^'         shift, and go to state 112
    '@'         shift, and go to state 113
    opINTNAME   shift, and go to state 114
    opINTNAMER  shift, and go to state 115
    opSHL       shift, and go to state 116
    opSHR       shift, and go to state 117
    opEQ        shift, and go to state 118
    opNE        shift, and go to state 119
    opGE        shift, and go to state 120
    opLE        shift, and go to state 121
    opAND       shift, and go to state 122
    opOR        shift, and go to state 123
    opSTREQ     shift, and go to state 124
    opSTRNE     shift, and go to state 125
    rwSTEP      shift, and go to state 359
    '?'         shift, and go to state 126


State 333

   75 for_stmt: rwFOR '(' ';' ';' expr ')' stmt_block •

    $default  reduce using rule 75 (for_stmt)


State 334

   74 for_stmt: rwFOR '(' ';' expr ';' ')' stmt_block •

    $default  reduce using rule 74 (for_stmt)


State 335

   73 for_stmt: rwFOR '(' ';' expr ';' expr ')' • stmt_block

    rwDECLARE           shift, and go to state 5
    rwDECLARESINGLETON  shift, and go to state 6
    rwBREAK             shift, and go to state 7
    rwCONTINUE          shift, and go to state 8
    rwIF                shift, and go to state 9
    rwRETURN            shift, and go to state 10
    rwWHILE             shift, and go to state 11
    rwDO                shift, and go to state 12
    rwFOR               shift, and go to state 13
    rwFOREACH           shift, and go to state 14
    rwFOREACHSTR        shift, and go to state 15
    rwDATABLOCK         shift, and go to state 16
    rwSWITCH            shift, and go to state 17
    rwSWITCHSTR         shift, and go to state 18
    rwASSERT            shift, and go to state 20
    INTCONST            shift, and go to state 21
    TTAG                shift, and go to state 22
    VAR                 shift, and go to state 23
    IDENT               shift, and go to state 24
    DOCBLOCK            shift, and go to state 25
    STRATOM             shift, and go to state 26
    TAGATOM             shift, and go to state 27
    FLTCONST            shift, and go to state 28
    '-'                 shift, and go to state 29
    '*'                 shift, and go to state 30
    '('                 shift, and go to state 31
    '{'                 shift, and go to state 67
    '~'                 shift, and go to state 32
    '!'                 shift, and go to state 33

    stmt             go to state 68
    datablock_decl   go to state 38
    object_decl      go to state 39
    stmt_block       go to state 360
    switch_stmt      go to state 40
    if_stmt          go to state 41
    while_stmt       go to state 42
    for_stmt         go to state 43
    foreach_stmt     go to state 44
    expression_stmt  go to state 45
    expr             go to state 46
    slot_acc         go to state 47
    intslot_acc      go to state 48
    stmt_expr        go to state 49
    funcall_expr     go to state 50
    assert_expr      go to state 51


State 336

   72 for_stmt: rwFOR '(' expr ';' ';' ')' stmt_block •

    $default  reduce using rule 72 (for_stmt)


State 337

   71 for_stmt: rwFOR '(' expr ';' ';' expr ')' • stmt_block

    rwDECLARE           shift, and go to state 5
    rwDECLARESINGLETON  shift, and go to state 6
    rwBREAK             shift, and go to state 7
    rwCONTINUE          shift, and go to state 8
    rwIF                shift, and go to state 9
    rwRETURN            shift, and go to state 10
    rwWHILE             shift, and go to state 11
    rwDO                shift, and go to state 12
    rwFOR               shift, and go to state 13
    rwFOREACH           shift, and go to state 14
    rwFOREACHSTR        shift, and go to state 15
    rwDATABLOCK         shift, and go to state 16
    rwSWITCH            shift, and go to state 17
    rwSWITCHSTR         shift, and go to state 18
    rwASSERT            shift, and go to state 20
    INTCONST            shift, and go to state 21
    TTAG                shift, and go to state 22
    VAR                 shift, and go to state 23
    IDENT               shift, and go to state 24
    DOCBLOCK            shift, and go to state 25
    STRATOM             shift, and go to state 26
    TAGATOM             shift, and go to state 27
    FLTCONST            shift, and go to state 28
    '-'                 shift, and go to state 29
    '*'                 shift, and go to state 30
    '('                 shift, and go to state 31
    '{'                 shift, and go to state 67
    '~'                 shift, and go to state 32
    '!'                 shift, and go to state 33

    stmt             go to state 68
    datablock_decl   go to state 38
    object_decl      go to state 39
    stmt_block       go to state 361
    switch_stmt      go to state 40
    if_stmt          go to state 41
    while_stmt       go to state 42
    for_stmt         go to state 43
    foreach_stmt     go to state 44
    expression_stmt  go to state 45
    expr             go to state 46
    slot_acc         go to state 47
    intslot_acc      go to state 48
    stmt_expr        go to state 49
    funcall_expr     go to state 50
    assert_expr      go to state 51


State 338

   70 for_stmt: rwFOR '(' expr ';' expr ';' ')' • stmt_block

    rwDECLARE           shift, and go to state 5
    rwDECLARESINGLETON  shift, and go to state 6
    rwBREAK             shift, and go to state 7
    rwCONTINUE          shift, and go to state 8
    rwIF                shift, and go to state 9
    rwRETURN            shift, and go to state 10
    rwWHILE             shift, and go to state 11
    rwDO                shift, and go to state 12
    rwFOR               shift, and go to state 13
    rwFOREACH           shift, and go to state 14
    rwFOREACHSTR        shift, and go to state 15
    rwDATABLOCK         shift, and go to state 16
    rwSWITCH            shift, and go to state 17
    rwSWITCHSTR         shift, and go to state 18
    rwASSERT            shift, and go to state 20
    INTCONST            shift, and go to state 21
    TTAG                shift, and go to state 22
    VAR                 shift, and go to state 23
    IDENT               shift, and go to state 24
    DOCBLOCK            shift, and go to state 25
    STRATOM             shift, and go to state 26
    TAGATOM             shift, and go to state 27
    FLTCONST            shift, and go to state 28
    '-'                 shift, and go to state 29
    '*'                 shift, and go to state 30
    '('                 shift, and go to state 31
    '{'                 shift, and go to state 67
    '~'                 shift, and go to state 32
    '!'                 shift, and go to state 33

    stmt             go to state 68
    datablock_decl   go to state 38
    object_decl      go to state 39
    stmt_block       go to state 362
    switch_stmt      go to state 40
    if_stmt          go to state 41
    while_stmt       go to state 42
    for_stmt         go to state 43
    foreach_stmt     go to state 44
    expression_stmt  go to state 45
    expr             go to state 46
    slot_acc         go to state 47
    intslot_acc      go to state 48
    stmt_expr        go to state 49
    funcall_expr     go to state 50
    assert_expr      go to state 51


State 339

   69 for_stmt: rwFOR '(' expr ';' expr ';' expr • ')' stmt_block
   92 expr: expr • '^' expr
   93     | expr • '%' expr
   94     | expr • '&' expr
   95     | expr • '|' expr
   96     | expr • '+' expr
   97     | expr • '-' expr
   98     | expr • '*' expr
   99     | expr • '/' expr
  103     | expr • '?' expr ':' expr
  104     | expr • '<' expr
  105     | expr • '>' expr
  106     | expr • opGE expr
  107     | expr • opLE expr
  108     | expr • opEQ expr
  109     | expr • opNE expr
  110     | expr • opOR expr
  111     | expr • opSHL expr
  112     | expr • opSHR expr
  113     | expr • opAND expr
  114     | expr • opSTREQ expr
  115     | expr • opSTRNE expr
  116     | expr • '@' expr
  129 slot_acc: expr • '.' IDENT
  130         | expr • '.' IDENT '[' aidx_expr ']'
  131 intslot_acc: expr • opINTNAME class_name_expr
  132            | expr • opINTNAMER class_name_expr
  161 funcall_expr: expr • '.' IDENT '(' func_arg_list_decl ')'

    '+'         shift, and go to state 102
    '-'         shift, and go to state 103
    '*'         shift, and go to state 104
    '/'         shift, and go to state 105
    '<'         shift, and go to state 106
    '>'         shift, and go to state 107
    '.'         shift, and go to state 108
    '|'         shift, and go to state 109
    '&'         shift, and go to state 110
    '%'         shift, and go to state 111
    ')'         shift, and go to state 363
    '^'         shift, and go to state 112
    '@'         shift, and go to state 113
    opINTNAME   shift, and go to state 114
    opINTNAMER  shift, and go to state 115
    opSHL       shift, and go to state 116
    opSHR       shift, and go to state 117
    opEQ        shift, and go to state 118
    opNE        shift, and go to state 119
    opGE        shift, and go to state 120
    opLE        shift, and go to state 121
    opAND       shift, and go to state 122
    opOR        shift, and go to state 123
    opSTREQ     shift, and go to state 124
    opSTRNE     shift, and go to state 125
    '?'         shift, and go to state 126


State 340

   88 foreach_stmt: rwFOREACH '(' VAR rwIN rwRANGE expr ')' • stmt_block

    rwDECLARE           shift, and go to state 5
    rwDECLARESINGLETON  shift, and go to state 6
    rwBREAK             shift, and go to state 7
    rwCONTINUE          shift, and go to state 8
    rwIF                shift, and go to state 9
    rwRETURN            shift, and go to state 10
    rwWHILE             shift, and go to state 11
    rwDO                shift, and go to state 12
    rwFOR               shift, and go to state 13
    rwFOREACH           shift, and go to state 14
    rwFOREACHSTR        shift, and go to state 15
    rwDATABLOCK         shift, and go to state 16
    rwSWITCH            shift, and go to state 17
    rwSWITCHSTR         shift, and go to state 18
    rwASSERT            shift, and go to state 20
    INTCONST            shift, and go to state 21
    TTAG                shift, and go to state 22
    VAR                 shift, and go to state 23
    IDENT               shift, and go to state 24
    DOCBLOCK            shift, and go to state 25
    STRATOM             shift, and go to state 26
    TAGATOM             shift, and go to state 27
    FLTCONST            shift, and go to state 28
    '-'                 shift, and go to state 29
    '*'                 shift, and go to state 30
    '('                 shift, and go to state 31
    '{'                 shift, and go to state 67
    '~'                 shift, and go to state 32
    '!'                 shift, and go to state 33

    stmt             go to state 68
    datablock_decl   go to state 38
    object_decl      go to state 39
    stmt_block       go to state 364
    switch_stmt      go to state 40
    if_stmt          go to state 41
    while_stmt       go to state 42
    for_stmt         go to state 43
    foreach_stmt     go to state 44
    expression_stmt  go to state 45
    expr             go to state 46
    slot_acc         go to state 47
    intslot_acc      go to state 48
    stmt_expr        go to state 49
    funcall_expr     go to state 50
    assert_expr      go to state 51


State 341

   85 foreach_stmt: rwFOREACH '(' VAR rwIN rwRANGE expr opDOTDOT • expr ')' stmt_block
   87             | rwFOREACH '(' VAR rwIN rwRANGE expr opDOTDOT • expr rwSTEP expr ')' stmt_block

    rwDECLARE           shift, and go to state 5
    rwDECLARESINGLETON  shift, and go to state 6
    rwBREAK             shift, and go to state 60
    rwASSERT            shift, and go to state 20
    INTCONST            shift, and go to state 21
    TTAG                shift, and go to state 61
    VAR                 shift, and go to state 23
    IDENT               shift, and go to state 24
    STRATOM             shift, and go to state 26
    TAGATOM             shift, and go to state 27
    FLTCONST            shift, and go to state 28
    '-'                 shift, and go to state 29
    '*'                 shift, and go to state 30
    '('                 shift, and go to state 31
    '~'                 shift, and go to state 32
    '!'                 shift, and go to state 33

    object_decl   go to state 39
    expr          go to state 365
    slot_acc      go to state 47
    intslot_acc   go to state 48
    stmt_expr     go to state 65
    funcall_expr  go to state 50
    assert_expr   go to state 51


State 342

   82 foreach_stmt: rwFOREACH '(' VAR rwIN expr ')' stmt_block •

    $default  reduce using rule 82 (foreach_stmt)


State 343

   84 foreach_stmt: rwFOREACH '(' VAR rwIN expr opDOTDOT expr • ')' stmt_block
   86             | rwFOREACH '(' VAR rwIN expr opDOTDOT expr • rwSTEP expr ')' stmt_block
   92 expr: expr • '^' expr
   93     | expr • '%' expr
   94     | expr • '&' expr
   95     | expr • '|' expr
   96     | expr • '+' expr
   97     | expr • '-' expr
   98     | expr • '*' expr
   99     | expr • '/' expr
  103     | expr • '?' expr ':' expr
  104     | expr • '<' expr
  105     | expr • '>' expr
  106     | expr • opGE expr
  107     | expr • opLE expr
  108     | expr • opEQ expr
  109     | expr • opNE expr
  110     | expr • opOR expr
  111     | expr • opSHL expr
  112     | expr • opSHR expr
  113     | expr • opAND expr
  114     | expr • opSTREQ expr
  115     | expr • opSTRNE expr
  116     | expr • '@' expr
  129 slot_acc: expr • '.' IDENT
  130         | expr • '.' IDENT '[' aidx_expr ']'
  131 intslot_acc: expr • opINTNAME class_name_expr
  132            | expr • opINTNAMER class_name_expr
  161 funcall_expr: expr • '.' IDENT '(' func_arg_list_decl ')'

    '+'         shift, and go to state 102
    '-'         shift, and go to state 103
    '*'         shift, and go to state 104
    '/'         shift, and go to state 105
    '<'         shift, and go to state 106
    '>'         shift, and go to state 107
    '.'         shift, and go to state 108
    '|'         shift, and go to state 109
    '&'         shift, and go to state 110
    '%'         shift, and go to state 111
    ')'         shift, and go to state 366
    '^'         shift, and go to state 112
    '@'         shift, and go to state 113
    opINTNAME   shift, and go to state 114
    opINTNAMER  shift, and go to state 115
    opSHL       shift, and go to state 116
    opSHR       shift, and go to state 117
    opEQ        shift, and go to state 118
    opNE        shift, and go to state 119
    opGE        shift, and go to state 120
    opLE        shift, and go to state 121
    opAND       shift, and go to state 122
    opOR        shift, and go to state 123
    opSTREQ     shift, and go to state 124
    opSTRNE     shift, and go to state 125
    rwSTEP      shift, and go to state 367
    '?'         shift, and go to state 126


State 344

   83 foreach_stmt: rwFOREACHSTR '(' VAR rwIN expr ')' stmt_block •

    $default  reduce using rule 83 (foreach_stmt)


State 345

   37 datablock_decl: rwDATABLOCK class_name_expr '(' expr parent_block ')' '{' • slot_assign_list_opt '}' ';'

    rwDATABLOCK  shift, and go to state 368
    IDENT        shift, and go to state 369
    TYPEIDENT    shift, and go to state 370

    $default  reduce using rule 172 (slot_assign_list_opt)

    slot_assign_list_opt  go to state 371
    slot_assign_list      go to state 372
    slot_assign           go to state 373


State 346

   60 case_block: rwCASE case_expr • ':' statement_list
   61           | rwCASE case_expr • ':' statement_list rwDEFAULT ':' statement_list
   62           | rwCASE case_expr • ':' statement_list case_block
   64 case_expr: case_expr • rwCASEOR expr

    rwCASEOR  shift, and go to state 374
    ':'       shift, and go to state 375


State 347

   63 case_expr: expr •
   92 expr: expr • '^' expr
   93     | expr • '%' expr
   94     | expr • '&' expr
   95     | expr • '|' expr
   96     | expr • '+' expr
   97     | expr • '-' expr
   98     | expr • '*' expr
   99     | expr • '/' expr
  103     | expr • '?' expr ':' expr
  104     | expr • '<' expr
  105     | expr • '>' expr
  106     | expr • opGE expr
  107     | expr • opLE expr
  108     | expr • opEQ expr
  109     | expr • opNE expr
  110     | expr • opOR expr
  111     | expr • opSHL expr
  112     | expr • opSHR expr
  113     | expr • opAND expr
  114     | expr • opSTREQ expr
  115     | expr • opSTRNE expr
  116     | expr • '@' expr
  129 slot_acc: expr • '.' IDENT
  130         | expr • '.' IDENT '[' aidx_expr ']'
  131 intslot_acc: expr • opINTNAME class_name_expr
  132            | expr • opINTNAMER class_name_expr
  161 funcall_expr: expr • '.' IDENT '(' func_arg_list_decl ')'

    '+'         shift, and go to state 102
    '-'         shift, and go to state 103
    '*'         shift, and go to state 104
    '/'         shift, and go to state 105
    '<'         shift, and go to state 106
    '>'         shift, and go to state 107
    '.'         shift, and go to state 108
    '|'         shift, and go to state 109
    '&'         shift, and go to state 110
    '%'         shift, and go to state 111
    '^'         shift, and go to state 112
    '@'         shift, and go to state 113
    opINTNAME   shift, and go to state 114
    opINTNAMER  shift, and go to state 115
    opSHL       shift, and go to state 116
    opSHR       shift, and go to state 117
    opEQ        shift, and go to state 118
    opNE        shift, and go to state 119
    opGE        shift, and go to state 120
    opLE        shift, and go to state 121
    opAND       shift, and go to state 122
    opOR        shift, and go to state 123
    opSTREQ     shift, and go to state 124
    opSTRNE     shift, and go to state 125
    '?'         shift, and go to state 126

    $default  reduce using rule 63 (case_expr)


State 348

   58 switch_stmt: rwSWITCH '(' expr ')' '{' case_block '}' •

    $default  reduce using rule 58 (switch_stmt)


State 349

   59 switch_stmt: rwSWITCHSTR '(' expr ')' '{' case_block '}' •

    $default  reduce using rule 59 (switch_stmt)


State 350

  153 stmt_expr: VAR '[' aidx_expr ']' '=' '{' expr_list • '}'
  171 expr_list: expr_list • ',' expr

    ','  shift, and go to state 211
    '}'  shift, and go to state 376


State 351

   27 fn_decl_stmt: rwDEFINE IDENT '(' var_list_decl ')' '{' statement_list '}' •

    $default  reduce using rule 27 (fn_decl_stmt)


State 352

   28 fn_decl_stmt: rwDEFINE IDENT opCOLONCOLON IDENT '(' var_list_decl ')' '{' • statement_list '}'

    $default  reduce using rule 10 (statement_list)

    statement_list  go to state 377


State 353

   40 object_decl: rwDECLARE class_name_expr '(' '[' object_name ']' parent_block object_args • ')' '{' object_declare_block '}'
   41            | rwDECLARE class_name_expr '(' '[' object_name ']' parent_block object_args • ')'

    ')'  shift, and go to state 378


State 354

   38 object_decl: rwDECLARE class_name_expr '(' object_name parent_block object_args ')' '{' • object_declare_block '}'

    rwDECLARE           shift, and go to state 5
    rwDECLARESINGLETON  shift, and go to state 6
    rwDATABLOCK         shift, and go to state 368
    IDENT               shift, and go to state 369
    TYPEIDENT           shift, and go to state 370

    $default  reduce using rule 50 (object_declare_block)

    object_decl           go to state 379
    object_declare_block  go to state 380
    object_decl_list      go to state 381
    slot_assign_list      go to state 382
    slot_assign           go to state 373


State 355

   42 object_decl: rwDECLARESINGLETON class_name_expr '(' object_name parent_block object_args ')' '{' • object_declare_block '}'

    rwDECLARE           shift, and go to state 5
    rwDECLARESINGLETON  shift, and go to state 6
    rwDATABLOCK         shift, and go to state 368
    IDENT               shift, and go to state 369
    TYPEIDENT           shift, and go to state 370

    $default  reduce using rule 50 (object_declare_block)

    object_decl           go to state 379
    object_declare_block  go to state 383
    object_decl_list      go to state 381
    slot_assign_list      go to state 382
    slot_assign           go to state 373


State 356

   81 for_stmt: rwFOR '(' VAR rwIN rwRANGE expr ')' stmt_block •

    $default  reduce using rule 81 (for_stmt)


State 357

   78 for_stmt: rwFOR '(' VAR rwIN rwRANGE expr opDOTDOT expr • ')' stmt_block
   80         | rwFOR '(' VAR rwIN rwRANGE expr opDOTDOT expr • rwSTEP expr ')' stmt_block
   92 expr: expr • '^' expr
   93     | expr • '%' expr
   94     | expr • '&' expr
   95     | expr • '|' expr
   96     | expr • '+' expr
   97     | expr • '-' expr
   98     | expr • '*' expr
   99     | expr • '/' expr
  103     | expr • '?' expr ':' expr
  104     | expr • '<' expr
  105     | expr • '>' expr
  106     | expr • opGE expr
  107     | expr • opLE expr
  108     | expr • opEQ expr
  109     | expr • opNE expr
  110     | expr • opOR expr
  111     | expr • opSHL expr
  112     | expr • opSHR expr
  113     | expr • opAND expr
  114     | expr • opSTREQ expr
  115     | expr • opSTRNE expr
  116     | expr • '@' expr
  129 slot_acc: expr • '.' IDENT
  130         | expr • '.' IDENT '[' aidx_expr ']'
  131 intslot_acc: expr • opINTNAME class_name_expr
  132            | expr • opINTNAMER class_name_expr
  161 funcall_expr: expr • '.' IDENT '(' func_arg_list_decl ')'

    '+'         shift, and go to state 102
    '-'         shift, and go to state 103
    '*'         shift, and go to state 104
    '/'         shift, and go to state 105
    '<'         shift, and go to state 106
    '>'         shift, and go to state 107
    '.'         shift, and go to state 108
    '|'         shift, and go to state 109
    '&'         shift, and go to state 110
    '%'         shift, and go to state 111
    ')'         shift, and go to state 384
    '^'         shift, and go to state 112
    '@'         shift, and go to state 113
    opINTNAME   shift, and go to state 114
    opINTNAMER  shift, and go to state 115
    opSHL       shift, and go to state 116
    opSHR       shift, and go to state 117
    opEQ        shift, and go to state 118
    opNE        shift, and go to state 119
    opGE        shift, and go to state 120
    opLE        shift, and go to state 121
    opAND       shift, and go to state 122
    opOR        shift, and go to state 123
    opSTREQ     shift, and go to state 124
    opSTRNE     shift, and go to state 125
    rwSTEP      shift, and go to state 385
    '?'         shift, and go to state 126


State 358

   77 for_stmt: rwFOR '(' VAR rwIN expr opDOTDOT expr ')' • stmt_block

    rwDECLARE           shift, and go to state 5
    rwDECLARESINGLETON  shift, and go to state 6
    rwBREAK             shift, and go to state 7
    rwCONTINUE          shift, and go to state 8
    rwIF                shift, and go to state 9
    rwRETURN            shift, and go to state 10
    rwWHILE             shift, and go to state 11
    rwDO                shift, and go to state 12
    rwFOR               shift, and go to state 13
    rwFOREACH           shift, and go to state 14
    rwFOREACHSTR        shift, and go to state 15
    rwDATABLOCK         shift, and go to state 16
    rwSWITCH            shift, and go to state 17
    rwSWITCHSTR         shift, and go to state 18
    rwASSERT            shift, and go to state 20
    INTCONST            shift, and go to state 21
    TTAG                shift, and go to state 22
    VAR                 shift, and go to state 23
    IDENT               shift, and go to state 24
    DOCBLOCK            shift, and go to state 25
    STRATOM             shift, and go to state 26
    TAGATOM             shift, and go to state 27
    FLTCONST            shift, and go to state 28
    '-'                 shift, and go to state 29
    '*'                 shift, and go to state 30
    '('                 shift, and go to state 31
    '{'                 shift, and go to state 67
    '~'                 shift, and go to state 32
    '!'                 shift, and go to state 33

    stmt             go to state 68
    datablock_decl   go to state 38
    object_decl      go to state 39
    stmt_block       go to state 386
    switch_stmt      go to state 40
    if_stmt          go to state 41
    while_stmt       go to state 42
    for_stmt         go to state 43
    foreach_stmt     go to state 44
    expression_stmt  go to state 45
    expr             go to state 46
    slot_acc         go to state 47
    intslot_acc      go to state 48
    stmt_expr        go to state 49
    funcall_expr     go to state 50
    assert_expr      go to state 51


State 359

   79 for_stmt: rwFOR '(' VAR rwIN expr opDOTDOT expr rwSTEP • expr ')' stmt_block

    rwDECLARE           shift, and go to state 5
    rwDECLARESINGLETON  shift, and go to state 6
    rwBREAK             shift, and go to state 60
    rwASSERT            shift, and go to state 20
    INTCONST            shift, and go to state 21
    TTAG                shift, and go to state 61
    VAR                 shift, and go to state 23
    IDENT               shift, and go to state 24
    STRATOM             shift, and go to state 26
    TAGATOM             shift, and go to state 27
    FLTCONST            shift, and go to state 28
    '-'                 shift, and go to state 29
    '*'                 shift, and go to state 30
    '('                 shift, and go to state 31
    '~'                 shift, and go to state 32
    '!'                 shift, and go to state 33

    object_decl   go to state 39
    expr          go to state 387
    slot_acc      go to state 47
    intslot_acc   go to state 48
    stmt_expr     go to state 65
    funcall_expr  go to state 50
    assert_expr   go to state 51


State 360

   73 for_stmt: rwFOR '(' ';' expr ';' expr ')' stmt_block •

    $default  reduce using rule 73 (for_stmt)


State 361

   71 for_stmt: rwFOR '(' expr ';' ';' expr ')' stmt_block •

    $default  reduce using rule 71 (for_stmt)


State 362

   70 for_stmt: rwFOR '(' expr ';' expr ';' ')' stmt_block •

    $default  reduce using rule 70 (for_stmt)


State 363

   69 for_stmt: rwFOR '(' expr ';' expr ';' expr ')' • stmt_block

    rwDECLARE           shift, and go to state 5
    rwDECLARESINGLETON  shift, and go to state 6
    rwBREAK             shift, and go to state 7
    rwCONTINUE          shift, and go to state 8
    rwIF                shift, and go to state 9
    rwRETURN            shift, and go to state 10
    rwWHILE             shift, and go to state 11
    rwDO                shift, and go to state 12
    rwFOR               shift, and go to state 13
    rwFOREACH           shift, and go to state 14
    rwFOREACHSTR        shift, and go to state 15
    rwDATABLOCK         shift, and go to state 16
    rwSWITCH            shift, and go to state 17
    rwSWITCHSTR         shift, and go to state 18
    rwASSERT            shift, and go to state 20
    INTCONST            shift, and go to state 21
    TTAG                shift, and go to state 22
    VAR                 shift, and go to state 23
    IDENT               shift, and go to state 24
    DOCBLOCK            shift, and go to state 25
    STRATOM             shift, and go to state 26
    TAGATOM             shift, and go to state 27
    FLTCONST            shift, and go to state 28
    '-'                 shift, and go to state 29
    '*'                 shift, and go to state 30
    '('                 shift, and go to state 31
    '{'                 shift, and go to state 67
    '~'                 shift, and go to state 32
    '!'                 shift, and go to state 33

    stmt             go to state 68
    datablock_decl   go to state 38
    object_decl      go to state 39
    stmt_block       go to state 388
    switch_stmt      go to state 40
    if_stmt          go to state 41
    while_stmt       go to state 42
    for_stmt         go to state 43
    foreach_stmt     go to state 44
    expression_stmt  go to state 45
    expr             go to state 46
    slot_acc         go to state 47
    intslot_acc      go to state 48
    stmt_expr        go to state 49
    funcall_expr     go to state 50
    assert_expr      go to state 51


State 364

   88 foreach_stmt: rwFOREACH '(' VAR rwIN rwRANGE expr ')' stmt_block •

    $default  reduce using rule 88 (foreach_stmt)


State 365

   85 foreach_stmt: rwFOREACH '(' VAR rwIN rwRANGE expr opDOTDOT expr • ')' stmt_block
   87             | rwFOREACH '(' VAR rwIN rwRANGE expr opDOTDOT expr • rwSTEP expr ')' stmt_block
   92 expr: expr • '^' expr
   93     | expr • '%' expr
   94     | expr • '&' expr
   95     | expr • '|' expr
   96     | expr • '+' expr
   97     | expr • '-' expr
   98     | expr • '*' expr
   99     | expr • '/' expr
  103     | expr • '?' expr ':' expr
  104     | expr • '<' expr
  105     | expr • '>' expr
  106     | expr • opGE expr
  107     | expr • opLE expr
  108     | expr • opEQ expr
  109     | expr • opNE expr
  110     | expr • opOR expr
  111     | expr • opSHL expr
  112     | expr • opSHR expr
  113     | expr • opAND expr
  114     | expr • opSTREQ expr
  115     | expr • opSTRNE expr
  116     | expr • '@' expr
  129 slot_acc: expr • '.' IDENT
  130         | expr • '.' IDENT '[' aidx_expr ']'
  131 intslot_acc: expr • opINTNAME class_name_expr
  132            | expr • opINTNAMER class_name_expr
  161 funcall_expr: expr • '.' IDENT '(' func_arg_list_decl ')'

    '+'         shift, and go to state 102
    '-'         shift, and go to state 103
    '*'         shift, and go to state 104
    '/'         shift, and go to state 105
    '<'         shift, and go to state 106
    '>'         shift, and go to state 107
    '.'         shift, and go to state 108
    '|'         shift, and go to state 109
    '&'         shift, and go to state 110
    '%'         shift, and go to state 111
    ')'         shift, and go to state 389
    '^'         shift, and go to state 112
    '@'         shift, and go to state 113
    opINTNAME   shift, and go to state 114
    opINTNAMER  shift, and go to state 115
    opSHL       shift, and go to state 116
    opSHR       shift, and go to state 117
    opEQ        shift, and go to state 118
    opNE        shift, and go to state 119
    opGE        shift, and go to state 120
    opLE        shift, and go to state 121
    opAND       shift, and go to state 122
    opOR        shift, and go to state 123
    opSTREQ     shift, and go to state 124
    opSTRNE     shift, and go to state 125
    rwSTEP      shift, and go to state 390
    '?'         shift, and go to state 126


State 366

   84 foreach_stmt: rwFOREACH '(' VAR rwIN expr opDOTDOT expr ')' • stmt_block

    rwDECLARE           shift, and go to state 5
    rwDECLARESINGLETON  shift, and go to state 6
    rwBREAK             shift, and go to state 7
    rwCONTINUE          shift, and go to state 8
    rwIF                shift, and go to state 9
    rwRETURN            shift, and go to state 10
    rwWHILE             shift, and go to state 11
    rwDO                shift, and go to state 12
    rwFOR               shift, and go to state 13
    rwFOREACH           shift, and go to state 14
    rwFOREACHSTR        shift, and go to state 15
    rwDATABLOCK         shift, and go to state 16
    rwSWITCH            shift, and go to state 17
    rwSWITCHSTR         shift, and go to state 18
    rwASSERT            shift, and go to state 20
    INTCONST            shift, and go to state 21
    TTAG                shift, and go to state 22
    VAR                 shift, and go to state 23
    IDENT               shift, and go to state 24
    DOCBLOCK            shift, and go to state 25
    STRATOM             shift, and go to state 26
    TAGATOM             shift, and go to state 27
    FLTCONST            shift, and go to state 28
    '-'                 shift, and go to state 29
    '*'                 shift, and go to state 30
    '('                 shift, and go to state 31
    '{'                 shift, and go to state 67
    '~'                 shift, and go to state 32
    '!'                 shift, and go to state 33

    stmt             go to state 68
    datablock_decl   go to state 38
    object_decl      go to state 39
    stmt_block       go to state 391
    switch_stmt      go to state 40
    if_stmt          go to state 41
    while_stmt       go to state 42
    for_stmt         go to state 43
    foreach_stmt     go to state 44
    expression_stmt  go to state 45
    expr             go to state 46
    slot_acc         go to state 47
    intslot_acc      go to state 48
    stmt_expr        go to state 49
    funcall_expr     go to state 50
    assert_expr      go to state 51


State 367

   86 foreach_stmt: rwFOREACH '(' VAR rwIN expr opDOTDOT expr rwSTEP • expr ')' stmt_block

    rwDECLARE           shift, and go to state 5
    rwDECLARESINGLETON  shift, and go to state 6
    rwBREAK             shift, and go to state 60
    rwASSERT            shift, and go to state 20
    INTCONST            shift, and go to state 21
    TTAG                shift, and go to state 61
    VAR                 shift, and go to state 23
    IDENT               shift, and go to state 24
    STRATOM             shift, and go to state 26
    TAGATOM             shift, and go to state 27
    FLTCONST            shift, and go to state 28
    '-'                 shift, and go to state 29
    '*'                 shift, and go to state 30
    '('                 shift, and go to state 31
    '~'                 shift, and go to state 32
    '!'                 shift, and go to state 33

    object_decl   go to state 39
    expr          go to state 392
    slot_acc      go to state 47
    intslot_acc   go to state 48
    stmt_expr     go to state 65
    funcall_expr  go to state 50
    assert_expr   go to state 51


State 368

  180 slot_assign: rwDATABLOCK • '=' expr ';'

    '='  shift, and go to state 393


State 369

  176 slot_assign: IDENT • '=' expr ';'
  177            | IDENT • '=' '{' expr_list '}' ';'
  181            | IDENT • '[' aidx_expr ']' '=' expr ';'
  182            | IDENT • '[' aidx_expr ']' '=' '{' expr_list '}' ';'

    '='  shift, and go to state 394
    '['  shift, and go to state 395


State 370

  178 slot_assign: TYPEIDENT • IDENT '=' expr ';'
  179            | TYPEIDENT • IDENT '=' '{' expr_list '}' ';'
  183            | TYPEIDENT • IDENT '[' aidx_expr ']' '=' expr ';'

    IDENT  shift, and go to state 396


State 371

   37 datablock_decl: rwDATABLOCK class_name_expr '(' expr parent_block ')' '{' slot_assign_list_opt • '}' ';'

    '}'  shift, and go to state 397


State 372

  173 slot_assign_list_opt: slot_assign_list •
  175 slot_assign_list: slot_assign_list • slot_assign

    rwDATABLOCK  shift, and go to state 368
    IDENT        shift, and go to state 369
    TYPEIDENT    shift, and go to state 370

    $default  reduce using rule 173 (slot_assign_list_opt)

    slot_assign  go to state 398


State 373

  174 slot_assign_list: slot_assign •

    $default  reduce using rule 174 (slot_assign_list)


State 374

   64 case_expr: case_expr rwCASEOR • expr

    rwDECLARE           shift, and go to state 5
    rwDECLARESINGLETON  shift, and go to state 6
    rwBREAK             shift, and go to state 60
    rwASSERT            shift, and go to state 20
    INTCONST            shift, and go to state 21
    TTAG                shift, and go to state 61
    VAR                 shift, and go to state 23
    IDENT               shift, and go to state 24
    STRATOM             shift, and go to state 26
    TAGATOM             shift, and go to state 27
    FLTCONST            shift, and go to state 28
    '-'                 shift, and go to state 29
    '*'                 shift, and go to state 30
    '('                 shift, and go to state 31
    '~'                 shift, and go to state 32
    '!'                 shift, and go to state 33

    object_decl   go to state 39
    expr          go to state 399
    slot_acc      go to state 47
    intslot_acc   go to state 48
    stmt_expr     go to state 65
    funcall_expr  go to state 50
    assert_expr   go to state 51


State 375

   60 case_block: rwCASE case_expr ':' • statement_list
   61           | rwCASE case_expr ':' • statement_list rwDEFAULT ':' statement_list
   62           | rwCASE case_expr ':' • statement_list case_block

    $default  reduce using rule 10 (statement_list)

    statement_list  go to state 400


State 376

  153 stmt_expr: VAR '[' aidx_expr ']' '=' '{' expr_list '}' •

    $default  reduce using rule 153 (stmt_expr)


State 377

   11 statement_list: statement_list • stmt
   28 fn_decl_stmt: rwDEFINE IDENT opCOLONCOLON IDENT '(' var_list_decl ')' '{' statement_list • '}'

    rwDECLARE           shift, and go to state 5
    rwDECLARESINGLETON  shift, and go to state 6
    rwBREAK             shift, and go to state 7
    rwCONTINUE          shift, and go to state 8
    rwIF                shift, and go to state 9
    rwRETURN            shift, and go to state 10
    rwWHILE             shift, and go to state 11
    rwDO                shift, and go to state 12
    rwFOR               shift, and go to state 13
    rwFOREACH           shift, and go to state 14
    rwFOREACHSTR        shift, and go to state 15
    rwDATABLOCK         shift, and go to state 16
    rwSWITCH            shift, and go to state 17
    rwSWITCHSTR         shift, and go to state 18
    rwASSERT            shift, and go to state 20
    INTCONST            shift, and go to state 21
    TTAG                shift, and go to state 22
    VAR                 shift, and go to state 23
    IDENT               shift, and go to state 24
    DOCBLOCK            shift, and go to state 25
    STRATOM             shift, and go to state 26
    TAGATOM             shift, and go to state 27
    FLTCONST            shift, and go to state 28
    '-'                 shift, and go to state 29
    '*'                 shift, and go to state 30
    '('                 shift, and go to state 31
    '}'                 shift, and go to state 401
    '~'                 shift, and go to state 32
    '!'                 shift, and go to state 33

    stmt             go to state 215
    datablock_decl   go to state 38
    object_decl      go to state 39
    switch_stmt      go to state 40
    if_stmt          go to state 41
    while_stmt       go to state 42
    for_stmt         go to state 43
    foreach_stmt     go to state 44
    expression_stmt  go to state 45
    expr             go to state 46
    slot_acc         go to state 47
    intslot_acc      go to state 48
    stmt_expr        go to state 49
    funcall_expr     go to state 50
    assert_expr      go to state 51


State 378

   40 object_decl: rwDECLARE class_name_expr '(' '[' object_name ']' parent_block object_args ')' • '{' object_declare_block '}'
   41            | rwDECLARE class_name_expr '(' '[' object_name ']' parent_block object_args ')' •

    '{'  shift, and go to state 402

    $default  reduce using rule 41 (object_decl)


State 379

   54 object_decl_list: object_decl • ';'

    ';'  shift, and go to state 403


State 380

   38 object_decl: rwDECLARE class_name_expr '(' object_name parent_block object_args ')' '{' object_declare_block • '}'

    '}'  shift, and go to state 404


State 381

   52 object_declare_block: object_decl_list •
   55 object_decl_list: object_decl_list • object_decl ';'

    rwDECLARE           shift, and go to state 5
    rwDECLARESINGLETON  shift, and go to state 6

    $default  reduce using rule 52 (object_declare_block)

    object_decl  go to state 405


State 382

   51 object_declare_block: slot_assign_list •
   53                     | slot_assign_list • object_decl_list
  175 slot_assign_list: slot_assign_list • slot_assign

    rwDECLARE           shift, and go to state 5
    rwDECLARESINGLETON  shift, and go to state 6
    rwDATABLOCK         shift, and go to state 368
    IDENT               shift, and go to state 369
    TYPEIDENT           shift, and go to state 370

    $default  reduce using rule 51 (object_declare_block)

    object_decl       go to state 379
    object_decl_list  go to state 406
    slot_assign       go to state 398


State 383

   42 object_decl: rwDECLARESINGLETON class_name_expr '(' object_name parent_block object_args ')' '{' object_declare_block • '}'

    '}'  shift, and go to state 407


State 384

   78 for_stmt: rwFOR '(' VAR rwIN rwRANGE expr opDOTDOT expr ')' • stmt_block

    rwDECLARE           shift, and go to state 5
    rwDECLARESINGLETON  shift, and go to state 6
    rwBREAK             shift, and go to state 7
    rwCONTINUE          shift, and go to state 8
    rwIF                shift, and go to state 9
    rwRETURN            shift, and go to state 10
    rwWHILE             shift, and go to state 11
    rwDO                shift, and go to state 12
    rwFOR               shift, and go to state 13
    rwFOREACH           shift, and go to state 14
    rwFOREACHSTR        shift, and go to state 15
    rwDATABLOCK         shift, and go to state 16
    rwSWITCH            shift, and go to state 17
    rwSWITCHSTR         shift, and go to state 18
    rwASSERT            shift, and go to state 20
    INTCONST            shift, and go to state 21
    TTAG                shift, and go to state 22
    VAR                 shift, and go to state 23
    IDENT               shift, and go to state 24
    DOCBLOCK            shift, and go to state 25
    STRATOM             shift, and go to state 26
    TAGATOM             shift, and go to state 27
    FLTCONST            shift, and go to state 28
    '-'                 shift, and go to state 29
    '*'                 shift, and go to state 30
    '('                 shift, and go to state 31
    '{'                 shift, and go to state 67
    '~'                 shift, and go to state 32
    '!'                 shift, and go to state 33

    stmt             go to state 68
    datablock_decl   go to state 38
    object_decl      go to state 39
    stmt_block       go to state 408
    switch_stmt      go to state 40
    if_stmt          go to state 41
    while_stmt       go to state 42
    for_stmt         go to state 43
    foreach_stmt     go to state 44
    expression_stmt  go to state 45
    expr             go to state 46
    slot_acc         go to state 47
    intslot_acc      go to state 48
    stmt_expr        go to state 49
    funcall_expr     go to state 50
    assert_expr      go to state 51


State 385

   80 for_stmt: rwFOR '(' VAR rwIN rwRANGE expr opDOTDOT expr rwSTEP • expr ')' stmt_block

    rwDECLARE           shift, and go to state 5
    rwDECLARESINGLETON  shift, and go to state 6
    rwBREAK             shift, and go to state 60
    rwASSERT            shift, and go to state 20
    INTCONST            shift, and go to state 21
    TTAG                shift, and go to state 61
    VAR                 shift, and go to state 23
    IDENT               shift, and go to state 24
    STRATOM             shift, and go to state 26
    TAGATOM             shift, and go to state 27
    FLTCONST            shift, and go to state 28
    '-'                 shift, and go to state 29
    '*'                 shift, and go to state 30
    '('                 shift, and go to state 31
    '~'                 shift, and go to state 32
    '!'                 shift, and go to state 33

    object_decl   go to state 39
    expr          go to state 409
    slot_acc      go to state 47
    intslot_acc   go to state 48
    stmt_expr     go to state 65
    funcall_expr  go to state 50
    assert_expr   go to state 51


State 386

   77 for_stmt: rwFOR '(' VAR rwIN expr opDOTDOT expr ')' stmt_block •

    $default  reduce using rule 77 (for_stmt)


State 387

   79 for_stmt: rwFOR '(' VAR rwIN expr opDOTDOT expr rwSTEP expr • ')' stmt_block
   92 expr: expr • '^' expr
   93     | expr • '%' expr
   94     | expr • '&' expr
   95     | expr • '|' expr
   96     | expr • '+' expr
   97     | expr • '-' expr
   98     | expr • '*' expr
   99     | expr • '/' expr
  103     | expr • '?' expr ':' expr
  104     | expr • '<' expr
  105     | expr • '>' expr
  106     | expr • opGE expr
  107     | expr • opLE expr
  108     | expr • opEQ expr
  109     | expr • opNE expr
  110     | expr • opOR expr
  111     | expr • opSHL expr
  112     | expr • opSHR expr
  113     | expr • opAND expr
  114     | expr • opSTREQ expr
  115     | expr • opSTRNE expr
  116     | expr • '@' expr
  129 slot_acc: expr • '.' IDENT
  130         | expr • '.' IDENT '[' aidx_expr ']'
  131 intslot_acc: expr • opINTNAME class_name_expr
  132            | expr • opINTNAMER class_name_expr
  161 funcall_expr: expr • '.' IDENT '(' func_arg_list_decl ')'

    '+'         shift, and go to state 102
    '-'         shift, and go to state 103
    '*'         shift, and go to state 104
    '/'         shift, and go to state 105
    '<'         shift, and go to state 106
    '>'         shift, and go to state 107
    '.'         shift, and go to state 108
    '|'         shift, and go to state 109
    '&'         shift, and go to state 110
    '%'         shift, and go to state 111
    ')'         shift, and go to state 410
    '^'         shift, and go to state 112
    '@'         shift, and go to state 113
    opINTNAME   shift, and go to state 114
    opINTNAMER  shift, and go to state 115
    opSHL       shift, and go to state 116
    opSHR       shift, and go to state 117
    opEQ        shift, and go to state 118
    opNE        shift, and go to state 119
    opGE        shift, and go to state 120
    opLE        shift, and go to state 121
    opAND       shift, and go to state 122
    opOR        shift, and go to state 123
    opSTREQ     shift, and go to state 124
    opSTRNE     shift, and go to state 125
    '?'         shift, and go to state 126


State 388

   69 for_stmt: rwFOR '(' expr ';' expr ';' expr ')' stmt_block •

    $default  reduce using rule 69 (for_stmt)


State 389

   85 foreach_stmt: rwFOREACH '(' VAR rwIN rwRANGE expr opDOTDOT expr ')' • stmt_block

    rwDECLARE           shift, and go to state 5
    rwDECLARESINGLETON  shift, and go to state 6
    rwBREAK             shift, and go to state 7
    rwCONTINUE          shift, and go to state 8
    rwIF                shift, and go to state 9
    rwRETURN            shift, and go to state 10
    rwWHILE             shift, and go to state 11
    rwDO                shift, and go to state 12
    rwFOR               shift, and go to state 13
    rwFOREACH           shift, and go to state 14
    rwFOREACHSTR        shift, and go to state 15
    rwDATABLOCK         shift, and go to state 16
    rwSWITCH            shift, and go to state 17
    rwSWITCHSTR         shift, and go to state 18
    rwASSERT            shift, and go to state 20
    INTCONST            shift, and go to state 21
    TTAG                shift, and go to state 22
    VAR                 shift, and go to state 23
    IDENT               shift, and go to state 24
    DOCBLOCK            shift, and go to state 25
    STRATOM             shift, and go to state 26
    TAGATOM             shift, and go to state 27
    FLTCONST            shift, and go to state 28
    '-'                 shift, and go to state 29
    '*'                 shift, and go to state 30
    '('                 shift, and go to state 31
    '{'                 shift, and go to state 67
    '~'                 shift, and go to state 32
    '!'                 shift, and go to state 33

    stmt             go to state 68
    datablock_decl   go to state 38
    object_decl      go to state 39
    stmt_block       go to state 411
    switch_stmt      go to state 40
    if_stmt          go to state 41
    while_stmt       go to state 42
    for_stmt         go to state 43
    foreach_stmt     go to state 44
    expression_stmt  go to state 45
    expr             go to state 46
    slot_acc         go to state 47
    intslot_acc      go to state 48
    stmt_expr        go to state 49
    funcall_expr     go to state 50
    assert_expr      go to state 51


State 390

   87 foreach_stmt: rwFOREACH '(' VAR rwIN rwRANGE expr opDOTDOT expr rwSTEP • expr ')' stmt_block

    rwDECLARE           shift, and go to state 5
    rwDECLARESINGLETON  shift, and go to state 6
    rwBREAK             shift, and go to state 60
    rwASSERT            shift, and go to state 20
    INTCONST            shift, and go to state 21
    TTAG                shift, and go to state 61
    VAR                 shift, and go to state 23
    IDENT               shift, and go to state 24
    STRATOM             shift, and go to state 26
    TAGATOM             shift, and go to state 27
    FLTCONST            shift, and go to state 28
    '-'                 shift, and go to state 29
    '*'                 shift, and go to state 30
    '('                 shift, and go to state 31
    '~'                 shift, and go to state 32
    '!'                 shift, and go to state 33

    object_decl   go to state 39
    expr          go to state 412
    slot_acc      go to state 47
    intslot_acc   go to state 48
    stmt_expr     go to state 65
    funcall_expr  go to state 50
    assert_expr   go to state 51


State 391

   84 foreach_stmt: rwFOREACH '(' VAR rwIN expr opDOTDOT expr ')' stmt_block •

    $default  reduce using rule 84 (foreach_stmt)


State 392

   86 foreach_stmt: rwFOREACH '(' VAR rwIN expr opDOTDOT expr rwSTEP expr • ')' stmt_block
   92 expr: expr • '^' expr
   93     | expr • '%' expr
   94     | expr • '&' expr
   95     | expr • '|' expr
   96     | expr • '+' expr
   97     | expr • '-' expr
   98     | expr • '*' expr
   99     | expr • '/' expr
  103     | expr • '?' expr ':' expr
  104     | expr • '<' expr
  105     | expr • '>' expr
  106     | expr • opGE expr
  107     | expr • opLE expr
  108     | expr • opEQ expr
  109     | expr • opNE expr
  110     | expr • opOR expr
  111     | expr • opSHL expr
  112     | expr • opSHR expr
  113     | expr • opAND expr
  114     | expr • opSTREQ expr
  115     | expr • opSTRNE expr
  116     | expr • '@' expr
  129 slot_acc: expr • '.' IDENT
  130         | expr • '.' IDENT '[' aidx_expr ']'
  131 intslot_acc: expr • opINTNAME class_name_expr
  132            | expr • opINTNAMER class_name_expr
  161 funcall_expr: expr • '.' IDENT '(' func_arg_list_decl ')'

    '+'         shift, and go to state 102
    '-'         shift, and go to state 103
    '*'         shift, and go to state 104
    '/'         shift, and go to state 105
    '<'         shift, and go to state 106
    '>'         shift, and go to state 107
    '.'         shift, and go to state 108
    '|'         shift, and go to state 109
    '&'         shift, and go to state 110
    '%'         shift, and go to state 111
    ')'         shift, and go to state 413
    '^'         shift, and go to state 112
    '@'         shift, and go to state 113
    opINTNAME   shift, and go to state 114
    opINTNAMER  shift, and go to state 115
    opSHL       shift, and go to state 116
    opSHR       shift, and go to state 117
    opEQ        shift, and go to state 118
    opNE        shift, and go to state 119
    opGE        shift, and go to state 120
    opLE        shift, and go to state 121
    opAND       shift, and go to state 122
    opOR        shift, and go to state 123
    opSTREQ     shift, and go to state 124
    opSTRNE     shift, and go to state 125
    '?'         shift, and go to state 126


State 393

  180 slot_assign: rwDATABLOCK '=' • expr ';'

    rwDECLARE           shift, and go to state 5
    rwDECLARESINGLETON  shift, and go to state 6
    rwBREAK             shift, and go to state 60
    rwASSERT            shift, and go to state 20
    INTCONST            shift, and go to state 21
    TTAG                shift, and go to state 61
    VAR                 shift, and go to state 23
    IDENT               shift, and go to state 24
    STRATOM             shift, and go to state 26
    TAGATOM             shift, and go to state 27
    FLTCONST            shift, and go to state 28
    '-'                 shift, and go to state 29
    '*'                 shift, and go to state 30
    '('                 shift, and go to state 31
    '~'                 shift, and go to state 32
    '!'                 shift, and go to state 33

    object_decl   go to state 39
    expr          go to state 414
    slot_acc      go to state 47
    intslot_acc   go to state 48
    stmt_expr     go to state 65
    funcall_expr  go to state 50
    assert_expr   go to state 51


State 394

  176 slot_assign: IDENT '=' • expr ';'
  177            | IDENT '=' • '{' expr_list '}' ';'

    rwDECLARE           shift, and go to state 5
    rwDECLARESINGLETON  shift, and go to state 6
    rwBREAK             shift, and go to state 60
    rwASSERT            shift, and go to state 20
    INTCONST            shift, and go to state 21
    TTAG                shift, and go to state 61
    VAR                 shift, and go to state 23
    IDENT               shift, and go to state 24
    STRATOM             shift, and go to state 26
    TAGATOM             shift, and go to state 27
    FLTCONST            shift, and go to state 28
    '-'                 shift, and go to state 29
    '*'                 shift, and go to state 30
    '('                 shift, and go to state 31
    '{'                 shift, and go to state 415
    '~'                 shift, and go to state 32
    '!'                 shift, and go to state 33

    object_decl   go to state 39
    expr          go to state 416
    slot_acc      go to state 47
    intslot_acc   go to state 48
    stmt_expr     go to state 65
    funcall_expr  go to state 50
    assert_expr   go to state 51


State 395

  181 slot_assign: IDENT '[' • aidx_expr ']' '=' expr ';'
  182            | IDENT '[' • aidx_expr ']' '=' '{' expr_list '}' ';'

    rwDECLARE           shift, and go to state 5
    rwDECLARESINGLETON  shift, and go to state 6
    rwBREAK             shift, and go to state 60
    rwASSERT            shift, and go to state 20
    INTCONST            shift, and go to state 21
    TTAG                shift, and go to state 61
    VAR                 shift, and go to state 23
    IDENT               shift, and go to state 24
    STRATOM             shift, and go to state 26
    TAGATOM             shift, and go to state 27
    FLTCONST            shift, and go to state 28
    '-'                 shift, and go to state 29
    '*'                 shift, and go to state 30
    '('                 shift, and go to state 31
    '~'                 shift, and go to state 32
    '!'                 shift, and go to state 33

    object_decl   go to state 39
    expr          go to state 164
    slot_acc      go to state 47
    intslot_acc   go to state 48
    stmt_expr     go to state 65
    funcall_expr  go to state 50
    assert_expr   go to state 51
    aidx_expr     go to state 417


State 396

  178 slot_assign: TYPEIDENT IDENT • '=' expr ';'
  179            | TYPEIDENT IDENT • '=' '{' expr_list '}' ';'
  183            | TYPEIDENT IDENT • '[' aidx_expr ']' '=' expr ';'

    '='  shift, and go to state 418
    '['  shift, and go to state 419


State 397

   37 datablock_decl: rwDATABLOCK class_name_expr '(' expr parent_block ')' '{' slot_assign_list_opt '}' • ';'

    ';'  shift, and go to state 420


State 398

  175 slot_assign_list: slot_assign_list slot_assign •

    $default  reduce using rule 175 (slot_assign_list)


State 399

   64 case_expr: case_expr rwCASEOR expr •
   92 expr: expr • '^' expr
   93     | expr • '%' expr
   94     | expr • '&' expr
   95     | expr • '|' expr
   96     | expr • '+' expr
   97     | expr • '-' expr
   98     | expr • '*' expr
   99     | expr • '/' expr
  103     | expr • '?' expr ':' expr
  104     | expr • '<' expr
  105     | expr • '>' expr
  106     | expr • opGE expr
  107     | expr • opLE expr
  108     | expr • opEQ expr
  109     | expr • opNE expr
  110     | expr • opOR expr
  111     | expr • opSHL expr
  112     | expr • opSHR expr
  113     | expr • opAND expr
  114     | expr • opSTREQ expr
  115     | expr • opSTRNE expr
  116     | expr • '@' expr
  129 slot_acc: expr • '.' IDENT
  130         | expr • '.' IDENT '[' aidx_expr ']'
  131 intslot_acc: expr • opINTNAME class_name_expr
  132            | expr • opINTNAMER class_name_expr
  161 funcall_expr: expr • '.' IDENT '(' func_arg_list_decl ')'

    '+'         shift, and go to state 102
    '-'         shift, and go to state 103
    '*'         shift, and go to state 104
    '/'         shift, and go to state 105
    '<'         shift, and go to state 106
    '>'         shift, and go to state 107
    '.'         shift, and go to state 108
    '|'         shift, and go to state 109
    '&'         shift, and go to state 110
    '%'         shift, and go to state 111
    '^'         shift, and go to state 112
    '@'         shift, and go to state 113
    opINTNAME   shift, and go to state 114
    opINTNAMER  shift, and go to state 115
    opSHL       shift, and go to state 116
    opSHR       shift, and go to state 117
    opEQ        shift, and go to state 118
    opNE        shift, and go to state 119
    opGE        shift, and go to state 120
    opLE        shift, and go to state 121
    opAND       shift, and go to state 122
    opOR        shift, and go to state 123
    opSTREQ     shift, and go to state 124
    opSTRNE     shift, and go to state 125
    '?'         shift, and go to state 126

    $default  reduce using rule 64 (case_expr)


State 400

   11 statement_list: statement_list • stmt
   60 case_block: rwCASE case_expr ':' statement_list •
   61           | rwCASE case_expr ':' statement_list • rwDEFAULT ':' statement_list
   62           | rwCASE case_expr ':' statement_list • case_block

    rwDECLARE           shift, and go to state 5
    rwDECLARESINGLETON  shift, and go to state 6
    rwBREAK             shift, and go to state 7
    rwCONTINUE          shift, and go to state 8
    rwIF                shift, and go to state 9
    rwRETURN            shift, and go to state 10
    rwWHILE             shift, and go to state 11
    rwDO                shift, and go to state 12
    rwDEFAULT           shift, and go to state 421
    rwFOR               shift, and go to state 13
    rwFOREACH           shift, and go to state 14
    rwFOREACHSTR        shift, and go to state 15
    rwDATABLOCK         shift, and go to state 16
    rwSWITCH            shift, and go to state 17
    rwCASE              shift, and go to state 311
    rwSWITCHSTR         shift, and go to state 18
    rwASSERT            shift, and go to state 20
    INTCONST            shift, and go to state 21
    TTAG                shift, and go to state 22
    VAR                 shift, and go to state 23
    IDENT               shift, and go to state 24
    DOCBLOCK            shift, and go to state 25
    STRATOM             shift, and go to state 26
    TAGATOM             shift, and go to state 27
    FLTCONST            shift, and go to state 28
    '-'                 shift, and go to state 29
    '*'                 shift, and go to state 30
    '('                 shift, and go to state 31
    '~'                 shift, and go to state 32
    '!'                 shift, and go to state 33

    $default  reduce using rule 60 (case_block)

    stmt             go to state 215
    datablock_decl   go to state 38
    object_decl      go to state 39
    switch_stmt      go to state 40
    case_block       go to state 422
    if_stmt          go to state 41
    while_stmt       go to state 42
    for_stmt         go to state 43
    foreach_stmt     go to state 44
    expression_stmt  go to state 45
    expr             go to state 46
    slot_acc         go to state 47
    intslot_acc      go to state 48
    stmt_expr        go to state 49
    funcall_expr     go to state 50
    assert_expr      go to state 51


State 401

   28 fn_decl_stmt: rwDEFINE IDENT opCOLONCOLON IDENT '(' var_list_decl ')' '{' statement_list '}' •

    $default  reduce using rule 28 (fn_decl_stmt)


State 402

   40 object_decl: rwDECLARE class_name_expr '(' '[' object_name ']' parent_block object_args ')' '{' • object_declare_block '}'

    rwDECLARE           shift, and go to state 5
    rwDECLARESINGLETON  shift, and go to state 6
    rwDATABLOCK         shift, and go to state 368
    IDENT               shift, and go to state 369
    TYPEIDENT           shift, and go to state 370

    $default  reduce using rule 50 (object_declare_block)

    object_decl           go to state 379
    object_declare_block  go to state 423
    object_decl_list      go to state 381
    slot_assign_list      go to state 382
    slot_assign           go to state 373


State 403

   54 object_decl_list: object_decl ';' •

    $default  reduce using rule 54 (object_decl_list)


State 404

   38 object_decl: rwDECLARE class_name_expr '(' object_name parent_block object_args ')' '{' object_declare_block '}' •

    $default  reduce using rule 38 (object_decl)


State 405

   55 object_decl_list: object_decl_list object_decl • ';'

    ';'  shift, and go to state 424


State 406

   53 object_declare_block: slot_assign_list object_decl_list •
   55 object_decl_list: object_decl_list • object_decl ';'

    rwDECLARE           shift, and go to state 5
    rwDECLARESINGLETON  shift, and go to state 6

    $default  reduce using rule 53 (object_declare_block)

    object_decl  go to state 405


State 407

   42 object_decl: rwDECLARESINGLETON class_name_expr '(' object_name parent_block object_args ')' '{' object_declare_block '}' •

    $default  reduce using rule 42 (object_decl)


State 408

   78 for_stmt: rwFOR '(' VAR rwIN rwRANGE expr opDOTDOT expr ')' stmt_block •

    $default  reduce using rule 78 (for_stmt)


State 409

   80 for_stmt: rwFOR '(' VAR rwIN rwRANGE expr opDOTDOT expr rwSTEP expr • ')' stmt_block
   92 expr: expr • '^' expr
   93     | expr • '%' expr
   94     | expr • '&' expr
   95     | expr • '|' expr
   96     | expr • '+' expr
   97     | expr • '-' expr
   98     | expr • '*' expr
   99     | expr • '/' expr
  103     | expr • '?' expr ':' expr
  104     | expr • '<' expr
  105     | expr • '>' expr
  106     | expr • opGE expr
  107     | expr • opLE expr
  108     | expr • opEQ expr
  109     | expr • opNE expr
  110     | expr • opOR expr
  111     | expr • opSHL expr
  112     | expr • opSHR expr
  113     | expr • opAND expr
  114     | expr • opSTREQ expr
  115     | expr • opSTRNE expr
  116     | expr • '@' expr
  129 slot_acc: expr • '.' IDENT
  130         | expr • '.' IDENT '[' aidx_expr ']'
  131 intslot_acc: expr • opINTNAME class_name_expr
  132            | expr • opINTNAMER class_name_expr
  161 funcall_expr: expr • '.' IDENT '(' func_arg_list_decl ')'

    '+'         shift, and go to state 102
    '-'         shift, and go to state 103
    '*'         shift, and go to state 104
    '/'         shift, and go to state 105
    '<'         shift, and go to state 106
    '>'         shift, and go to state 107
    '.'         shift, and go to state 108
    '|'         shift, and go to state 109
    '&'         shift, and go to state 110
    '%'         shift, and go to state 111
    ')'         shift, and go to state 425
    '^'         shift, and go to state 112
    '@'         shift, and go to state 113
    opINTNAME   shift, and go to state 114
    opINTNAMER  shift, and go to state 115
    opSHL       shift, and go to state 116
    opSHR       shift, and go to state 117
    opEQ        shift, and go to state 118
    opNE        shift, and go to state 119
    opGE        shift, and go to state 120
    opLE        shift, and go to state 121
    opAND       shift, and go to state 122
    opOR        shift, and go to state 123
    opSTREQ     shift, and go to state 124
    opSTRNE     shift, and go to state 125
    '?'         shift, and go to state 126


State 410

   79 for_stmt: rwFOR '(' VAR rwIN expr opDOTDOT expr rwSTEP expr ')' • stmt_block

    rwDECLARE           shift, and go to state 5
    rwDECLARESINGLETON  shift, and go to state 6
    rwBREAK             shift, and go to state 7
    rwCONTINUE          shift, and go to state 8
    rwIF                shift, and go to state 9
    rwRETURN            shift, and go to state 10
    rwWHILE             shift, and go to state 11
    rwDO                shift, and go to state 12
    rwFOR               shift, and go to state 13
    rwFOREACH           shift, and go to state 14
    rwFOREACHSTR        shift, and go to state 15
    rwDATABLOCK         shift, and go to state 16
    rwSWITCH            shift, and go to state 17
    rwSWITCHSTR         shift, and go to state 18
    rwASSERT            shift, and go to state 20
    INTCONST            shift, and go to state 21
    TTAG                shift, and go to state 22
    VAR                 shift, and go to state 23
    IDENT               shift, and go to state 24
    DOCBLOCK            shift, and go to state 25
    STRATOM             shift, and go to state 26
    TAGATOM             shift, and go to state 27
    FLTCONST            shift, and go to state 28
    '-'                 shift, and go to state 29
    '*'                 shift, and go to state 30
    '('                 shift, and go to state 31
    '{'                 shift, and go to state 67
    '~'                 shift, and go to state 32
    '!'                 shift, and go to state 33

    stmt             go to state 68
    datablock_decl   go to state 38
    object_decl      go to state 39
    stmt_block       go to state 426
    switch_stmt      go to state 40
    if_stmt          go to state 41
    while_stmt       go to state 42
    for_stmt         go to state 43
    foreach_stmt     go to state 44
    expression_stmt  go to state 45
    expr             go to state 46
    slot_acc         go to state 47
    intslot_acc      go to state 48
    stmt_expr        go to state 49
    funcall_expr     go to state 50
    assert_expr      go to state 51


State 411

   85 foreach_stmt: rwFOREACH '(' VAR rwIN rwRANGE expr opDOTDOT expr ')' stmt_block •

    $default  reduce using rule 85 (foreach_stmt)


State 412

   87 foreach_stmt: rwFOREACH '(' VAR rwIN rwRANGE expr opDOTDOT expr rwSTEP expr • ')' stmt_block
   92 expr: expr • '^' expr
   93     | expr • '%' expr
   94     | expr • '&' expr
   95     | expr • '|' expr
   96     | expr • '+' expr
   97     | expr • '-' expr
   98     | expr • '*' expr
   99     | expr • '/' expr
  103     | expr • '?' expr ':' expr
  104     | expr • '<' expr
  105     | expr • '>' expr
  106     | expr • opGE expr
  107     | expr • opLE expr
  108     | expr • opEQ expr
  109     | expr • opNE expr
  110     | expr • opOR expr
  111     | expr • opSHL expr
  112     | expr • opSHR expr
  113     | expr • opAND expr
  114     | expr • opSTREQ expr
  115     | expr • opSTRNE expr
  116     | expr • '@' expr
  129 slot_acc: expr • '.' IDENT
  130         | expr • '.' IDENT '[' aidx_expr ']'
  131 intslot_acc: expr • opINTNAME class_name_expr
  132            | expr • opINTNAMER class_name_expr
  161 funcall_expr: expr • '.' IDENT '(' func_arg_list_decl ')'

    '+'         shift, and go to state 102
    '-'         shift, and go to state 103
    '*'         shift, and go to state 104
    '/'         shift, and go to state 105
    '<'         shift, and go to state 106
    '>'         shift, and go to state 107
    '.'         shift, and go to state 108
    '|'         shift, and go to state 109
    '&'         shift, and go to state 110
    '%'         shift, and go to state 111
    ')'         shift, and go to state 427
    '^'         shift, and go to state 112
    '@'         shift, and go to state 113
    opINTNAME   shift, and go to state 114
    opINTNAMER  shift, and go to state 115
    opSHL       shift, and go to state 116
    opSHR       shift, and go to state 117
    opEQ        shift, and go to state 118
    opNE        shift, and go to state 119
    opGE        shift, and go to state 120
    opLE        shift, and go to state 121
    opAND       shift, and go to state 122
    opOR        shift, and go to state 123
    opSTREQ     shift, and go to state 124
    opSTRNE     shift, and go to state 125
    '?'         shift, and go to state 126


State 413

   86 foreach_stmt: rwFOREACH '(' VAR rwIN expr opDOTDOT expr rwSTEP expr ')' • stmt_block

    rwDECLARE           shift, and go to state 5
    rwDECLARESINGLETON  shift, and go to state 6
    rwBREAK             shift, and go to state 7
    rwCONTINUE          shift, and go to state 8
    rwIF                shift, and go to state 9
    rwRETURN            shift, and go to state 10
    rwWHILE             shift, and go to state 11
    rwDO                shift, and go to state 12
    rwFOR               shift, and go to state 13
    rwFOREACH           shift, and go to state 14
    rwFOREACHSTR        shift, and go to state 15
    rwDATABLOCK         shift, and go to state 16
    rwSWITCH            shift, and go to state 17
    rwSWITCHSTR         shift, and go to state 18
    rwASSERT            shift, and go to state 20
    INTCONST            shift, and go to state 21
    TTAG                shift, and go to state 22
    VAR                 shift, and go to state 23
    IDENT               shift, and go to state 24
    DOCBLOCK            shift, and go to state 25
    STRATOM             shift, and go to state 26
    TAGATOM             shift, and go to state 27
    FLTCONST            shift, and go to state 28
    '-'                 shift, and go to state 29
    '*'                 shift, and go to state 30
    '('                 shift, and go to state 31
    '{'                 shift, and go to state 67
    '~'                 shift, and go to state 32
    '!'                 shift, and go to state 33

    stmt             go to state 68
    datablock_decl   go to state 38
    object_decl      go to state 39
    stmt_block       go to state 428
    switch_stmt      go to state 40
    if_stmt          go to state 41
    while_stmt       go to state 42
    for_stmt         go to state 43
    foreach_stmt     go to state 44
    expression_stmt  go to state 45
    expr             go to state 46
    slot_acc         go to state 47
    intslot_acc      go to state 48
    stmt_expr        go to state 49
    funcall_expr     go to state 50
    assert_expr      go to state 51


State 414

   92 expr: expr • '^' expr
   93     | expr • '%' expr
   94     | expr • '&' expr
   95     | expr • '|' expr
   96     | expr • '+' expr
   97     | expr • '-' expr
   98     | expr • '*' expr
   99     | expr • '/' expr
  103     | expr • '?' expr ':' expr
  104     | expr • '<' expr
  105     | expr • '>' expr
  106     | expr • opGE expr
  107     | expr • opLE expr
  108     | expr • opEQ expr
  109     | expr • opNE expr
  110     | expr • opOR expr
  111     | expr • opSHL expr
  112     | expr • opSHR expr
  113     | expr • opAND expr
  114     | expr • opSTREQ expr
  115     | expr • opSTRNE expr
  116     | expr • '@' expr
  129 slot_acc: expr • '.' IDENT
  130         | expr • '.' IDENT '[' aidx_expr ']'
  131 intslot_acc: expr • opINTNAME class_name_expr
  132            | expr • opINTNAMER class_name_expr
  161 funcall_expr: expr • '.' IDENT '(' func_arg_list_decl ')'
  180 slot_assign: rwDATABLOCK '=' expr • ';'

    '+'         shift, and go to state 102
    '-'         shift, and go to state 103
    '*'         shift, and go to state 104
    '/'         shift, and go to state 105
    '<'         shift, and go to state 106
    '>'         shift, and go to state 107
    '.'         shift, and go to state 108
    '|'         shift, and go to state 109
    '&'         shift, and go to state 110
    '%'         shift, and go to state 111
    ';'         shift, and go to state 429
    '^'         shift, and go to state 112
    '@'         shift, and go to state 113
    opINTNAME   shift, and go to state 114
    opINTNAMER  shift, and go to state 115
    opSHL       shift, and go to state 116
    opSHR       shift, and go to state 117
    opEQ        shift, and go to state 118
    opNE        shift, and go to state 119
    opGE        shift, and go to state 120
    opLE        shift, and go to state 121
    opAND       shift, and go to state 122
    opOR        shift, and go to state 123
    opSTREQ     shift, and go to state 124
    opSTRNE     shift, and go to state 125
    '?'         shift, and go to state 126


State 415

  177 slot_assign: IDENT '=' '{' • expr_list '}' ';'

    rwDECLARE           shift, and go to state 5
    rwDECLARESINGLETON  shift, and go to state 6
    rwBREAK             shift, and go to state 60
    rwASSERT            shift, and go to state 20
    INTCONST            shift, and go to state 21
    TTAG                shift, and go to state 61
    VAR                 shift, and go to state 23
    IDENT               shift, and go to state 24
    STRATOM             shift, and go to state 26
    TAGATOM             shift, and go to state 27
    FLTCONST            shift, and go to state 28
    '-'                 shift, and go to state 29
    '*'                 shift, and go to state 30
    '('                 shift, and go to state 31
    '~'                 shift, and go to state 32
    '!'                 shift, and go to state 33

    object_decl   go to state 39
    expr          go to state 135
    slot_acc      go to state 47
    intslot_acc   go to state 48
    stmt_expr     go to state 65
    funcall_expr  go to state 50
    assert_expr   go to state 51
    expr_list     go to state 430


State 416

   92 expr: expr • '^' expr
   93     | expr • '%' expr
   94     | expr • '&' expr
   95     | expr • '|' expr
   96     | expr • '+' expr
   97     | expr • '-' expr
   98     | expr • '*' expr
   99     | expr • '/' expr
  103     | expr • '?' expr ':' expr
  104     | expr • '<' expr
  105     | expr • '>' expr
  106     | expr • opGE expr
  107     | expr • opLE expr
  108     | expr • opEQ expr
  109     | expr • opNE expr
  110     | expr • opOR expr
  111     | expr • opSHL expr
  112     | expr • opSHR expr
  113     | expr • opAND expr
  114     | expr • opSTREQ expr
  115     | expr • opSTRNE expr
  116     | expr • '@' expr
  129 slot_acc: expr • '.' IDENT
  130         | expr • '.' IDENT '[' aidx_expr ']'
  131 intslot_acc: expr • opINTNAME class_name_expr
  132            | expr • opINTNAMER class_name_expr
  161 funcall_expr: expr • '.' IDENT '(' func_arg_list_decl ')'
  176 slot_assign: IDENT '=' expr • ';'

    '+'         shift, and go to state 102
    '-'         shift, and go to state 103
    '*'         shift, and go to state 104
    '/'         shift, and go to state 105
    '<'         shift, and go to state 106
    '>'         shift, and go to state 107
    '.'         shift, and go to state 108
    '|'         shift, and go to state 109
    '&'         shift, and go to state 110
    '%'         shift, and go to state 111
    ';'         shift, and go to state 431
    '^'         shift, and go to state 112
    '@'         shift, and go to state 113
    opINTNAME   shift, and go to state 114
    opINTNAMER  shift, and go to state 115
    opSHL       shift, and go to state 116
    opSHR       shift, and go to state 117
    opEQ        shift, and go to state 118
    opNE        shift, and go to state 119
    opGE        shift, and go to state 120
    opLE        shift, and go to state 121
    opAND       shift, and go to state 122
    opOR        shift, and go to state 123
    opSTREQ     shift, and go to state 124
    opSTRNE     shift, and go to state 125
    '?'         shift, and go to state 126


State 417

  181 slot_assign: IDENT '[' aidx_expr • ']' '=' expr ';'
  182            | IDENT '[' aidx_expr • ']' '=' '{' expr_list '}' ';'
  185 aidx_expr: aidx_expr • ',' expr

    ','  shift, and go to state 233
    ']'  shift, and go to state 432


State 418

  178 slot_assign: TYPEIDENT IDENT '=' • expr ';'
  179            | TYPEIDENT IDENT '=' • '{' expr_list '}' ';'

    rwDECLARE           shift, and go to state 5
    rwDECLARESINGLETON  shift, and go to state 6
    rwBREAK             shift, and go to state 60
    rwASSERT            shift, and go to state 20
    INTCONST            shift, and go to state 21
    TTAG                shift, and go to state 61
    VAR                 shift, and go to state 23
    IDENT               shift, and go to state 24
    STRATOM             shift, and go to state 26
    TAGATOM             shift, and go to state 27
    FLTCONST            shift, and go to state 28
    '-'                 shift, and go to state 29
    '*'                 shift, and go to state 30
    '('                 shift, and go to state 31
    '{'                 shift, and go to state 433
    '~'                 shift, and go to state 32
    '!'                 shift, and go to state 33

    object_decl   go to state 39
    expr          go to state 434
    slot_acc      go to state 47
    intslot_acc   go to state 48
    stmt_expr     go to state 65
    funcall_expr  go to state 50
    assert_expr   go to state 51


State 419

  183 slot_assign: TYPEIDENT IDENT '[' • aidx_expr ']' '=' expr ';'

    rwDECLARE           shift, and go to state 5
    rwDECLARESINGLETON  shift, and go to state 6
    rwBREAK             shift, and go to state 60
    rwASSERT            shift, and go to state 20
    INTCONST            shift, and go to state 21
    TTAG                shift, and go to state 61
    VAR                 shift, and go to state 23
    IDENT               shift, and go to state 24
    STRATOM             shift, and go to state 26
    TAGATOM             shift, and go to state 27
    FLTCONST            shift, and go to state 28
    '-'                 shift, and go to state 29
    '*'                 shift, and go to state 30
    '('                 shift, and go to state 31
    '~'                 shift, and go to state 32
    '!'                 shift, and go to state 33

    object_decl   go to state 39
    expr          go to state 164
    slot_acc      go to state 47
    intslot_acc   go to state 48
    stmt_expr     go to state 65
    funcall_expr  go to state 50
    assert_expr   go to state 51
    aidx_expr     go to state 435


State 420

   37 datablock_decl: rwDATABLOCK class_name_expr '(' expr parent_block ')' '{' slot_assign_list_opt '}' ';' •

    $default  reduce using rule 37 (datablock_decl)


State 421

   61 case_block: rwCASE case_expr ':' statement_list rwDEFAULT • ':' statement_list

    ':'  shift, and go to state 436


State 422

   62 case_block: rwCASE case_expr ':' statement_list case_block •

    $default  reduce using rule 62 (case_block)


State 423

   40 object_decl: rwDECLARE class_name_expr '(' '[' object_name ']' parent_block object_args ')' '{' object_declare_block • '}'

    '}'  shift, and go to state 437


State 424

   55 object_decl_list: object_decl_list object_decl ';' •

    $default  reduce using rule 55 (object_decl_list)


State 425

   80 for_stmt: rwFOR '(' VAR rwIN rwRANGE expr opDOTDOT expr rwSTEP expr ')' • stmt_block

    rwDECLARE           shift, and go to state 5
    rwDECLARESINGLETON  shift, and go to state 6
    rwBREAK             shift, and go to state 7
    rwCONTINUE          shift, and go to state 8
    rwIF                shift, and go to state 9
    rwRETURN            shift, and go to state 10
    rwWHILE             shift, and go to state 11
    rwDO                shift, and go to state 12
    rwFOR               shift, and go to state 13
    rwFOREACH           shift, and go to state 14
    rwFOREACHSTR        shift, and go to state 15
    rwDATABLOCK         shift, and go to state 16
    rwSWITCH            shift, and go to state 17
    rwSWITCHSTR         shift, and go to state 18
    rwASSERT            shift, and go to state 20
    INTCONST            shift, and go to state 21
    TTAG                shift, and go to state 22
    VAR                 shift, and go to state 23
    IDENT               shift, and go to state 24
    DOCBLOCK            shift, and go to state 25
    STRATOM             shift, and go to state 26
    TAGATOM             shift, and go to state 27
    FLTCONST            shift, and go to state 28
    '-'                 shift, and go to state 29
    '*'                 shift, and go to state 30
    '('                 shift, and go to state 31
    '{'                 shift, and go to state 67
    '~'                 shift, and go to state 32
    '!'                 shift, and go to state 33

    stmt             go to state 68
    datablock_decl   go to state 38
    object_decl      go to state 39
    stmt_block       go to state 438
    switch_stmt      go to state 40
    if_stmt          go to state 41
    while_stmt       go to state 42
    for_stmt         go to state 43
    foreach_stmt     go to state 44
    expression_stmt  go to state 45
    expr             go to state 46
    slot_acc         go to state 47
    intslot_acc      go to state 48
    stmt_expr        go to state 49
    funcall_expr     go to state 50
    assert_expr      go to state 51


State 426

   79 for_stmt: rwFOR '(' VAR rwIN expr opDOTDOT expr rwSTEP expr ')' stmt_block •

    $default  reduce using rule 79 (for_stmt)


State 427

   87 foreach_stmt: rwFOREACH '(' VAR rwIN rwRANGE expr opDOTDOT expr rwSTEP expr ')' • stmt_block

    rwDECLARE           shift, and go to state 5
    rwDECLARESINGLETON  shift, and go to state 6
    rwBREAK             shift, and go to state 7
    rwCONTINUE          shift, and go to state 8
    rwIF                shift, and go to state 9
    rwRETURN            shift, and go to state 10
    rwWHILE             shift, and go to state 11
    rwDO                shift, and go to state 12
    rwFOR               shift, and go to state 13
    rwFOREACH           shift, and go to state 14
    rwFOREACHSTR        shift, and go to state 15
    rwDATABLOCK         shift, and go to state 16
    rwSWITCH            shift, and go to state 17
    rwSWITCHSTR         shift, and go to state 18
    rwASSERT            shift, and go to state 20
    INTCONST            shift, and go to state 21
    TTAG                shift, and go to state 22
    VAR                 shift, and go to state 23
    IDENT               shift, and go to state 24
    DOCBLOCK            shift, and go to state 25
    STRATOM             shift, and go to state 26
    TAGATOM             shift, and go to state 27
    FLTCONST            shift, and go to state 28
    '-'                 shift, and go to state 29
    '*'                 shift, and go to state 30
    '('                 shift, and go to state 31
    '{'                 shift, and go to state 67
    '~'                 shift, and go to state 32
    '!'                 shift, and go to state 33

    stmt             go to state 68
    datablock_decl   go to state 38
    object_decl      go to state 39
    stmt_block       go to state 439
    switch_stmt      go to state 40
    if_stmt          go to state 41
    while_stmt       go to state 42
    for_stmt         go to state 43
    foreach_stmt     go to state 44
    expression_stmt  go to state 45
    expr             go to state 46
    slot_acc         go to state 47
    intslot_acc      go to state 48
    stmt_expr        go to state 49
    funcall_expr     go to state 50
    assert_expr      go to state 51


State 428

   86 foreach_stmt: rwFOREACH '(' VAR rwIN expr opDOTDOT expr rwSTEP expr ')' stmt_block •

    $default  reduce using rule 86 (foreach_stmt)


State 429

  180 slot_assign: rwDATABLOCK '=' expr ';' •

    $default  reduce using rule 180 (slot_assign)


State 430

  171 expr_list: expr_list • ',' expr
  177 slot_assign: IDENT '=' '{' expr_list • '}' ';'

    ','  shift, and go to state 211
    '}'  shift, and go to state 440


State 431

  176 slot_assign: IDENT '=' expr ';' •

    $default  reduce using rule 176 (slot_assign)


State 432

  181 slot_assign: IDENT '[' aidx_expr ']' • '=' expr ';'
  182            | IDENT '[' aidx_expr ']' • '=' '{' expr_list '}' ';'

    '='  shift, and go to state 441


State 433

  179 slot_assign: TYPEIDENT IDENT '=' '{' • expr_list '}' ';'

    rwDECLARE           shift, and go to state 5
    rwDECLARESINGLETON  shift, and go to state 6
    rwBREAK             shift, and go to state 60
    rwASSERT            shift, and go to state 20
    INTCONST            shift, and go to state 21
    TTAG                shift, and go to state 61
    VAR                 shift, and go to state 23
    IDENT               shift, and go to state 24
    STRATOM             shift, and go to state 26
    TAGATOM             shift, and go to state 27
    FLTCONST            shift, and go to state 28
    '-'                 shift, and go to state 29
    '*'                 shift, and go to state 30
    '('                 shift, and go to state 31
    '~'                 shift, and go to state 32
    '!'                 shift, and go to state 33

    object_decl   go to state 39
    expr          go to state 135
    slot_acc      go to state 47
    intslot_acc   go to state 48
    stmt_expr     go to state 65
    funcall_expr  go to state 50
    assert_expr   go to state 51
    expr_list     go to state 442


State 434

   92 expr: expr • '^' expr
   93     | expr • '%' expr
   94     | expr • '&' expr
   95     | expr • '|' expr
   96     | expr • '+' expr
   97     | expr • '-' expr
   98     | expr • '*' expr
   99     | expr • '/' expr
  103     | expr • '?' expr ':' expr
  104     | expr • '<' expr
  105     | expr • '>' expr
  106     | expr • opGE expr
  107     | expr • opLE expr
  108     | expr • opEQ expr
  109     | expr • opNE expr
  110     | expr • opOR expr
  111     | expr • opSHL expr
  112     | expr • opSHR expr
  113     | expr • opAND expr
  114     | expr • opSTREQ expr
  115     | expr • opSTRNE expr
  116     | expr • '@' expr
  129 slot_acc: expr • '.' IDENT
  130         | expr • '.' IDENT '[' aidx_expr ']'
  131 intslot_acc: expr • opINTNAME class_name_expr
  132            | expr • opINTNAMER class_name_expr
  161 funcall_expr: expr • '.' IDENT '(' func_arg_list_decl ')'
  178 slot_assign: TYPEIDENT IDENT '=' expr • ';'

    '+'         shift, and go to state 102
    '-'         shift, and go to state 103
    '*'         shift, and go to state 104
    '/'         shift, and go to state 105
    '<'         shift, and go to state 106
    '>'         shift, and go to state 107
    '.'         shift, and go to state 108
    '|'         shift, and go to state 109
    '&'         shift, and go to state 110
    '%'         shift, and go to state 111
    ';'         shift, and go to state 443
    '^'         shift, and go to state 112
    '@'         shift, and go to state 113
    opINTNAME   shift, and go to state 114
    opINTNAMER  shift, and go to state 115
    opSHL       shift, and go to state 116
    opSHR       shift, and go to state 117
    opEQ        shift, and go to state 118
    opNE        shift, and go to state 119
    opGE        shift, and go to state 120
    opLE        shift, and go to state 121
    opAND       shift, and go to state 122
    opOR        shift, and go to state 123
    opSTREQ     shift, and go to state 124
    opSTRNE     shift, and go to state 125
    '?'         shift, and go to state 126


State 435

  183 slot_assign: TYPEIDENT IDENT '[' aidx_expr • ']' '=' expr ';'
  185 aidx_expr: aidx_expr • ',' expr

    ','  shift, and go to state 233
    ']'  shift, and go to state 444


State 436

   61 case_block: rwCASE case_expr ':' statement_list rwDEFAULT ':' • statement_list

    $default  reduce using rule 10 (statement_list)

    statement_list  go to state 445


State 437

   40 object_decl: rwDECLARE class_name_expr '(' '[' object_name ']' parent_block object_args ')' '{' object_declare_block '}' •

    $default  reduce using rule 40 (object_decl)


State 438

   80 for_stmt: rwFOR '(' VAR rwIN rwRANGE expr opDOTDOT expr rwSTEP expr ')' stmt_block •

    $default  reduce using rule 80 (for_stmt)


State 439

   87 foreach_stmt: rwFOREACH '(' VAR rwIN rwRANGE expr opDOTDOT expr rwSTEP expr ')' stmt_block •

    $default  reduce using rule 87 (foreach_stmt)


State 440

  177 slot_assign: IDENT '=' '{' expr_list '}' • ';'

    ';'  shift, and go to state 446


State 441

  181 slot_assign: IDENT '[' aidx_expr ']' '=' • expr ';'
  182            | IDENT '[' aidx_expr ']' '=' • '{' expr_list '}' ';'

    rwDECLARE           shift, and go to state 5
    rwDECLARESINGLETON  shift, and go to state 6
    rwBREAK             shift, and go to state 60
    rwASSERT            shift, and go to state 20
    INTCONST            shift, and go to state 21
    TTAG                shift, and go to state 61
    VAR                 shift, and go to state 23
    IDENT               shift, and go to state 24
    STRATOM             shift, and go to state 26
    TAGATOM             shift, and go to state 27
    FLTCONST            shift, and go to state 28
    '-'                 shift, and go to state 29
    '*'                 shift, and go to state 30
    '('                 shift, and go to state 31
    '{'                 shift, and go to state 447
    '~'                 shift, and go to state 32
    '!'                 shift, and go to state 33

    object_decl   go to state 39
    expr          go to state 448
    slot_acc      go to state 47
    intslot_acc   go to state 48
    stmt_expr     go to state 65
    funcall_expr  go to state 50
    assert_expr   go to state 51


State 442

  171 expr_list: expr_list • ',' expr
  179 slot_assign: TYPEIDENT IDENT '=' '{' expr_list • '}' ';'

    ','  shift, and go to state 211
    '}'  shift, and go to state 449


State 443

  178 slot_assign: TYPEIDENT IDENT '=' expr ';' •

    $default  reduce using rule 178 (slot_assign)


State 444

  183 slot_assign: TYPEIDENT IDENT '[' aidx_expr ']' • '=' expr ';'

    '='  shift, and go to state 450


State 445

   11 statement_list: statement_list • stmt
   61 case_block: rwCASE case_expr ':' statement_list rwDEFAULT ':' statement_list •

    rwDECLARE           shift, and go to state 5
    rwDECLARESINGLETON  shift, and go to state 6
    rwBREAK             shift, and go to state 7
    rwCONTINUE          shift, and go to state 8
    rwIF                shift, and go to state 9
    rwRETURN            shift, and go to state 10
    rwWHILE             shift, and go to state 11
    rwDO                shift, and go to state 12
    rwFOR               shift, and go to state 13
    rwFOREACH           shift, and go to state 14
    rwFOREACHSTR        shift, and go to state 15
    rwDATABLOCK         shift, and go to state 16
    rwSWITCH            shift, and go to state 17
    rwSWITCHSTR         shift, and go to state 18
    rwASSERT            shift, and go to state 20
    INTCONST            shift, and go to state 21
    TTAG                shift, and go to state 22
    VAR                 shift, and go to state 23
    IDENT               shift, and go to state 24
    DOCBLOCK            shift, and go to state 25
    STRATOM             shift, and go to state 26
    TAGATOM             shift, and go to state 27
    FLTCONST            shift, and go to state 28
    '-'                 shift, and go to state 29
    '*'                 shift, and go to state 30
    '('                 shift, and go to state 31
    '~'                 shift, and go to state 32
    '!'                 shift, and go to state 33

    $default  reduce using rule 61 (case_block)

    stmt             go to state 215
    datablock_decl   go to state 38
    object_decl      go to state 39
    switch_stmt      go to state 40
    if_stmt          go to state 41
    while_stmt       go to state 42
    for_stmt         go to state 43
    foreach_stmt     go to state 44
    expression_stmt  go to state 45
    expr             go to state 46
    slot_acc         go to state 47
    intslot_acc      go to state 48
    stmt_expr        go to state 49
    funcall_expr     go to state 50
    assert_expr      go to state 51


State 446

  177 slot_assign: IDENT '=' '{' expr_list '}' ';' •

    $default  reduce using rule 177 (slot_assign)


State 447

  182 slot_assign: IDENT '[' aidx_expr ']' '=' '{' • expr_list '}' ';'

    rwDECLARE           shift, and go to state 5
    rwDECLARESINGLETON  shift, and go to state 6
    rwBREAK             shift, and go to state 60
    rwASSERT            shift, and go to state 20
    INTCONST            shift, and go to state 21
    TTAG                shift, and go to state 61
    VAR                 shift, and go to state 23
    IDENT               shift, and go to state 24
    STRATOM             shift, and go to state 26
    TAGATOM             shift, and go to state 27
    FLTCONST            shift, and go to state 28
    '-'                 shift, and go to state 29
    '*'                 shift, and go to state 30
    '('                 shift, and go to state 31
    '~'                 shift, and go to state 32
    '!'                 shift, and go to state 33

    object_decl   go to state 39
    expr          go to state 135
    slot_acc      go to state 47
    intslot_acc   go to state 48
    stmt_expr     go to state 65
    funcall_expr  go to state 50
    assert_expr   go to state 51
    expr_list     go to state 451


State 448

   92 expr: expr • '^' expr
   93     | expr • '%' expr
   94     | expr • '&' expr
   95     | expr • '|' expr
   96     | expr • '+' expr
   97     | expr • '-' expr
   98     | expr • '*' expr
   99     | expr • '/' expr
  103     | expr • '?' expr ':' expr
  104     | expr • '<' expr
  105     | expr • '>' expr
  106     | expr • opGE expr
  107     | expr • opLE expr
  108     | expr • opEQ expr
  109     | expr • opNE expr
  110     | expr • opOR expr
  111     | expr • opSHL expr
  112     | expr • opSHR expr
  113     | expr • opAND expr
  114     | expr • opSTREQ expr
  115     | expr • opSTRNE expr
  116     | expr • '@' expr
  129 slot_acc: expr • '.' IDENT
  130         | expr • '.' IDENT '[' aidx_expr ']'
  131 intslot_acc: expr • opINTNAME class_name_expr
  132            | expr • opINTNAMER class_name_expr
  161 funcall_expr: expr • '.' IDENT '(' func_arg_list_decl ')'
  181 slot_assign: IDENT '[' aidx_expr ']' '=' expr • ';'

    '+'         shift, and go to state 102
    '-'         shift, and go to state 103
    '*'         shift, and go to state 104
    '/'         shift, and go to state 105
    '<'         shift, and go to state 106
    '>'         shift, and go to state 107
    '.'         shift, and go to state 108
    '|'         shift, and go to state 109
    '&'         shift, and go to state 110
    '%'         shift, and go to state 111
    ';'         shift, and go to state 452
    '^'         shift, and go to state 112
    '@'         shift, and go to state 113
    opINTNAME   shift, and go to state 114
    opINTNAMER  shift, and go to state 115
    opSHL       shift, and go to state 116
    opSHR       shift, and go to state 117
    opEQ        shift, and go to state 118
    opNE        shift, and go to state 119
    opGE        shift, and go to state 120
    opLE        shift, and go to state 121
    opAND       shift, and go to state 122
    opOR        shift, and go to state 123
    opSTREQ     shift, and go to state 124
    opSTRNE     shift, and go to state 125
    '?'         shift, and go to state 126


State 449

  179 slot_assign: TYPEIDENT IDENT '=' '{' expr_list '}' • ';'

    ';'  shift, and go to state 453


State 450

  183 slot_assign: TYPEIDENT IDENT '[' aidx_expr ']' '=' • expr ';'

    rwDECLARE           shift, and go to state 5
    rwDECLARESINGLETON  shift, and go to state 6
    rwBREAK             shift, and go to state 60
    rwASSERT            shift, and go to state 20
    INTCONST            shift, and go to state 21
    TTAG                shift, and go to state 61
    VAR                 shift, and go to state 23
    IDENT               shift, and go to state 24
    STRATOM             shift, and go to state 26
    TAGATOM             shift, and go to state 27
    FLTCONST            shift, and go to state 28
    '-'                 shift, and go to state 29
    '*'                 shift, and go to state 30
    '('                 shift, and go to state 31
    '~'                 shift, and go to state 32
    '!'                 shift, and go to state 33

    object_decl   go to state 39
    expr          go to state 454
    slot_acc      go to state 47
    intslot_acc   go to state 48
    stmt_expr     go to state 65
    funcall_expr  go to state 50
    assert_expr   go to state 51


State 451

  171 expr_list: expr_list • ',' expr
  182 slot_assign: IDENT '[' aidx_expr ']' '=' '{' expr_list • '}' ';'

    ','  shift, and go to state 211
    '}'  shift, and go to state 455


State 452

  181 slot_assign: IDENT '[' aidx_expr ']' '=' expr ';' •

    $default  reduce using rule 181 (slot_assign)


State 453

  179 slot_assign: TYPEIDENT IDENT '=' '{' expr_list '}' ';' •

    $default  reduce using rule 179 (slot_assign)


State 454

   92 expr: expr • '^' expr
   93     | expr • '%' expr
   94     | expr • '&' expr
   95     | expr • '|' expr
   96     | expr • '+' expr
   97     | expr • '-' expr
   98     | expr • '*' expr
   99     | expr • '/' expr
  103     | expr • '?' expr ':' expr
  104     | expr • '<' expr
  105     | expr • '>' expr
  106     | expr • opGE expr
  107     | expr • opLE expr
  108     | expr • opEQ expr
  109     | expr • opNE expr
  110     | expr • opOR expr
  111     | expr • opSHL expr
  112     | expr • opSHR expr
  113     | expr • opAND expr
  114     | expr • opSTREQ expr
  115     | expr • opSTRNE expr
  116     | expr • '@' expr
  129 slot_acc: expr • '.' IDENT
  130         | expr • '.' IDENT '[' aidx_expr ']'
  131 intslot_acc: expr • opINTNAME class_name_expr
  132            | expr • opINTNAMER class_name_expr
  161 funcall_expr: expr • '.' IDENT '(' func_arg_list_decl ')'
  183 slot_assign: TYPEIDENT IDENT '[' aidx_expr ']' '=' expr • ';'

    '+'         shift, and go to state 102
    '-'         shift, and go to state 103
    '*'         shift, and go to state 104
    '/'         shift, and go to state 105
    '<'         shift, and go to state 106
    '>'         shift, and go to state 107
    '.'         shift, and go to state 108
    '|'         shift, and go to state 109
    '&'         shift, and go to state 110
    '%'         shift, and go to state 111
    ';'         shift, and go to state 456
    '^'         shift, and go to state 112
    '@'         shift, and go to state 113
    opINTNAME   shift, and go to state 114
    opINTNAMER  shift, and go to state 115
    opSHL       shift, and go to state 116
    opSHR       shift, and go to state 117
    opEQ        shift, and go to state 118
    opNE        shift, and go to state 119
    opGE        shift, and go to state 120
    opLE        shift, and go to state 121
    opAND       shift, and go to state 122
    opOR        shift, and go to state 123
    opSTREQ     shift, and go to state 124
    opSTRNE     shift, and go to state 125
    '?'         shift, and go to state 126


State 455

  182 slot_assign: IDENT '[' aidx_expr ']' '=' '{' expr_list '}' • ';'

    ';'  shift, and go to state 457


State 456

  183 slot_assign: TYPEIDENT IDENT '[' aidx_expr ']' '=' expr ';' •

    $default  reduce using rule 183 (slot_assign)


State 457

  182 slot_assign: IDENT '[' aidx_expr ']' '=' '{' expr_list '}' ';' •

    $default  reduce using rule 182 (slot_assign)
