Nonterminals useless in grammar

    expr_list_decl


Terminals unused in grammar

    rwENDDEF
    rwGLOBAL
    rwNIL
    rwENDIF
    rwENDWHILE
    rwENDFOR
    ILLEGAL_TOKEN
    CHRCONST
    opCAT


Rules useless in grammar

  176 expr_list_decl: ε
  177               | expr_list


State 250 conflicts: 1 shift/reduce


Grammar

    0 $accept: start $end

    1 start: decl_list

    2 decl_list: ε
    3          | decl_list decl

    4 decl: stmt
    5     | fn_decl_stmt
    6     | package_decl

    7 package_decl: rwPACKAGE IDENT '{' fn_decl_list '}' ';'

    8 fn_decl_list: fn_decl_stmt
    9             | fn_decl_list fn_decl_stmt

   10 statement_list: ε
   11               | statement_list stmt

   12 stmt: if_stmt
   13     | while_stmt
   14     | for_stmt
   15     | foreach_stmt
   16     | datablock_decl
   17     | switch_stmt
   18     | rwBREAK ';'
   19     | rwCONTINUE ';'
   20     | rwRETURN ';'
   21     | rwRETURN expr ';'
   22     | rwRETURN '{' expr_list '}' ';'
   23     | expression_stmt ';'
   24     | TTAG '=' expr ';'
   25     | TTAG '=' expr ',' expr ';'
   26     | DOCBLOCK

   27 fn_decl_stmt: rwDEFINE IDENT '(' var_list_decl ')' '{' statement_list '}'
   28             | rwDEFINE IDENT opCOLONCOLON IDENT '(' var_list_decl ')' '{' statement_list '}'

   29 var_list_decl: ε
   30              | var_list

   31 var_list: param
   32         | var_list ',' param

   33 param: VAR
   34      | VAR '?'
   35      | VAR '=' expr
   36      | VAR '?' '=' expr

   37 datablock_decl: rwDATABLOCK class_name_expr '(' expr parent_block ')' '{' slot_assign_list_opt '}' ';'

   38 object_decl: rwDECLARE class_name_expr '(' object_name parent_block object_args ')' '{' object_declare_block '}'
   39            | rwDECLARE class_name_expr '(' object_name parent_block object_args ')'
   40            | rwDECLARE class_name_expr '(' '[' object_name ']' parent_block object_args ')' '{' object_declare_block '}'
   41            | rwDECLARE class_name_expr '(' '[' object_name ']' parent_block object_args ')'
   42            | rwDECLARESINGLETON class_name_expr '(' object_name parent_block object_args ')' '{' object_declare_block '}'
   43            | rwDECLARESINGLETON class_name_expr '(' object_name parent_block object_args ')'

   44 parent_block: ε
   45             | ':' IDENT

   46 object_name: ε
   47            | expr

   48 object_args: ε
   49            | ',' expr_list

   50 object_declare_block: ε
   51                     | slot_assign_list
   52                     | object_decl_list
   53                     | slot_assign_list object_decl_list

   54 object_decl_list: object_decl ';'
   55                 | object_decl_list object_decl ';'

   56 stmt_block: '{' statement_list '}'
   57           | stmt

   58 switch_stmt: rwSWITCH '(' expr ')' '{' case_block '}'
   59            | rwSWITCHSTR '(' expr ')' '{' case_block '}'

   60 case_block: rwCASE case_expr ':' statement_list
   61           | rwCASE case_expr ':' statement_list rwDEFAULT ':' statement_list
   62           | rwCASE case_expr ':' statement_list case_block

   63 case_expr: expr
   64          | case_expr rwCASEOR expr

   65 if_stmt: rwIF '(' expr ')' stmt_block
   66        | rwIF '(' expr ')' stmt_block rwELSE stmt_block

   67 while_stmt: rwWHILE '(' expr ')' stmt_block
   68           | rwDO stmt_block rwWHILE '(' expr ')'

   69 for_stmt: rwFOR '(' expr ';' expr ';' expr ')' stmt_block
   70         | rwFOR '(' expr ';' expr ';' ')' stmt_block
   71         | rwFOR '(' expr ';' ';' expr ')' stmt_block
   72         | rwFOR '(' expr ';' ';' ')' stmt_block
   73         | rwFOR '(' ';' expr ';' expr ')' stmt_block
   74         | rwFOR '(' ';' expr ';' ')' stmt_block
   75         | rwFOR '(' ';' ';' expr ')' stmt_block
   76         | rwFOR '(' ';' ';' ')' stmt_block

   77 foreach_stmt: rwFOREACH '(' VAR rwIN expr ')' stmt_block
   78             | rwFOREACHSTR '(' VAR rwIN expr ')' stmt_block

   79 expression_stmt: stmt_expr

   80 expr: stmt_expr
   81     | '(' expr ')'
   82     | expr '^' expr
   83     | expr '%' expr
   84     | expr '&' expr
   85     | expr '|' expr
   86     | expr '+' expr
   87     | expr '-' expr
   88     | expr '*' expr
   89     | expr '/' expr
   90     | '-' expr
   91     | '*' expr
   92     | TTAG
   93     | expr '?' expr ':' expr
   94     | expr '<' expr
   95     | expr '>' expr
   96     | expr opGE expr
   97     | expr opLE expr
   98     | expr opEQ expr
   99     | expr opNE expr
  100     | expr opOR expr
  101     | expr opSHL expr
  102     | expr opSHR expr
  103     | expr opAND expr
  104     | expr opSTREQ expr
  105     | expr opSTRNE expr
  106     | expr '@' expr
  107     | '!' expr
  108     | '~' expr
  109     | TAGATOM
  110     | FLTCONST
  111     | INTCONST
  112     | rwBREAK
  113     | slot_acc
  114     | intslot_acc
  115     | IDENT
  116     | STRATOM
  117     | VAR
  118     | VAR '[' aidx_expr ']'

  119 slot_acc: expr '.' IDENT
  120         | expr '.' IDENT '[' aidx_expr ']'

  121 intslot_acc: expr opINTNAME class_name_expr
  122            | expr opINTNAMER class_name_expr

  123 class_name_expr: IDENT
  124                | '(' expr ')'

  125 assign_op_struct: opPLUSPLUS
  126                 | opMINUSMINUS
  127                 | opPLASN expr
  128                 | opMIASN expr
  129                 | opMLASN expr
  130                 | opDVASN expr
  131                 | opMODASN expr
  132                 | opANDASN expr
  133                 | opXORASN expr
  134                 | opORASN expr
  135                 | opSLASN expr
  136                 | opSRASN expr

  137 stmt_expr: funcall_expr
  138          | assert_expr
  139          | object_decl
  140          | VAR '=' expr
  141          | VAR '=' '{' expr_list '}'
  142          | VAR '[' aidx_expr ']' '=' expr
  143          | VAR '[' aidx_expr ']' '=' '{' expr_list '}'
  144          | VAR assign_op_struct
  145          | VAR '[' aidx_expr ']' assign_op_struct
  146          | slot_acc assign_op_struct
  147          | slot_acc '=' expr
  148          | slot_acc '=' '{' expr_list '}'

  149 funcall_expr: IDENT '(' func_arg_list_decl ')'
  150             | IDENT opCOLONCOLON IDENT '(' func_arg_list_decl ')'
  151             | expr '.' IDENT '(' func_arg_list_decl ')'

  152 func_arg_item: expr
  153              | '{' expr_list '}'

  154 func_arg_list: func_arg_item
  155              | func_arg_list ',' func_arg_item

  156 func_arg_list_decl: ε
  157                   | func_arg_list

  158 assert_expr: rwASSERT '(' expr ')'
  159            | rwASSERT '(' expr ',' STRATOM ')'

  160 expr_list: expr
  161          | expr_list ',' expr

  162 slot_assign_list_opt: ε
  163                     | slot_assign_list

  164 slot_assign_list: slot_assign
  165                 | slot_assign_list slot_assign

  166 slot_assign: IDENT '=' expr ';'
  167            | IDENT '=' '{' expr_list '}' ';'
  168            | TYPEIDENT IDENT '=' expr ';'
  169            | TYPEIDENT IDENT '=' '{' expr_list '}' ';'
  170            | rwDATABLOCK '=' expr ';'
  171            | IDENT '[' aidx_expr ']' '=' expr ';'
  172            | IDENT '[' aidx_expr ']' '=' '{' expr_list '}' ';'
  173            | TYPEIDENT IDENT '[' aidx_expr ']' '=' expr ';'

  174 aidx_expr: expr
  175          | aidx_expr ',' expr


Terminals, with rules where they appear

    $end (0) 0
    '!' <i> (33) 107
    '%' <i> (37) 83
    '&' <i> (38) 84
    '(' <i> (40) 27 28 37 38 39 40 41 42 43 58 59 65 66 67 68 69 70 71 72 73 74 75 76 77 78 81 124 149 150 151 158 159
    ')' <i> (41) 27 28 37 38 39 40 41 42 43 58 59 65 66 67 68 69 70 71 72 73 74 75 76 77 78 81 124 149 150 151 158 159
    '*' <i> (42) 88 91
    '+' <i> (43) 86
    ',' <i> (44) 25 32 49 155 159 161 175
    '-' <i> (45) 87 90
    '.' <i> (46) 119 120 151
    '/' <i> (47) 89
    ':' <i> (58) 45 60 61 62 93
    ';' <i> (59) 7 18 19 20 21 22 23 24 25 37 54 55 69 70 71 72 73 74 75 76 166 167 168 169 170 171 172 173
    '<' <i> (60) 94
    '=' <i> (61) 24 25 35 36 140 141 142 143 147 148 166 167 168 169 170 171 172 173
    '>' <i> (62) 95
    '?' (63) 34 36 93
    '@' <i> (64) 106
    '[' (91) 40 41 118 120 142 143 145 171 172 173
    ']' (93) 40 41 118 120 142 143 145 171 172 173
    '^' <i> (94) 82
    '{' <i> (123) 7 22 27 28 37 38 40 42 56 58 59 141 143 148 153 167 169 172
    '|' <i> (124) 85
    '}' <i> (125) 7 22 27 28 37 38 40 42 56 58 59 141 143 148 153 167 169 172
    '~' <i> (126) 108
    error (256)
    rwDEFINE <i> (258) 27 28
    rwENDDEF <i> (259)
    rwDECLARE <i> (260) 38 39 40 41
    rwDECLARESINGLETON <i> (261) 42 43
    rwBREAK <i> (262) 18 112
    rwELSE <i> (263) 66
    rwCONTINUE <i> (264) 19
    rwGLOBAL <i> (265)
    rwIF <i> (266) 65 66
    rwNIL <i> (267)
    rwRETURN <i> (268) 20 21 22
    rwWHILE <i> (269) 67 68
    rwDO <i> (270) 68
    rwENDIF <i> (271)
    rwENDWHILE <i> (272)
    rwENDFOR <i> (273)
    rwDEFAULT <i> (274) 61
    rwFOR <i> (275) 69 70 71 72 73 74 75 76
    rwFOREACH <i> (276) 77
    rwFOREACHSTR <i> (277) 78
    rwIN <i> (278) 77 78
    rwDATABLOCK <i> (279) 37 170
    rwSWITCH <i> (280) 58
    rwCASE <i> (281) 60 61 62
    rwSWITCHSTR <i> (282) 59
    rwCASEOR <i> (283) 64
    rwPACKAGE <i> (284) 7
    rwASSERT <i> (285) 158 159
    ILLEGAL_TOKEN (286)
    CHRCONST <c> (287)
    INTCONST <i> (288) 111
    TTAG <s> (289) 24 25 92
    VAR <s> (290) 33 34 35 36 77 78 117 118 140 141 142 143 144 145
    IDENT <s> (291) 7 27 28 45 115 119 120 123 149 150 151 166 167 168 169 171 172 173
    TYPEIDENT <i> (292) 168 169 173
    DOCBLOCK <str> (293) 26
    STRATOM <str> (294) 116 159
    TAGATOM <str> (295) 109
    FLTCONST <f> (296) 110
    opINTNAME <i> (297) 121
    opINTNAMER <i> (298) 122
    opMINUSMINUS <i> (299) 126
    opPLUSPLUS <i> (300) 125
    opSHL <i> (301) 101
    opSHR <i> (302) 102
    opPLASN <i> (303) 127
    opMIASN <i> (304) 128
    opMLASN <i> (305) 129
    opDVASN <i> (306) 130
    opMODASN <i> (307) 131
    opANDASN <i> (308) 132
    opXORASN <i> (309) 133
    opORASN <i> (310) 134
    opSLASN <i> (311) 135
    opSRASN <i> (312) 136
    opCAT <i> (313)
    opEQ <i> (314) 98
    opNE <i> (315) 99
    opGE <i> (316) 96
    opLE <i> (317) 97
    opAND <i> (318) 103
    opOR <i> (319) 100
    opSTREQ <i> (320) 104
    opSTRNE <i> (321) 105
    opCOLONCOLON <i> (322) 28 150
    UNARY (323)


Nonterminals, with rules where they appear

    $accept (94)
        on left: 0
    start (95)
        on left: 1
        on right: 0
    decl_list <stmt> (96)
        on left: 2 3
        on right: 1 3
    decl <stmt> (97)
        on left: 4 5 6
        on right: 3
    package_decl <stmt> (98)
        on left: 7
        on right: 6
    fn_decl_list <stmt> (99)
        on left: 8 9
        on right: 7 9
    statement_list <stmt> (100)
        on left: 10 11
        on right: 11 27 28 56 60 61 62
    stmt <stmt> (101)
        on left: 12 13 14 15 16 17 18 19 20 21 22 23 24 25 26
        on right: 4 11 57
    fn_decl_stmt <stmt> (102)
        on left: 27 28
        on right: 5 8 9
    var_list_decl <var> (103)
        on left: 29 30
        on right: 27 28
    var_list <var> (104)
        on left: 31 32
        on right: 30 32
    param <var> (105)
        on left: 33 34 35 36
        on right: 31 32
    datablock_decl <stmt> (106)
        on left: 37
        on right: 16
    object_decl <od> (107)
        on left: 38 39 40 41 42 43
        on right: 54 55 139
    parent_block <s> (108)
        on left: 44 45
        on right: 37 38 39 40 41 42 43
    object_name <expr> (109)
        on left: 46 47
        on right: 38 39 40 41 42 43
    object_args <expr> (110)
        on left: 48 49
        on right: 38 39 40 41 42 43
    object_declare_block <odcl> (111)
        on left: 50 51 52 53
        on right: 38 40 42
    object_decl_list <od> (112)
        on left: 54 55
        on right: 52 53 55
    stmt_block <stmt> (113)
        on left: 56 57
        on right: 65 66 67 68 69 70 71 72 73 74 75 76 77 78
    switch_stmt <stmt> (114)
        on left: 58 59
        on right: 17
    case_block <ifnode> (115)
        on left: 60 61 62
        on right: 58 59 62
    case_expr <expr> (116)
        on left: 63 64
        on right: 60 61 62 64
    if_stmt <stmt> (117)
        on left: 65 66
        on right: 12
    while_stmt <stmt> (118)
        on left: 67 68
        on right: 13
    for_stmt <stmt> (119)
        on left: 69 70 71 72 73 74 75 76
        on right: 14
    foreach_stmt <stmt> (120)
        on left: 77 78
        on right: 15
    expression_stmt <stmt> (121)
        on left: 79
        on right: 23
    expr <expr> (122)
        on left: 80 81 82 83 84 85 86 87 88 89 90 91 92 93 94 95 96 97 98 99 100 101 102 103 104 105 106 107 108 109 110 111 112 113 114 115 116 117 118
        on right: 21 24 25 35 36 37 47 58 59 63 64 65 66 67 68 69 70 71 72 73 74 75 77 78 81 82 83 84 85 86 87 88 89 90 91 93 94 95 96 97 98 99 100 101 102 103 104 105 106 107 108 119 120 121 122 124 127 128 129 130 131 132 133 134 135 136 140 142 147 151 152 158 159 160 161 166 168 170 171 173 174 175
    slot_acc <slot> (123)
        on left: 119 120
        on right: 113 146 147 148
    intslot_acc <intslot> (124)
        on left: 121 122
        on right: 114
    class_name_expr <expr> (125)
        on left: 123 124
        on right: 37 38 39 40 41 42 43 121 122
    assign_op_struct <asn> (126)
        on left: 125 126 127 128 129 130 131 132 133 134 135 136
        on right: 144 145 146
    stmt_expr <expr> (127)
        on left: 137 138 139 140 141 142 143 144 145 146 147 148
        on right: 79 80
    funcall_expr <expr> (128)
        on left: 149 150 151
        on right: 137
    func_arg_item <expr> (129)
        on left: 152 153
        on right: 154 155
    func_arg_list <expr> (130)
        on left: 154 155
        on right: 155 157
    func_arg_list_decl <expr> (131)
        on left: 156 157
        on right: 149 150 151
    assert_expr <expr> (132)
        on left: 158 159
        on right: 138
    expr_list <expr> (133)
        on left: 160 161
        on right: 22 49 141 143 148 153 161 167 169 172
    slot_assign_list_opt <slist> (134)
        on left: 162 163
        on right: 37
    slot_assign_list <slist> (135)
        on left: 164 165
        on right: 51 53 163 165
    slot_assign <slist> (136)
        on left: 166 167 168 169 170 171 172 173
        on right: 164 165
    aidx_expr <expr> (137)
        on left: 174 175
        on right: 118 120 142 143 145 171 172 173 175


State 0

    0 $accept: • start $end

    $default  reduce using rule 2 (decl_list)

    start      go to state 1
    decl_list  go to state 2


State 1

    0 $accept: start • $end

    $end  shift, and go to state 3


State 2

    1 start: decl_list •
    3 decl_list: decl_list • decl

    rwDEFINE            shift, and go to state 4
    rwDECLARE           shift, and go to state 5
    rwDECLARESINGLETON  shift, and go to state 6
    rwBREAK             shift, and go to state 7
    rwCONTINUE          shift, and go to state 8
    rwIF                shift, and go to state 9
    rwRETURN            shift, and go to state 10
    rwWHILE             shift, and go to state 11
    rwDO                shift, and go to state 12
    rwFOR               shift, and go to state 13
    rwFOREACH           shift, and go to state 14
    rwFOREACHSTR        shift, and go to state 15
    rwDATABLOCK         shift, and go to state 16
    rwSWITCH            shift, and go to state 17
    rwSWITCHSTR         shift, and go to state 18
    rwPACKAGE           shift, and go to state 19
    rwASSERT            shift, and go to state 20
    INTCONST            shift, and go to state 21
    TTAG                shift, and go to state 22
    VAR                 shift, and go to state 23
    IDENT               shift, and go to state 24
    DOCBLOCK            shift, and go to state 25
    STRATOM             shift, and go to state 26
    TAGATOM             shift, and go to state 27
    FLTCONST            shift, and go to state 28
    '-'                 shift, and go to state 29
    '*'                 shift, and go to state 30
    '('                 shift, and go to state 31
    '~'                 shift, and go to state 32
    '!'                 shift, and go to state 33

    $default  reduce using rule 1 (start)

    decl             go to state 34
    package_decl     go to state 35
    stmt             go to state 36
    fn_decl_stmt     go to state 37
    datablock_decl   go to state 38
    object_decl      go to state 39
    switch_stmt      go to state 40
    if_stmt          go to state 41
    while_stmt       go to state 42
    for_stmt         go to state 43
    foreach_stmt     go to state 44
    expression_stmt  go to state 45
    expr             go to state 46
    slot_acc         go to state 47
    intslot_acc      go to state 48
    stmt_expr        go to state 49
    funcall_expr     go to state 50
    assert_expr      go to state 51


State 3

    0 $accept: start $end •

    $default  accept


State 4

   27 fn_decl_stmt: rwDEFINE • IDENT '(' var_list_decl ')' '{' statement_list '}'
   28             | rwDEFINE • IDENT opCOLONCOLON IDENT '(' var_list_decl ')' '{' statement_list '}'

    IDENT  shift, and go to state 52


State 5

   38 object_decl: rwDECLARE • class_name_expr '(' object_name parent_block object_args ')' '{' object_declare_block '}'
   39            | rwDECLARE • class_name_expr '(' object_name parent_block object_args ')'
   40            | rwDECLARE • class_name_expr '(' '[' object_name ']' parent_block object_args ')' '{' object_declare_block '}'
   41            | rwDECLARE • class_name_expr '(' '[' object_name ']' parent_block object_args ')'

    IDENT  shift, and go to state 53
    '('    shift, and go to state 54

    class_name_expr  go to state 55


State 6

   42 object_decl: rwDECLARESINGLETON • class_name_expr '(' object_name parent_block object_args ')' '{' object_declare_block '}'
   43            | rwDECLARESINGLETON • class_name_expr '(' object_name parent_block object_args ')'

    IDENT  shift, and go to state 53
    '('    shift, and go to state 54

    class_name_expr  go to state 56


State 7

   18 stmt: rwBREAK • ';'
  112 expr: rwBREAK •

    ';'  shift, and go to state 57

    $default  reduce using rule 112 (expr)


State 8

   19 stmt: rwCONTINUE • ';'

    ';'  shift, and go to state 58


State 9

   65 if_stmt: rwIF • '(' expr ')' stmt_block
   66        | rwIF • '(' expr ')' stmt_block rwELSE stmt_block

    '('  shift, and go to state 59


State 10

   20 stmt: rwRETURN • ';'
   21     | rwRETURN • expr ';'
   22     | rwRETURN • '{' expr_list '}' ';'

    rwDECLARE           shift, and go to state 5
    rwDECLARESINGLETON  shift, and go to state 6
    rwBREAK             shift, and go to state 60
    rwASSERT            shift, and go to state 20
    INTCONST            shift, and go to state 21
    TTAG                shift, and go to state 61
    VAR                 shift, and go to state 23
    IDENT               shift, and go to state 24
    STRATOM             shift, and go to state 26
    TAGATOM             shift, and go to state 27
    FLTCONST            shift, and go to state 28
    '-'                 shift, and go to state 29
    '*'                 shift, and go to state 30
    '('                 shift, and go to state 31
    ';'                 shift, and go to state 62
    '{'                 shift, and go to state 63
    '~'                 shift, and go to state 32
    '!'                 shift, and go to state 33

    object_decl   go to state 39
    expr          go to state 64
    slot_acc      go to state 47
    intslot_acc   go to state 48
    stmt_expr     go to state 65
    funcall_expr  go to state 50
    assert_expr   go to state 51


State 11

   67 while_stmt: rwWHILE • '(' expr ')' stmt_block

    '('  shift, and go to state 66


State 12

   68 while_stmt: rwDO • stmt_block rwWHILE '(' expr ')'

    rwDECLARE           shift, and go to state 5
    rwDECLARESINGLETON  shift, and go to state 6
    rwBREAK             shift, and go to state 7
    rwCONTINUE          shift, and go to state 8
    rwIF                shift, and go to state 9
    rwRETURN            shift, and go to state 10
    rwWHILE             shift, and go to state 11
    rwDO                shift, and go to state 12
    rwFOR               shift, and go to state 13
    rwFOREACH           shift, and go to state 14
    rwFOREACHSTR        shift, and go to state 15
    rwDATABLOCK         shift, and go to state 16
    rwSWITCH            shift, and go to state 17
    rwSWITCHSTR         shift, and go to state 18
    rwASSERT            shift, and go to state 20
    INTCONST            shift, and go to state 21
    TTAG                shift, and go to state 22
    VAR                 shift, and go to state 23
    IDENT               shift, and go to state 24
    DOCBLOCK            shift, and go to state 25
    STRATOM             shift, and go to state 26
    TAGATOM             shift, and go to state 27
    FLTCONST            shift, and go to state 28
    '-'                 shift, and go to state 29
    '*'                 shift, and go to state 30
    '('                 shift, and go to state 31
    '{'                 shift, and go to state 67
    '~'                 shift, and go to state 32
    '!'                 shift, and go to state 33

    stmt             go to state 68
    datablock_decl   go to state 38
    object_decl      go to state 39
    stmt_block       go to state 69
    switch_stmt      go to state 40
    if_stmt          go to state 41
    while_stmt       go to state 42
    for_stmt         go to state 43
    foreach_stmt     go to state 44
    expression_stmt  go to state 45
    expr             go to state 46
    slot_acc         go to state 47
    intslot_acc      go to state 48
    stmt_expr        go to state 49
    funcall_expr     go to state 50
    assert_expr      go to state 51


State 13

   69 for_stmt: rwFOR • '(' expr ';' expr ';' expr ')' stmt_block
   70         | rwFOR • '(' expr ';' expr ';' ')' stmt_block
   71         | rwFOR • '(' expr ';' ';' expr ')' stmt_block
   72         | rwFOR • '(' expr ';' ';' ')' stmt_block
   73         | rwFOR • '(' ';' expr ';' expr ')' stmt_block
   74         | rwFOR • '(' ';' expr ';' ')' stmt_block
   75         | rwFOR • '(' ';' ';' expr ')' stmt_block
   76         | rwFOR • '(' ';' ';' ')' stmt_block

    '('  shift, and go to state 70


State 14

   77 foreach_stmt: rwFOREACH • '(' VAR rwIN expr ')' stmt_block

    '('  shift, and go to state 71


State 15

   78 foreach_stmt: rwFOREACHSTR • '(' VAR rwIN expr ')' stmt_block

    '('  shift, and go to state 72


State 16

   37 datablock_decl: rwDATABLOCK • class_name_expr '(' expr parent_block ')' '{' slot_assign_list_opt '}' ';'

    IDENT  shift, and go to state 53
    '('    shift, and go to state 54

    class_name_expr  go to state 73


State 17

   58 switch_stmt: rwSWITCH • '(' expr ')' '{' case_block '}'

    '('  shift, and go to state 74


State 18

   59 switch_stmt: rwSWITCHSTR • '(' expr ')' '{' case_block '}'

    '('  shift, and go to state 75


State 19

    7 package_decl: rwPACKAGE • IDENT '{' fn_decl_list '}' ';'

    IDENT  shift, and go to state 76


State 20

  158 assert_expr: rwASSERT • '(' expr ')'
  159            | rwASSERT • '(' expr ',' STRATOM ')'

    '('  shift, and go to state 77


State 21

  111 expr: INTCONST •

    $default  reduce using rule 111 (expr)


State 22

   24 stmt: TTAG • '=' expr ';'
   25     | TTAG • '=' expr ',' expr ';'
   92 expr: TTAG •

    '='  shift, and go to state 78

    $default  reduce using rule 92 (expr)


State 23

  117 expr: VAR •
  118     | VAR • '[' aidx_expr ']'
  140 stmt_expr: VAR • '=' expr
  141          | VAR • '=' '{' expr_list '}'
  142          | VAR • '[' aidx_expr ']' '=' expr
  143          | VAR • '[' aidx_expr ']' '=' '{' expr_list '}'
  144          | VAR • assign_op_struct
  145          | VAR • '[' aidx_expr ']' assign_op_struct

    '='           shift, and go to state 79
    opMINUSMINUS  shift, and go to state 80
    opPLUSPLUS    shift, and go to state 81
    opPLASN       shift, and go to state 82
    opMIASN       shift, and go to state 83
    opMLASN       shift, and go to state 84
    opDVASN       shift, and go to state 85
    opMODASN      shift, and go to state 86
    opANDASN      shift, and go to state 87
    opXORASN      shift, and go to state 88
    opORASN       shift, and go to state 89
    opSLASN       shift, and go to state 90
    opSRASN       shift, and go to state 91
    '['           shift, and go to state 92

    $default  reduce using rule 117 (expr)

    assign_op_struct  go to state 93


State 24

  115 expr: IDENT •
  149 funcall_expr: IDENT • '(' func_arg_list_decl ')'
  150             | IDENT • opCOLONCOLON IDENT '(' func_arg_list_decl ')'

    '('           shift, and go to state 94
    opCOLONCOLON  shift, and go to state 95

    $default  reduce using rule 115 (expr)


State 25

   26 stmt: DOCBLOCK •

    $default  reduce using rule 26 (stmt)


State 26

  116 expr: STRATOM •

    $default  reduce using rule 116 (expr)


State 27

  109 expr: TAGATOM •

    $default  reduce using rule 109 (expr)


State 28

  110 expr: FLTCONST •

    $default  reduce using rule 110 (expr)


State 29

   90 expr: '-' • expr

    rwDECLARE           shift, and go to state 5
    rwDECLARESINGLETON  shift, and go to state 6
    rwBREAK             shift, and go to state 60
    rwASSERT            shift, and go to state 20
    INTCONST            shift, and go to state 21
    TTAG                shift, and go to state 61
    VAR                 shift, and go to state 23
    IDENT               shift, and go to state 24
    STRATOM             shift, and go to state 26
    TAGATOM             shift, and go to state 27
    FLTCONST            shift, and go to state 28
    '-'                 shift, and go to state 29
    '*'                 shift, and go to state 30
    '('                 shift, and go to state 31
    '~'                 shift, and go to state 32
    '!'                 shift, and go to state 33

    object_decl   go to state 39
    expr          go to state 96
    slot_acc      go to state 47
    intslot_acc   go to state 48
    stmt_expr     go to state 65
    funcall_expr  go to state 50
    assert_expr   go to state 51


State 30

   91 expr: '*' • expr

    rwDECLARE           shift, and go to state 5
    rwDECLARESINGLETON  shift, and go to state 6
    rwBREAK             shift, and go to state 60
    rwASSERT            shift, and go to state 20
    INTCONST            shift, and go to state 21
    TTAG                shift, and go to state 61
    VAR                 shift, and go to state 23
    IDENT               shift, and go to state 24
    STRATOM             shift, and go to state 26
    TAGATOM             shift, and go to state 27
    FLTCONST            shift, and go to state 28
    '-'                 shift, and go to state 29
    '*'                 shift, and go to state 30
    '('                 shift, and go to state 31
    '~'                 shift, and go to state 32
    '!'                 shift, and go to state 33

    object_decl   go to state 39
    expr          go to state 97
    slot_acc      go to state 47
    intslot_acc   go to state 48
    stmt_expr     go to state 65
    funcall_expr  go to state 50
    assert_expr   go to state 51


State 31

   81 expr: '(' • expr ')'

    rwDECLARE           shift, and go to state 5
    rwDECLARESINGLETON  shift, and go to state 6
    rwBREAK             shift, and go to state 60
    rwASSERT            shift, and go to state 20
    INTCONST            shift, and go to state 21
    TTAG                shift, and go to state 61
    VAR                 shift, and go to state 23
    IDENT               shift, and go to state 24
    STRATOM             shift, and go to state 26
    TAGATOM             shift, and go to state 27
    FLTCONST            shift, and go to state 28
    '-'                 shift, and go to state 29
    '*'                 shift, and go to state 30
    '('                 shift, and go to state 31
    '~'                 shift, and go to state 32
    '!'                 shift, and go to state 33

    object_decl   go to state 39
    expr          go to state 98
    slot_acc      go to state 47
    intslot_acc   go to state 48
    stmt_expr     go to state 65
    funcall_expr  go to state 50
    assert_expr   go to state 51


State 32

  108 expr: '~' • expr

    rwDECLARE           shift, and go to state 5
    rwDECLARESINGLETON  shift, and go to state 6
    rwBREAK             shift, and go to state 60
    rwASSERT            shift, and go to state 20
    INTCONST            shift, and go to state 21
    TTAG                shift, and go to state 61
    VAR                 shift, and go to state 23
    IDENT               shift, and go to state 24
    STRATOM             shift, and go to state 26
    TAGATOM             shift, and go to state 27
    FLTCONST            shift, and go to state 28
    '-'                 shift, and go to state 29
    '*'                 shift, and go to state 30
    '('                 shift, and go to state 31
    '~'                 shift, and go to state 32
    '!'                 shift, and go to state 33

    object_decl   go to state 39
    expr          go to state 99
    slot_acc      go to state 47
    intslot_acc   go to state 48
    stmt_expr     go to state 65
    funcall_expr  go to state 50
    assert_expr   go to state 51


State 33

  107 expr: '!' • expr

    rwDECLARE           shift, and go to state 5
    rwDECLARESINGLETON  shift, and go to state 6
    rwBREAK             shift, and go to state 60
    rwASSERT            shift, and go to state 20
    INTCONST            shift, and go to state 21
    TTAG                shift, and go to state 61
    VAR                 shift, and go to state 23
    IDENT               shift, and go to state 24
    STRATOM             shift, and go to state 26
    TAGATOM             shift, and go to state 27
    FLTCONST            shift, and go to state 28
    '-'                 shift, and go to state 29
    '*'                 shift, and go to state 30
    '('                 shift, and go to state 31
    '~'                 shift, and go to state 32
    '!'                 shift, and go to state 33

    object_decl   go to state 39
    expr          go to state 100
    slot_acc      go to state 47
    intslot_acc   go to state 48
    stmt_expr     go to state 65
    funcall_expr  go to state 50
    assert_expr   go to state 51


State 34

    3 decl_list: decl_list decl •

    $default  reduce using rule 3 (decl_list)


State 35

    6 decl: package_decl •

    $default  reduce using rule 6 (decl)


State 36

    4 decl: stmt •

    $default  reduce using rule 4 (decl)


State 37

    5 decl: fn_decl_stmt •

    $default  reduce using rule 5 (decl)


State 38

   16 stmt: datablock_decl •

    $default  reduce using rule 16 (stmt)


State 39

  139 stmt_expr: object_decl •

    $default  reduce using rule 139 (stmt_expr)


State 40

   17 stmt: switch_stmt •

    $default  reduce using rule 17 (stmt)


State 41

   12 stmt: if_stmt •

    $default  reduce using rule 12 (stmt)


State 42

   13 stmt: while_stmt •

    $default  reduce using rule 13 (stmt)


State 43

   14 stmt: for_stmt •

    $default  reduce using rule 14 (stmt)


State 44

   15 stmt: foreach_stmt •

    $default  reduce using rule 15 (stmt)


State 45

   23 stmt: expression_stmt • ';'

    ';'  shift, and go to state 101


State 46

   82 expr: expr • '^' expr
   83     | expr • '%' expr
   84     | expr • '&' expr
   85     | expr • '|' expr
   86     | expr • '+' expr
   87     | expr • '-' expr
   88     | expr • '*' expr
   89     | expr • '/' expr
   93     | expr • '?' expr ':' expr
   94     | expr • '<' expr
   95     | expr • '>' expr
   96     | expr • opGE expr
   97     | expr • opLE expr
   98     | expr • opEQ expr
   99     | expr • opNE expr
  100     | expr • opOR expr
  101     | expr • opSHL expr
  102     | expr • opSHR expr
  103     | expr • opAND expr
  104     | expr • opSTREQ expr
  105     | expr • opSTRNE expr
  106     | expr • '@' expr
  119 slot_acc: expr • '.' IDENT
  120         | expr • '.' IDENT '[' aidx_expr ']'
  121 intslot_acc: expr • opINTNAME class_name_expr
  122            | expr • opINTNAMER class_name_expr
  151 funcall_expr: expr • '.' IDENT '(' func_arg_list_decl ')'

    '+'         shift, and go to state 102
    '-'         shift, and go to state 103
    '*'         shift, and go to state 104
    '/'         shift, and go to state 105
    '<'         shift, and go to state 106
    '>'         shift, and go to state 107
    '.'         shift, and go to state 108
    '|'         shift, and go to state 109
    '&'         shift, and go to state 110
    '%'         shift, and go to state 111
    '^'         shift, and go to state 112
    '@'         shift, and go to state 113
    opINTNAME   shift, and go to state 114
    opINTNAMER  shift, and go to state 115
    opSHL       shift, and go to state 116
    opSHR       shift, and go to state 117
    opEQ        shift, and go to state 118
    opNE        shift, and go to state 119
    opGE        shift, and go to state 120
    opLE        shift, and go to state 121
    opAND       shift, and go to state 122
    opOR        shift, and go to state 123
    opSTREQ     shift, and go to state 124
    opSTRNE     shift, and go to state 125
    '?'         shift, and go to state 126


State 47

  113 expr: slot_acc •
  146 stmt_expr: slot_acc • assign_op_struct
  147          | slot_acc • '=' expr
  148          | slot_acc • '=' '{' expr_list '}'

    '='           shift, and go to state 127
    opMINUSMINUS  shift, and go to state 80
    opPLUSPLUS    shift, and go to state 81
    opPLASN       shift, and go to state 82
    opMIASN       shift, and go to state 83
    opMLASN       shift, and go to state 84
    opDVASN       shift, and go to state 85
    opMODASN      shift, and go to state 86
    opANDASN      shift, and go to state 87
    opXORASN      shift, and go to state 88
    opORASN       shift, and go to state 89
    opSLASN       shift, and go to state 90
    opSRASN       shift, and go to state 91

    $default  reduce using rule 113 (expr)

    assign_op_struct  go to state 128


State 48

  114 expr: intslot_acc •

    $default  reduce using rule 114 (expr)


State 49

   79 expression_stmt: stmt_expr •
   80 expr: stmt_expr •

    ';'       reduce using rule 79 (expression_stmt)
    $default  reduce using rule 80 (expr)


State 50

  137 stmt_expr: funcall_expr •

    $default  reduce using rule 137 (stmt_expr)


State 51

  138 stmt_expr: assert_expr •

    $default  reduce using rule 138 (stmt_expr)


State 52

   27 fn_decl_stmt: rwDEFINE IDENT • '(' var_list_decl ')' '{' statement_list '}'
   28             | rwDEFINE IDENT • opCOLONCOLON IDENT '(' var_list_decl ')' '{' statement_list '}'

    '('           shift, and go to state 129
    opCOLONCOLON  shift, and go to state 130


State 53

  123 class_name_expr: IDENT •

    $default  reduce using rule 123 (class_name_expr)


State 54

  124 class_name_expr: '(' • expr ')'

    rwDECLARE           shift, and go to state 5
    rwDECLARESINGLETON  shift, and go to state 6
    rwBREAK             shift, and go to state 60
    rwASSERT            shift, and go to state 20
    INTCONST            shift, and go to state 21
    TTAG                shift, and go to state 61
    VAR                 shift, and go to state 23
    IDENT               shift, and go to state 24
    STRATOM             shift, and go to state 26
    TAGATOM             shift, and go to state 27
    FLTCONST            shift, and go to state 28
    '-'                 shift, and go to state 29
    '*'                 shift, and go to state 30
    '('                 shift, and go to state 31
    '~'                 shift, and go to state 32
    '!'                 shift, and go to state 33

    object_decl   go to state 39
    expr          go to state 131
    slot_acc      go to state 47
    intslot_acc   go to state 48
    stmt_expr     go to state 65
    funcall_expr  go to state 50
    assert_expr   go to state 51


State 55

   38 object_decl: rwDECLARE class_name_expr • '(' object_name parent_block object_args ')' '{' object_declare_block '}'
   39            | rwDECLARE class_name_expr • '(' object_name parent_block object_args ')'
   40            | rwDECLARE class_name_expr • '(' '[' object_name ']' parent_block object_args ')' '{' object_declare_block '}'
   41            | rwDECLARE class_name_expr • '(' '[' object_name ']' parent_block object_args ')'

    '('  shift, and go to state 132


State 56

   42 object_decl: rwDECLARESINGLETON class_name_expr • '(' object_name parent_block object_args ')' '{' object_declare_block '}'
   43            | rwDECLARESINGLETON class_name_expr • '(' object_name parent_block object_args ')'

    '('  shift, and go to state 133


State 57

   18 stmt: rwBREAK ';' •

    $default  reduce using rule 18 (stmt)


State 58

   19 stmt: rwCONTINUE ';' •

    $default  reduce using rule 19 (stmt)


State 59

   65 if_stmt: rwIF '(' • expr ')' stmt_block
   66        | rwIF '(' • expr ')' stmt_block rwELSE stmt_block

    rwDECLARE           shift, and go to state 5
    rwDECLARESINGLETON  shift, and go to state 6
    rwBREAK             shift, and go to state 60
    rwASSERT            shift, and go to state 20
    INTCONST            shift, and go to state 21
    TTAG                shift, and go to state 61
    VAR                 shift, and go to state 23
    IDENT               shift, and go to state 24
    STRATOM             shift, and go to state 26
    TAGATOM             shift, and go to state 27
    FLTCONST            shift, and go to state 28
    '-'                 shift, and go to state 29
    '*'                 shift, and go to state 30
    '('                 shift, and go to state 31
    '~'                 shift, and go to state 32
    '!'                 shift, and go to state 33

    object_decl   go to state 39
    expr          go to state 134
    slot_acc      go to state 47
    intslot_acc   go to state 48
    stmt_expr     go to state 65
    funcall_expr  go to state 50
    assert_expr   go to state 51


State 60

  112 expr: rwBREAK •

    $default  reduce using rule 112 (expr)


State 61

   92 expr: TTAG •

    $default  reduce using rule 92 (expr)


State 62

   20 stmt: rwRETURN ';' •

    $default  reduce using rule 20 (stmt)


State 63

   22 stmt: rwRETURN '{' • expr_list '}' ';'

    rwDECLARE           shift, and go to state 5
    rwDECLARESINGLETON  shift, and go to state 6
    rwBREAK             shift, and go to state 60
    rwASSERT            shift, and go to state 20
    INTCONST            shift, and go to state 21
    TTAG                shift, and go to state 61
    VAR                 shift, and go to state 23
    IDENT               shift, and go to state 24
    STRATOM             shift, and go to state 26
    TAGATOM             shift, and go to state 27
    FLTCONST            shift, and go to state 28
    '-'                 shift, and go to state 29
    '*'                 shift, and go to state 30
    '('                 shift, and go to state 31
    '~'                 shift, and go to state 32
    '!'                 shift, and go to state 33

    object_decl   go to state 39
    expr          go to state 135
    slot_acc      go to state 47
    intslot_acc   go to state 48
    stmt_expr     go to state 65
    funcall_expr  go to state 50
    assert_expr   go to state 51
    expr_list     go to state 136


State 64

   21 stmt: rwRETURN expr • ';'
   82 expr: expr • '^' expr
   83     | expr • '%' expr
   84     | expr • '&' expr
   85     | expr • '|' expr
   86     | expr • '+' expr
   87     | expr • '-' expr
   88     | expr • '*' expr
   89     | expr • '/' expr
   93     | expr • '?' expr ':' expr
   94     | expr • '<' expr
   95     | expr • '>' expr
   96     | expr • opGE expr
   97     | expr • opLE expr
   98     | expr • opEQ expr
   99     | expr • opNE expr
  100     | expr • opOR expr
  101     | expr • opSHL expr
  102     | expr • opSHR expr
  103     | expr • opAND expr
  104     | expr • opSTREQ expr
  105     | expr • opSTRNE expr
  106     | expr • '@' expr
  119 slot_acc: expr • '.' IDENT
  120         | expr • '.' IDENT '[' aidx_expr ']'
  121 intslot_acc: expr • opINTNAME class_name_expr
  122            | expr • opINTNAMER class_name_expr
  151 funcall_expr: expr • '.' IDENT '(' func_arg_list_decl ')'

    '+'         shift, and go to state 102
    '-'         shift, and go to state 103
    '*'         shift, and go to state 104
    '/'         shift, and go to state 105
    '<'         shift, and go to state 106
    '>'         shift, and go to state 107
    '.'         shift, and go to state 108
    '|'         shift, and go to state 109
    '&'         shift, and go to state 110
    '%'         shift, and go to state 111
    ';'         shift, and go to state 137
    '^'         shift, and go to state 112
    '@'         shift, and go to state 113
    opINTNAME   shift, and go to state 114
    opINTNAMER  shift, and go to state 115
    opSHL       shift, and go to state 116
    opSHR       shift, and go to state 117
    opEQ        shift, and go to state 118
    opNE        shift, and go to state 119
    opGE        shift, and go to state 120
    opLE        shift, and go to state 121
    opAND       shift, and go to state 122
    opOR        shift, and go to state 123
    opSTREQ     shift, and go to state 124
    opSTRNE     shift, and go to state 125
    '?'         shift, and go to state 126


State 65

   80 expr: stmt_expr •

    $default  reduce using rule 80 (expr)


State 66

   67 while_stmt: rwWHILE '(' • expr ')' stmt_block

    rwDECLARE           shift, and go to state 5
    rwDECLARESINGLETON  shift, and go to state 6
    rwBREAK             shift, and go to state 60
    rwASSERT            shift, and go to state 20
    INTCONST            shift, and go to state 21
    TTAG                shift, and go to state 61
    VAR                 shift, and go to state 23
    IDENT               shift, and go to state 24
    STRATOM             shift, and go to state 26
    TAGATOM             shift, and go to state 27
    FLTCONST            shift, and go to state 28
    '-'                 shift, and go to state 29
    '*'                 shift, and go to state 30
    '('                 shift, and go to state 31
    '~'                 shift, and go to state 32
    '!'                 shift, and go to state 33

    object_decl   go to state 39
    expr          go to state 138
    slot_acc      go to state 47
    intslot_acc   go to state 48
    stmt_expr     go to state 65
    funcall_expr  go to state 50
    assert_expr   go to state 51


State 67

   56 stmt_block: '{' • statement_list '}'

    $default  reduce using rule 10 (statement_list)

    statement_list  go to state 139


State 68

   57 stmt_block: stmt •

    $default  reduce using rule 57 (stmt_block)


State 69

   68 while_stmt: rwDO stmt_block • rwWHILE '(' expr ')'

    rwWHILE  shift, and go to state 140


State 70

   69 for_stmt: rwFOR '(' • expr ';' expr ';' expr ')' stmt_block
   70         | rwFOR '(' • expr ';' expr ';' ')' stmt_block
   71         | rwFOR '(' • expr ';' ';' expr ')' stmt_block
   72         | rwFOR '(' • expr ';' ';' ')' stmt_block
   73         | rwFOR '(' • ';' expr ';' expr ')' stmt_block
   74         | rwFOR '(' • ';' expr ';' ')' stmt_block
   75         | rwFOR '(' • ';' ';' expr ')' stmt_block
   76         | rwFOR '(' • ';' ';' ')' stmt_block

    rwDECLARE           shift, and go to state 5
    rwDECLARESINGLETON  shift, and go to state 6
    rwBREAK             shift, and go to state 60
    rwASSERT            shift, and go to state 20
    INTCONST            shift, and go to state 21
    TTAG                shift, and go to state 61
    VAR                 shift, and go to state 23
    IDENT               shift, and go to state 24
    STRATOM             shift, and go to state 26
    TAGATOM             shift, and go to state 27
    FLTCONST            shift, and go to state 28
    '-'                 shift, and go to state 29
    '*'                 shift, and go to state 30
    '('                 shift, and go to state 31
    ';'                 shift, and go to state 141
    '~'                 shift, and go to state 32
    '!'                 shift, and go to state 33

    object_decl   go to state 39
    expr          go to state 142
    slot_acc      go to state 47
    intslot_acc   go to state 48
    stmt_expr     go to state 65
    funcall_expr  go to state 50
    assert_expr   go to state 51


State 71

   77 foreach_stmt: rwFOREACH '(' • VAR rwIN expr ')' stmt_block

    VAR  shift, and go to state 143


State 72

   78 foreach_stmt: rwFOREACHSTR '(' • VAR rwIN expr ')' stmt_block

    VAR  shift, and go to state 144


State 73

   37 datablock_decl: rwDATABLOCK class_name_expr • '(' expr parent_block ')' '{' slot_assign_list_opt '}' ';'

    '('  shift, and go to state 145


State 74

   58 switch_stmt: rwSWITCH '(' • expr ')' '{' case_block '}'

    rwDECLARE           shift, and go to state 5
    rwDECLARESINGLETON  shift, and go to state 6
    rwBREAK             shift, and go to state 60
    rwASSERT            shift, and go to state 20
    INTCONST            shift, and go to state 21
    TTAG                shift, and go to state 61
    VAR                 shift, and go to state 23
    IDENT               shift, and go to state 24
    STRATOM             shift, and go to state 26
    TAGATOM             shift, and go to state 27
    FLTCONST            shift, and go to state 28
    '-'                 shift, and go to state 29
    '*'                 shift, and go to state 30
    '('                 shift, and go to state 31
    '~'                 shift, and go to state 32
    '!'                 shift, and go to state 33

    object_decl   go to state 39
    expr          go to state 146
    slot_acc      go to state 47
    intslot_acc   go to state 48
    stmt_expr     go to state 65
    funcall_expr  go to state 50
    assert_expr   go to state 51


State 75

   59 switch_stmt: rwSWITCHSTR '(' • expr ')' '{' case_block '}'

    rwDECLARE           shift, and go to state 5
    rwDECLARESINGLETON  shift, and go to state 6
    rwBREAK             shift, and go to state 60
    rwASSERT            shift, and go to state 20
    INTCONST            shift, and go to state 21
    TTAG                shift, and go to state 61
    VAR                 shift, and go to state 23
    IDENT               shift, and go to state 24
    STRATOM             shift, and go to state 26
    TAGATOM             shift, and go to state 27
    FLTCONST            shift, and go to state 28
    '-'                 shift, and go to state 29
    '*'                 shift, and go to state 30
    '('                 shift, and go to state 31
    '~'                 shift, and go to state 32
    '!'                 shift, and go to state 33

    object_decl   go to state 39
    expr          go to state 147
    slot_acc      go to state 47
    intslot_acc   go to state 48
    stmt_expr     go to state 65
    funcall_expr  go to state 50
    assert_expr   go to state 51


State 76

    7 package_decl: rwPACKAGE IDENT • '{' fn_decl_list '}' ';'

    '{'  shift, and go to state 148


State 77

  158 assert_expr: rwASSERT '(' • expr ')'
  159            | rwASSERT '(' • expr ',' STRATOM ')'

    rwDECLARE           shift, and go to state 5
    rwDECLARESINGLETON  shift, and go to state 6
    rwBREAK             shift, and go to state 60
    rwASSERT            shift, and go to state 20
    INTCONST            shift, and go to state 21
    TTAG                shift, and go to state 61
    VAR                 shift, and go to state 23
    IDENT               shift, and go to state 24
    STRATOM             shift, and go to state 26
    TAGATOM             shift, and go to state 27
    FLTCONST            shift, and go to state 28
    '-'                 shift, and go to state 29
    '*'                 shift, and go to state 30
    '('                 shift, and go to state 31
    '~'                 shift, and go to state 32
    '!'                 shift, and go to state 33

    object_decl   go to state 39
    expr          go to state 149
    slot_acc      go to state 47
    intslot_acc   go to state 48
    stmt_expr     go to state 65
    funcall_expr  go to state 50
    assert_expr   go to state 51


State 78

   24 stmt: TTAG '=' • expr ';'
   25     | TTAG '=' • expr ',' expr ';'

    rwDECLARE           shift, and go to state 5
    rwDECLARESINGLETON  shift, and go to state 6
    rwBREAK             shift, and go to state 60
    rwASSERT            shift, and go to state 20
    INTCONST            shift, and go to state 21
    TTAG                shift, and go to state 61
    VAR                 shift, and go to state 23
    IDENT               shift, and go to state 24
    STRATOM             shift, and go to state 26
    TAGATOM             shift, and go to state 27
    FLTCONST            shift, and go to state 28
    '-'                 shift, and go to state 29
    '*'                 shift, and go to state 30
    '('                 shift, and go to state 31
    '~'                 shift, and go to state 32
    '!'                 shift, and go to state 33

    object_decl   go to state 39
    expr          go to state 150
    slot_acc      go to state 47
    intslot_acc   go to state 48
    stmt_expr     go to state 65
    funcall_expr  go to state 50
    assert_expr   go to state 51


State 79

  140 stmt_expr: VAR '=' • expr
  141          | VAR '=' • '{' expr_list '}'

    rwDECLARE           shift, and go to state 5
    rwDECLARESINGLETON  shift, and go to state 6
    rwBREAK             shift, and go to state 60
    rwASSERT            shift, and go to state 20
    INTCONST            shift, and go to state 21
    TTAG                shift, and go to state 61
    VAR                 shift, and go to state 23
    IDENT               shift, and go to state 24
    STRATOM             shift, and go to state 26
    TAGATOM             shift, and go to state 27
    FLTCONST            shift, and go to state 28
    '-'                 shift, and go to state 29
    '*'                 shift, and go to state 30
    '('                 shift, and go to state 31
    '{'                 shift, and go to state 151
    '~'                 shift, and go to state 32
    '!'                 shift, and go to state 33

    object_decl   go to state 39
    expr          go to state 152
    slot_acc      go to state 47
    intslot_acc   go to state 48
    stmt_expr     go to state 65
    funcall_expr  go to state 50
    assert_expr   go to state 51


State 80

  126 assign_op_struct: opMINUSMINUS •

    $default  reduce using rule 126 (assign_op_struct)


State 81

  125 assign_op_struct: opPLUSPLUS •

    $default  reduce using rule 125 (assign_op_struct)


State 82

  127 assign_op_struct: opPLASN • expr

    rwDECLARE           shift, and go to state 5
    rwDECLARESINGLETON  shift, and go to state 6
    rwBREAK             shift, and go to state 60
    rwASSERT            shift, and go to state 20
    INTCONST            shift, and go to state 21
    TTAG                shift, and go to state 61
    VAR                 shift, and go to state 23
    IDENT               shift, and go to state 24
    STRATOM             shift, and go to state 26
    TAGATOM             shift, and go to state 27
    FLTCONST            shift, and go to state 28
    '-'                 shift, and go to state 29
    '*'                 shift, and go to state 30
    '('                 shift, and go to state 31
    '~'                 shift, and go to state 32
    '!'                 shift, and go to state 33

    object_decl   go to state 39
    expr          go to state 153
    slot_acc      go to state 47
    intslot_acc   go to state 48
    stmt_expr     go to state 65
    funcall_expr  go to state 50
    assert_expr   go to state 51


State 83

  128 assign_op_struct: opMIASN • expr

    rwDECLARE           shift, and go to state 5
    rwDECLARESINGLETON  shift, and go to state 6
    rwBREAK             shift, and go to state 60
    rwASSERT            shift, and go to state 20
    INTCONST            shift, and go to state 21
    TTAG                shift, and go to state 61
    VAR                 shift, and go to state 23
    IDENT               shift, and go to state 24
    STRATOM             shift, and go to state 26
    TAGATOM             shift, and go to state 27
    FLTCONST            shift, and go to state 28
    '-'                 shift, and go to state 29
    '*'                 shift, and go to state 30
    '('                 shift, and go to state 31
    '~'                 shift, and go to state 32
    '!'                 shift, and go to state 33

    object_decl   go to state 39
    expr          go to state 154
    slot_acc      go to state 47
    intslot_acc   go to state 48
    stmt_expr     go to state 65
    funcall_expr  go to state 50
    assert_expr   go to state 51


State 84

  129 assign_op_struct: opMLASN • expr

    rwDECLARE           shift, and go to state 5
    rwDECLARESINGLETON  shift, and go to state 6
    rwBREAK             shift, and go to state 60
    rwASSERT            shift, and go to state 20
    INTCONST            shift, and go to state 21
    TTAG                shift, and go to state 61
    VAR                 shift, and go to state 23
    IDENT               shift, and go to state 24
    STRATOM             shift, and go to state 26
    TAGATOM             shift, and go to state 27
    FLTCONST            shift, and go to state 28
    '-'                 shift, and go to state 29
    '*'                 shift, and go to state 30
    '('                 shift, and go to state 31
    '~'                 shift, and go to state 32
    '!'                 shift, and go to state 33

    object_decl   go to state 39
    expr          go to state 155
    slot_acc      go to state 47
    intslot_acc   go to state 48
    stmt_expr     go to state 65
    funcall_expr  go to state 50
    assert_expr   go to state 51


State 85

  130 assign_op_struct: opDVASN • expr

    rwDECLARE           shift, and go to state 5
    rwDECLARESINGLETON  shift, and go to state 6
    rwBREAK             shift, and go to state 60
    rwASSERT            shift, and go to state 20
    INTCONST            shift, and go to state 21
    TTAG                shift, and go to state 61
    VAR                 shift, and go to state 23
    IDENT               shift, and go to state 24
    STRATOM             shift, and go to state 26
    TAGATOM             shift, and go to state 27
    FLTCONST            shift, and go to state 28
    '-'                 shift, and go to state 29
    '*'                 shift, and go to state 30
    '('                 shift, and go to state 31
    '~'                 shift, and go to state 32
    '!'                 shift, and go to state 33

    object_decl   go to state 39
    expr          go to state 156
    slot_acc      go to state 47
    intslot_acc   go to state 48
    stmt_expr     go to state 65
    funcall_expr  go to state 50
    assert_expr   go to state 51


State 86

  131 assign_op_struct: opMODASN • expr

    rwDECLARE           shift, and go to state 5
    rwDECLARESINGLETON  shift, and go to state 6
    rwBREAK             shift, and go to state 60
    rwASSERT            shift, and go to state 20
    INTCONST            shift, and go to state 21
    TTAG                shift, and go to state 61
    VAR                 shift, and go to state 23
    IDENT               shift, and go to state 24
    STRATOM             shift, and go to state 26
    TAGATOM             shift, and go to state 27
    FLTCONST            shift, and go to state 28
    '-'                 shift, and go to state 29
    '*'                 shift, and go to state 30
    '('                 shift, and go to state 31
    '~'                 shift, and go to state 32
    '!'                 shift, and go to state 33

    object_decl   go to state 39
    expr          go to state 157
    slot_acc      go to state 47
    intslot_acc   go to state 48
    stmt_expr     go to state 65
    funcall_expr  go to state 50
    assert_expr   go to state 51


State 87

  132 assign_op_struct: opANDASN • expr

    rwDECLARE           shift, and go to state 5
    rwDECLARESINGLETON  shift, and go to state 6
    rwBREAK             shift, and go to state 60
    rwASSERT            shift, and go to state 20
    INTCONST            shift, and go to state 21
    TTAG                shift, and go to state 61
    VAR                 shift, and go to state 23
    IDENT               shift, and go to state 24
    STRATOM             shift, and go to state 26
    TAGATOM             shift, and go to state 27
    FLTCONST            shift, and go to state 28
    '-'                 shift, and go to state 29
    '*'                 shift, and go to state 30
    '('                 shift, and go to state 31
    '~'                 shift, and go to state 32
    '!'                 shift, and go to state 33

    object_decl   go to state 39
    expr          go to state 158
    slot_acc      go to state 47
    intslot_acc   go to state 48
    stmt_expr     go to state 65
    funcall_expr  go to state 50
    assert_expr   go to state 51


State 88

  133 assign_op_struct: opXORASN • expr

    rwDECLARE           shift, and go to state 5
    rwDECLARESINGLETON  shift, and go to state 6
    rwBREAK             shift, and go to state 60
    rwASSERT            shift, and go to state 20
    INTCONST            shift, and go to state 21
    TTAG                shift, and go to state 61
    VAR                 shift, and go to state 23
    IDENT               shift, and go to state 24
    STRATOM             shift, and go to state 26
    TAGATOM             shift, and go to state 27
    FLTCONST            shift, and go to state 28
    '-'                 shift, and go to state 29
    '*'                 shift, and go to state 30
    '('                 shift, and go to state 31
    '~'                 shift, and go to state 32
    '!'                 shift, and go to state 33

    object_decl   go to state 39
    expr          go to state 159
    slot_acc      go to state 47
    intslot_acc   go to state 48
    stmt_expr     go to state 65
    funcall_expr  go to state 50
    assert_expr   go to state 51


State 89

  134 assign_op_struct: opORASN • expr

    rwDECLARE           shift, and go to state 5
    rwDECLARESINGLETON  shift, and go to state 6
    rwBREAK             shift, and go to state 60
    rwASSERT            shift, and go to state 20
    INTCONST            shift, and go to state 21
    TTAG                shift, and go to state 61
    VAR                 shift, and go to state 23
    IDENT               shift, and go to state 24
    STRATOM             shift, and go to state 26
    TAGATOM             shift, and go to state 27
    FLTCONST            shift, and go to state 28
    '-'                 shift, and go to state 29
    '*'                 shift, and go to state 30
    '('                 shift, and go to state 31
    '~'                 shift, and go to state 32
    '!'                 shift, and go to state 33

    object_decl   go to state 39
    expr          go to state 160
    slot_acc      go to state 47
    intslot_acc   go to state 48
    stmt_expr     go to state 65
    funcall_expr  go to state 50
    assert_expr   go to state 51


State 90

  135 assign_op_struct: opSLASN • expr

    rwDECLARE           shift, and go to state 5
    rwDECLARESINGLETON  shift, and go to state 6
    rwBREAK             shift, and go to state 60
    rwASSERT            shift, and go to state 20
    INTCONST            shift, and go to state 21
    TTAG                shift, and go to state 61
    VAR                 shift, and go to state 23
    IDENT               shift, and go to state 24
    STRATOM             shift, and go to state 26
    TAGATOM             shift, and go to state 27
    FLTCONST            shift, and go to state 28
    '-'                 shift, and go to state 29
    '*'                 shift, and go to state 30
    '('                 shift, and go to state 31
    '~'                 shift, and go to state 32
    '!'                 shift, and go to state 33

    object_decl   go to state 39
    expr          go to state 161
    slot_acc      go to state 47
    intslot_acc   go to state 48
    stmt_expr     go to state 65
    funcall_expr  go to state 50
    assert_expr   go to state 51


State 91

  136 assign_op_struct: opSRASN • expr

    rwDECLARE           shift, and go to state 5
    rwDECLARESINGLETON  shift, and go to state 6
    rwBREAK             shift, and go to state 60
    rwASSERT            shift, and go to state 20
    INTCONST            shift, and go to state 21
    TTAG                shift, and go to state 61
    VAR                 shift, and go to state 23
    IDENT               shift, and go to state 24
    STRATOM             shift, and go to state 26
    TAGATOM             shift, and go to state 27
    FLTCONST            shift, and go to state 28
    '-'                 shift, and go to state 29
    '*'                 shift, and go to state 30
    '('                 shift, and go to state 31
    '~'                 shift, and go to state 32
    '!'                 shift, and go to state 33

    object_decl   go to state 39
    expr          go to state 162
    slot_acc      go to state 47
    intslot_acc   go to state 48
    stmt_expr     go to state 65
    funcall_expr  go to state 50
    assert_expr   go to state 51


State 92

  118 expr: VAR '[' • aidx_expr ']'
  142 stmt_expr: VAR '[' • aidx_expr ']' '=' expr
  143          | VAR '[' • aidx_expr ']' '=' '{' expr_list '}'
  145          | VAR '[' • aidx_expr ']' assign_op_struct

    rwDECLARE           shift, and go to state 5
    rwDECLARESINGLETON  shift, and go to state 6
    rwBREAK             shift, and go to state 60
    rwASSERT            shift, and go to state 20
    INTCONST            shift, and go to state 21
    TTAG                shift, and go to state 61
    VAR                 shift, and go to state 23
    IDENT               shift, and go to state 24
    STRATOM             shift, and go to state 26
    TAGATOM             shift, and go to state 27
    FLTCONST            shift, and go to state 28
    '-'                 shift, and go to state 29
    '*'                 shift, and go to state 30
    '('                 shift, and go to state 31
    '~'                 shift, and go to state 32
    '!'                 shift, and go to state 33

    object_decl   go to state 39
    expr          go to state 163
    slot_acc      go to state 47
    intslot_acc   go to state 48
    stmt_expr     go to state 65
    funcall_expr  go to state 50
    assert_expr   go to state 51
    aidx_expr     go to state 164


State 93

  144 stmt_expr: VAR assign_op_struct •

    $default  reduce using rule 144 (stmt_expr)


State 94

  149 funcall_expr: IDENT '(' • func_arg_list_decl ')'

    rwDECLARE           shift, and go to state 5
    rwDECLARESINGLETON  shift, and go to state 6
    rwBREAK             shift, and go to state 60
    rwASSERT            shift, and go to state 20
    INTCONST            shift, and go to state 21
    TTAG                shift, and go to state 61
    VAR                 shift, and go to state 23
    IDENT               shift, and go to state 24
    STRATOM             shift, and go to state 26
    TAGATOM             shift, and go to state 27
    FLTCONST            shift, and go to state 28
    '-'                 shift, and go to state 29
    '*'                 shift, and go to state 30
    '('                 shift, and go to state 31
    '{'                 shift, and go to state 165
    '~'                 shift, and go to state 32
    '!'                 shift, and go to state 33

    $default  reduce using rule 156 (func_arg_list_decl)

    object_decl         go to state 39
    expr                go to state 166
    slot_acc            go to state 47
    intslot_acc         go to state 48
    stmt_expr           go to state 65
    funcall_expr        go to state 50
    func_arg_item       go to state 167
    func_arg_list       go to state 168
    func_arg_list_decl  go to state 169
    assert_expr         go to state 51


State 95

  150 funcall_expr: IDENT opCOLONCOLON • IDENT '(' func_arg_list_decl ')'

    IDENT  shift, and go to state 170


State 96

   82 expr: expr • '^' expr
   83     | expr • '%' expr
   84     | expr • '&' expr
   85     | expr • '|' expr
   86     | expr • '+' expr
   87     | expr • '-' expr
   88     | expr • '*' expr
   89     | expr • '/' expr
   90     | '-' expr •
   93     | expr • '?' expr ':' expr
   94     | expr • '<' expr
   95     | expr • '>' expr
   96     | expr • opGE expr
   97     | expr • opLE expr
   98     | expr • opEQ expr
   99     | expr • opNE expr
  100     | expr • opOR expr
  101     | expr • opSHL expr
  102     | expr • opSHR expr
  103     | expr • opAND expr
  104     | expr • opSTREQ expr
  105     | expr • opSTRNE expr
  106     | expr • '@' expr
  119 slot_acc: expr • '.' IDENT
  120         | expr • '.' IDENT '[' aidx_expr ']'
  121 intslot_acc: expr • opINTNAME class_name_expr
  122            | expr • opINTNAMER class_name_expr
  151 funcall_expr: expr • '.' IDENT '(' func_arg_list_decl ')'

    '.'         shift, and go to state 108
    opINTNAME   shift, and go to state 114
    opINTNAMER  shift, and go to state 115

    $default  reduce using rule 90 (expr)


State 97

   82 expr: expr • '^' expr
   83     | expr • '%' expr
   84     | expr • '&' expr
   85     | expr • '|' expr
   86     | expr • '+' expr
   87     | expr • '-' expr
   88     | expr • '*' expr
   89     | expr • '/' expr
   91     | '*' expr •
   93     | expr • '?' expr ':' expr
   94     | expr • '<' expr
   95     | expr • '>' expr
   96     | expr • opGE expr
   97     | expr • opLE expr
   98     | expr • opEQ expr
   99     | expr • opNE expr
  100     | expr • opOR expr
  101     | expr • opSHL expr
  102     | expr • opSHR expr
  103     | expr • opAND expr
  104     | expr • opSTREQ expr
  105     | expr • opSTRNE expr
  106     | expr • '@' expr
  119 slot_acc: expr • '.' IDENT
  120         | expr • '.' IDENT '[' aidx_expr ']'
  121 intslot_acc: expr • opINTNAME class_name_expr
  122            | expr • opINTNAMER class_name_expr
  151 funcall_expr: expr • '.' IDENT '(' func_arg_list_decl ')'

    '.'         shift, and go to state 108
    opINTNAME   shift, and go to state 114
    opINTNAMER  shift, and go to state 115

    $default  reduce using rule 91 (expr)


State 98

   81 expr: '(' expr • ')'
   82     | expr • '^' expr
   83     | expr • '%' expr
   84     | expr • '&' expr
   85     | expr • '|' expr
   86     | expr • '+' expr
   87     | expr • '-' expr
   88     | expr • '*' expr
   89     | expr • '/' expr
   93     | expr • '?' expr ':' expr
   94     | expr • '<' expr
   95     | expr • '>' expr
   96     | expr • opGE expr
   97     | expr • opLE expr
   98     | expr • opEQ expr
   99     | expr • opNE expr
  100     | expr • opOR expr
  101     | expr • opSHL expr
  102     | expr • opSHR expr
  103     | expr • opAND expr
  104     | expr • opSTREQ expr
  105     | expr • opSTRNE expr
  106     | expr • '@' expr
  119 slot_acc: expr • '.' IDENT
  120         | expr • '.' IDENT '[' aidx_expr ']'
  121 intslot_acc: expr • opINTNAME class_name_expr
  122            | expr • opINTNAMER class_name_expr
  151 funcall_expr: expr • '.' IDENT '(' func_arg_list_decl ')'

    '+'         shift, and go to state 102
    '-'         shift, and go to state 103
    '*'         shift, and go to state 104
    '/'         shift, and go to state 105
    '<'         shift, and go to state 106
    '>'         shift, and go to state 107
    '.'         shift, and go to state 108
    '|'         shift, and go to state 109
    '&'         shift, and go to state 110
    '%'         shift, and go to state 111
    ')'         shift, and go to state 171
    '^'         shift, and go to state 112
    '@'         shift, and go to state 113
    opINTNAME   shift, and go to state 114
    opINTNAMER  shift, and go to state 115
    opSHL       shift, and go to state 116
    opSHR       shift, and go to state 117
    opEQ        shift, and go to state 118
    opNE        shift, and go to state 119
    opGE        shift, and go to state 120
    opLE        shift, and go to state 121
    opAND       shift, and go to state 122
    opOR        shift, and go to state 123
    opSTREQ     shift, and go to state 124
    opSTRNE     shift, and go to state 125
    '?'         shift, and go to state 126


State 99

   82 expr: expr • '^' expr
   83     | expr • '%' expr
   84     | expr • '&' expr
   85     | expr • '|' expr
   86     | expr • '+' expr
   87     | expr • '-' expr
   88     | expr • '*' expr
   89     | expr • '/' expr
   93     | expr • '?' expr ':' expr
   94     | expr • '<' expr
   95     | expr • '>' expr
   96     | expr • opGE expr
   97     | expr • opLE expr
   98     | expr • opEQ expr
   99     | expr • opNE expr
  100     | expr • opOR expr
  101     | expr • opSHL expr
  102     | expr • opSHR expr
  103     | expr • opAND expr
  104     | expr • opSTREQ expr
  105     | expr • opSTRNE expr
  106     | expr • '@' expr
  108     | '~' expr •
  119 slot_acc: expr • '.' IDENT
  120         | expr • '.' IDENT '[' aidx_expr ']'
  121 intslot_acc: expr • opINTNAME class_name_expr
  122            | expr • opINTNAMER class_name_expr
  151 funcall_expr: expr • '.' IDENT '(' func_arg_list_decl ')'

    '.'         shift, and go to state 108
    opINTNAME   shift, and go to state 114
    opINTNAMER  shift, and go to state 115

    $default  reduce using rule 108 (expr)


State 100

   82 expr: expr • '^' expr
   83     | expr • '%' expr
   84     | expr • '&' expr
   85     | expr • '|' expr
   86     | expr • '+' expr
   87     | expr • '-' expr
   88     | expr • '*' expr
   89     | expr • '/' expr
   93     | expr • '?' expr ':' expr
   94     | expr • '<' expr
   95     | expr • '>' expr
   96     | expr • opGE expr
   97     | expr • opLE expr
   98     | expr • opEQ expr
   99     | expr • opNE expr
  100     | expr • opOR expr
  101     | expr • opSHL expr
  102     | expr • opSHR expr
  103     | expr • opAND expr
  104     | expr • opSTREQ expr
  105     | expr • opSTRNE expr
  106     | expr • '@' expr
  107     | '!' expr •
  119 slot_acc: expr • '.' IDENT
  120         | expr • '.' IDENT '[' aidx_expr ']'
  121 intslot_acc: expr • opINTNAME class_name_expr
  122            | expr • opINTNAMER class_name_expr
  151 funcall_expr: expr • '.' IDENT '(' func_arg_list_decl ')'

    '.'         shift, and go to state 108
    opINTNAME   shift, and go to state 114
    opINTNAMER  shift, and go to state 115

    $default  reduce using rule 107 (expr)


State 101

   23 stmt: expression_stmt ';' •

    $default  reduce using rule 23 (stmt)


State 102

   86 expr: expr '+' • expr

    rwDECLARE           shift, and go to state 5
    rwDECLARESINGLETON  shift, and go to state 6
    rwBREAK             shift, and go to state 60
    rwASSERT            shift, and go to state 20
    INTCONST            shift, and go to state 21
    TTAG                shift, and go to state 61
    VAR                 shift, and go to state 23
    IDENT               shift, and go to state 24
    STRATOM             shift, and go to state 26
    TAGATOM             shift, and go to state 27
    FLTCONST            shift, and go to state 28
    '-'                 shift, and go to state 29
    '*'                 shift, and go to state 30
    '('                 shift, and go to state 31
    '~'                 shift, and go to state 32
    '!'                 shift, and go to state 33

    object_decl   go to state 39
    expr          go to state 172
    slot_acc      go to state 47
    intslot_acc   go to state 48
    stmt_expr     go to state 65
    funcall_expr  go to state 50
    assert_expr   go to state 51


State 103

   87 expr: expr '-' • expr

    rwDECLARE           shift, and go to state 5
    rwDECLARESINGLETON  shift, and go to state 6
    rwBREAK             shift, and go to state 60
    rwASSERT            shift, and go to state 20
    INTCONST            shift, and go to state 21
    TTAG                shift, and go to state 61
    VAR                 shift, and go to state 23
    IDENT               shift, and go to state 24
    STRATOM             shift, and go to state 26
    TAGATOM             shift, and go to state 27
    FLTCONST            shift, and go to state 28
    '-'                 shift, and go to state 29
    '*'                 shift, and go to state 30
    '('                 shift, and go to state 31
    '~'                 shift, and go to state 32
    '!'                 shift, and go to state 33

    object_decl   go to state 39
    expr          go to state 173
    slot_acc      go to state 47
    intslot_acc   go to state 48
    stmt_expr     go to state 65
    funcall_expr  go to state 50
    assert_expr   go to state 51


State 104

   88 expr: expr '*' • expr

    rwDECLARE           shift, and go to state 5
    rwDECLARESINGLETON  shift, and go to state 6
    rwBREAK             shift, and go to state 60
    rwASSERT            shift, and go to state 20
    INTCONST            shift, and go to state 21
    TTAG                shift, and go to state 61
    VAR                 shift, and go to state 23
    IDENT               shift, and go to state 24
    STRATOM             shift, and go to state 26
    TAGATOM             shift, and go to state 27
    FLTCONST            shift, and go to state 28
    '-'                 shift, and go to state 29
    '*'                 shift, and go to state 30
    '('                 shift, and go to state 31
    '~'                 shift, and go to state 32
    '!'                 shift, and go to state 33

    object_decl   go to state 39
    expr          go to state 174
    slot_acc      go to state 47
    intslot_acc   go to state 48
    stmt_expr     go to state 65
    funcall_expr  go to state 50
    assert_expr   go to state 51


State 105

   89 expr: expr '/' • expr

    rwDECLARE           shift, and go to state 5
    rwDECLARESINGLETON  shift, and go to state 6
    rwBREAK             shift, and go to state 60
    rwASSERT            shift, and go to state 20
    INTCONST            shift, and go to state 21
    TTAG                shift, and go to state 61
    VAR                 shift, and go to state 23
    IDENT               shift, and go to state 24
    STRATOM             shift, and go to state 26
    TAGATOM             shift, and go to state 27
    FLTCONST            shift, and go to state 28
    '-'                 shift, and go to state 29
    '*'                 shift, and go to state 30
    '('                 shift, and go to state 31
    '~'                 shift, and go to state 32
    '!'                 shift, and go to state 33

    object_decl   go to state 39
    expr          go to state 175
    slot_acc      go to state 47
    intslot_acc   go to state 48
    stmt_expr     go to state 65
    funcall_expr  go to state 50
    assert_expr   go to state 51


State 106

   94 expr: expr '<' • expr

    rwDECLARE           shift, and go to state 5
    rwDECLARESINGLETON  shift, and go to state 6
    rwBREAK             shift, and go to state 60
    rwASSERT            shift, and go to state 20
    INTCONST            shift, and go to state 21
    TTAG                shift, and go to state 61
    VAR                 shift, and go to state 23
    IDENT               shift, and go to state 24
    STRATOM             shift, and go to state 26
    TAGATOM             shift, and go to state 27
    FLTCONST            shift, and go to state 28
    '-'                 shift, and go to state 29
    '*'                 shift, and go to state 30
    '('                 shift, and go to state 31
    '~'                 shift, and go to state 32
    '!'                 shift, and go to state 33

    object_decl   go to state 39
    expr          go to state 176
    slot_acc      go to state 47
    intslot_acc   go to state 48
    stmt_expr     go to state 65
    funcall_expr  go to state 50
    assert_expr   go to state 51


State 107

   95 expr: expr '>' • expr

    rwDECLARE           shift, and go to state 5
    rwDECLARESINGLETON  shift, and go to state 6
    rwBREAK             shift, and go to state 60
    rwASSERT            shift, and go to state 20
    INTCONST            shift, and go to state 21
    TTAG                shift, and go to state 61
    VAR                 shift, and go to state 23
    IDENT               shift, and go to state 24
    STRATOM             shift, and go to state 26
    TAGATOM             shift, and go to state 27
    FLTCONST            shift, and go to state 28
    '-'                 shift, and go to state 29
    '*'                 shift, and go to state 30
    '('                 shift, and go to state 31
    '~'                 shift, and go to state 32
    '!'                 shift, and go to state 33

    object_decl   go to state 39
    expr          go to state 177
    slot_acc      go to state 47
    intslot_acc   go to state 48
    stmt_expr     go to state 65
    funcall_expr  go to state 50
    assert_expr   go to state 51


State 108

  119 slot_acc: expr '.' • IDENT
  120         | expr '.' • IDENT '[' aidx_expr ']'
  151 funcall_expr: expr '.' • IDENT '(' func_arg_list_decl ')'

    IDENT  shift, and go to state 178


State 109

   85 expr: expr '|' • expr

    rwDECLARE           shift, and go to state 5
    rwDECLARESINGLETON  shift, and go to state 6
    rwBREAK             shift, and go to state 60
    rwASSERT            shift, and go to state 20
    INTCONST            shift, and go to state 21
    TTAG                shift, and go to state 61
    VAR                 shift, and go to state 23
    IDENT               shift, and go to state 24
    STRATOM             shift, and go to state 26
    TAGATOM             shift, and go to state 27
    FLTCONST            shift, and go to state 28
    '-'                 shift, and go to state 29
    '*'                 shift, and go to state 30
    '('                 shift, and go to state 31
    '~'                 shift, and go to state 32
    '!'                 shift, and go to state 33

    object_decl   go to state 39
    expr          go to state 179
    slot_acc      go to state 47
    intslot_acc   go to state 48
    stmt_expr     go to state 65
    funcall_expr  go to state 50
    assert_expr   go to state 51


State 110

   84 expr: expr '&' • expr

    rwDECLARE           shift, and go to state 5
    rwDECLARESINGLETON  shift, and go to state 6
    rwBREAK             shift, and go to state 60
    rwASSERT            shift, and go to state 20
    INTCONST            shift, and go to state 21
    TTAG                shift, and go to state 61
    VAR                 shift, and go to state 23
    IDENT               shift, and go to state 24
    STRATOM             shift, and go to state 26
    TAGATOM             shift, and go to state 27
    FLTCONST            shift, and go to state 28
    '-'                 shift, and go to state 29
    '*'                 shift, and go to state 30
    '('                 shift, and go to state 31
    '~'                 shift, and go to state 32
    '!'                 shift, and go to state 33

    object_decl   go to state 39
    expr          go to state 180
    slot_acc      go to state 47
    intslot_acc   go to state 48
    stmt_expr     go to state 65
    funcall_expr  go to state 50
    assert_expr   go to state 51


State 111

   83 expr: expr '%' • expr

    rwDECLARE           shift, and go to state 5
    rwDECLARESINGLETON  shift, and go to state 6
    rwBREAK             shift, and go to state 60
    rwASSERT            shift, and go to state 20
    INTCONST            shift, and go to state 21
    TTAG                shift, and go to state 61
    VAR                 shift, and go to state 23
    IDENT               shift, and go to state 24
    STRATOM             shift, and go to state 26
    TAGATOM             shift, and go to state 27
    FLTCONST            shift, and go to state 28
    '-'                 shift, and go to state 29
    '*'                 shift, and go to state 30
    '('                 shift, and go to state 31
    '~'                 shift, and go to state 32
    '!'                 shift, and go to state 33

    object_decl   go to state 39
    expr          go to state 181
    slot_acc      go to state 47
    intslot_acc   go to state 48
    stmt_expr     go to state 65
    funcall_expr  go to state 50
    assert_expr   go to state 51


State 112

   82 expr: expr '^' • expr

    rwDECLARE           shift, and go to state 5
    rwDECLARESINGLETON  shift, and go to state 6
    rwBREAK             shift, and go to state 60
    rwASSERT            shift, and go to state 20
    INTCONST            shift, and go to state 21
    TTAG                shift, and go to state 61
    VAR                 shift, and go to state 23
    IDENT               shift, and go to state 24
    STRATOM             shift, and go to state 26
    TAGATOM             shift, and go to state 27
    FLTCONST            shift, and go to state 28
    '-'                 shift, and go to state 29
    '*'                 shift, and go to state 30
    '('                 shift, and go to state 31
    '~'                 shift, and go to state 32
    '!'                 shift, and go to state 33

    object_decl   go to state 39
    expr          go to state 182
    slot_acc      go to state 47
    intslot_acc   go to state 48
    stmt_expr     go to state 65
    funcall_expr  go to state 50
    assert_expr   go to state 51


State 113

  106 expr: expr '@' • expr

    rwDECLARE           shift, and go to state 5
    rwDECLARESINGLETON  shift, and go to state 6
    rwBREAK             shift, and go to state 60
    rwASSERT            shift, and go to state 20
    INTCONST            shift, and go to state 21
    TTAG                shift, and go to state 61
    VAR                 shift, and go to state 23
    IDENT               shift, and go to state 24
    STRATOM             shift, and go to state 26
    TAGATOM             shift, and go to state 27
    FLTCONST            shift, and go to state 28
    '-'                 shift, and go to state 29
    '*'                 shift, and go to state 30
    '('                 shift, and go to state 31
    '~'                 shift, and go to state 32
    '!'                 shift, and go to state 33

    object_decl   go to state 39
    expr          go to state 183
    slot_acc      go to state 47
    intslot_acc   go to state 48
    stmt_expr     go to state 65
    funcall_expr  go to state 50
    assert_expr   go to state 51


State 114

  121 intslot_acc: expr opINTNAME • class_name_expr

    IDENT  shift, and go to state 53
    '('    shift, and go to state 54

    class_name_expr  go to state 184


State 115

  122 intslot_acc: expr opINTNAMER • class_name_expr

    IDENT  shift, and go to state 53
    '('    shift, and go to state 54

    class_name_expr  go to state 185


State 116

  101 expr: expr opSHL • expr

    rwDECLARE           shift, and go to state 5
    rwDECLARESINGLETON  shift, and go to state 6
    rwBREAK             shift, and go to state 60
    rwASSERT            shift, and go to state 20
    INTCONST            shift, and go to state 21
    TTAG                shift, and go to state 61
    VAR                 shift, and go to state 23
    IDENT               shift, and go to state 24
    STRATOM             shift, and go to state 26
    TAGATOM             shift, and go to state 27
    FLTCONST            shift, and go to state 28
    '-'                 shift, and go to state 29
    '*'                 shift, and go to state 30
    '('                 shift, and go to state 31
    '~'                 shift, and go to state 32
    '!'                 shift, and go to state 33

    object_decl   go to state 39
    expr          go to state 186
    slot_acc      go to state 47
    intslot_acc   go to state 48
    stmt_expr     go to state 65
    funcall_expr  go to state 50
    assert_expr   go to state 51


State 117

  102 expr: expr opSHR • expr

    rwDECLARE           shift, and go to state 5
    rwDECLARESINGLETON  shift, and go to state 6
    rwBREAK             shift, and go to state 60
    rwASSERT            shift, and go to state 20
    INTCONST            shift, and go to state 21
    TTAG                shift, and go to state 61
    VAR                 shift, and go to state 23
    IDENT               shift, and go to state 24
    STRATOM             shift, and go to state 26
    TAGATOM             shift, and go to state 27
    FLTCONST            shift, and go to state 28
    '-'                 shift, and go to state 29
    '*'                 shift, and go to state 30
    '('                 shift, and go to state 31
    '~'                 shift, and go to state 32
    '!'                 shift, and go to state 33

    object_decl   go to state 39
    expr          go to state 187
    slot_acc      go to state 47
    intslot_acc   go to state 48
    stmt_expr     go to state 65
    funcall_expr  go to state 50
    assert_expr   go to state 51


State 118

   98 expr: expr opEQ • expr

    rwDECLARE           shift, and go to state 5
    rwDECLARESINGLETON  shift, and go to state 6
    rwBREAK             shift, and go to state 60
    rwASSERT            shift, and go to state 20
    INTCONST            shift, and go to state 21
    TTAG                shift, and go to state 61
    VAR                 shift, and go to state 23
    IDENT               shift, and go to state 24
    STRATOM             shift, and go to state 26
    TAGATOM             shift, and go to state 27
    FLTCONST            shift, and go to state 28
    '-'                 shift, and go to state 29
    '*'                 shift, and go to state 30
    '('                 shift, and go to state 31
    '~'                 shift, and go to state 32
    '!'                 shift, and go to state 33

    object_decl   go to state 39
    expr          go to state 188
    slot_acc      go to state 47
    intslot_acc   go to state 48
    stmt_expr     go to state 65
    funcall_expr  go to state 50
    assert_expr   go to state 51


State 119

   99 expr: expr opNE • expr

    rwDECLARE           shift, and go to state 5
    rwDECLARESINGLETON  shift, and go to state 6
    rwBREAK             shift, and go to state 60
    rwASSERT            shift, and go to state 20
    INTCONST            shift, and go to state 21
    TTAG                shift, and go to state 61
    VAR                 shift, and go to state 23
    IDENT               shift, and go to state 24
    STRATOM             shift, and go to state 26
    TAGATOM             shift, and go to state 27
    FLTCONST            shift, and go to state 28
    '-'                 shift, and go to state 29
    '*'                 shift, and go to state 30
    '('                 shift, and go to state 31
    '~'                 shift, and go to state 32
    '!'                 shift, and go to state 33

    object_decl   go to state 39
    expr          go to state 189
    slot_acc      go to state 47
    intslot_acc   go to state 48
    stmt_expr     go to state 65
    funcall_expr  go to state 50
    assert_expr   go to state 51


State 120

   96 expr: expr opGE • expr

    rwDECLARE           shift, and go to state 5
    rwDECLARESINGLETON  shift, and go to state 6
    rwBREAK             shift, and go to state 60
    rwASSERT            shift, and go to state 20
    INTCONST            shift, and go to state 21
    TTAG                shift, and go to state 61
    VAR                 shift, and go to state 23
    IDENT               shift, and go to state 24
    STRATOM             shift, and go to state 26
    TAGATOM             shift, and go to state 27
    FLTCONST            shift, and go to state 28
    '-'                 shift, and go to state 29
    '*'                 shift, and go to state 30
    '('                 shift, and go to state 31
    '~'                 shift, and go to state 32
    '!'                 shift, and go to state 33

    object_decl   go to state 39
    expr          go to state 190
    slot_acc      go to state 47
    intslot_acc   go to state 48
    stmt_expr     go to state 65
    funcall_expr  go to state 50
    assert_expr   go to state 51


State 121

   97 expr: expr opLE • expr

    rwDECLARE           shift, and go to state 5
    rwDECLARESINGLETON  shift, and go to state 6
    rwBREAK             shift, and go to state 60
    rwASSERT            shift, and go to state 20
    INTCONST            shift, and go to state 21
    TTAG                shift, and go to state 61
    VAR                 shift, and go to state 23
    IDENT               shift, and go to state 24
    STRATOM             shift, and go to state 26
    TAGATOM             shift, and go to state 27
    FLTCONST            shift, and go to state 28
    '-'                 shift, and go to state 29
    '*'                 shift, and go to state 30
    '('                 shift, and go to state 31
    '~'                 shift, and go to state 32
    '!'                 shift, and go to state 33

    object_decl   go to state 39
    expr          go to state 191
    slot_acc      go to state 47
    intslot_acc   go to state 48
    stmt_expr     go to state 65
    funcall_expr  go to state 50
    assert_expr   go to state 51


State 122

  103 expr: expr opAND • expr

    rwDECLARE           shift, and go to state 5
    rwDECLARESINGLETON  shift, and go to state 6
    rwBREAK             shift, and go to state 60
    rwASSERT            shift, and go to state 20
    INTCONST            shift, and go to state 21
    TTAG                shift, and go to state 61
    VAR                 shift, and go to state 23
    IDENT               shift, and go to state 24
    STRATOM             shift, and go to state 26
    TAGATOM             shift, and go to state 27
    FLTCONST            shift, and go to state 28
    '-'                 shift, and go to state 29
    '*'                 shift, and go to state 30
    '('                 shift, and go to state 31
    '~'                 shift, and go to state 32
    '!'                 shift, and go to state 33

    object_decl   go to state 39
    expr          go to state 192
    slot_acc      go to state 47
    intslot_acc   go to state 48
    stmt_expr     go to state 65
    funcall_expr  go to state 50
    assert_expr   go to state 51


State 123

  100 expr: expr opOR • expr

    rwDECLARE           shift, and go to state 5
    rwDECLARESINGLETON  shift, and go to state 6
    rwBREAK             shift, and go to state 60
    rwASSERT            shift, and go to state 20
    INTCONST            shift, and go to state 21
    TTAG                shift, and go to state 61
    VAR                 shift, and go to state 23
    IDENT               shift, and go to state 24
    STRATOM             shift, and go to state 26
    TAGATOM             shift, and go to state 27
    FLTCONST            shift, and go to state 28
    '-'                 shift, and go to state 29
    '*'                 shift, and go to state 30
    '('                 shift, and go to state 31
    '~'                 shift, and go to state 32
    '!'                 shift, and go to state 33

    object_decl   go to state 39
    expr          go to state 193
    slot_acc      go to state 47
    intslot_acc   go to state 48
    stmt_expr     go to state 65
    funcall_expr  go to state 50
    assert_expr   go to state 51


State 124

  104 expr: expr opSTREQ • expr

    rwDECLARE           shift, and go to state 5
    rwDECLARESINGLETON  shift, and go to state 6
    rwBREAK             shift, and go to state 60
    rwASSERT            shift, and go to state 20
    INTCONST            shift, and go to state 21
    TTAG                shift, and go to state 61
    VAR                 shift, and go to state 23
    IDENT               shift, and go to state 24
    STRATOM             shift, and go to state 26
    TAGATOM             shift, and go to state 27
    FLTCONST            shift, and go to state 28
    '-'                 shift, and go to state 29
    '*'                 shift, and go to state 30
    '('                 shift, and go to state 31
    '~'                 shift, and go to state 32
    '!'                 shift, and go to state 33

    object_decl   go to state 39
    expr          go to state 194
    slot_acc      go to state 47
    intslot_acc   go to state 48
    stmt_expr     go to state 65
    funcall_expr  go to state 50
    assert_expr   go to state 51


State 125

  105 expr: expr opSTRNE • expr

    rwDECLARE           shift, and go to state 5
    rwDECLARESINGLETON  shift, and go to state 6
    rwBREAK             shift, and go to state 60
    rwASSERT            shift, and go to state 20
    INTCONST            shift, and go to state 21
    TTAG                shift, and go to state 61
    VAR                 shift, and go to state 23
    IDENT               shift, and go to state 24
    STRATOM             shift, and go to state 26
    TAGATOM             shift, and go to state 27
    FLTCONST            shift, and go to state 28
    '-'                 shift, and go to state 29
    '*'                 shift, and go to state 30
    '('                 shift, and go to state 31
    '~'                 shift, and go to state 32
    '!'                 shift, and go to state 33

    object_decl   go to state 39
    expr          go to state 195
    slot_acc      go to state 47
    intslot_acc   go to state 48
    stmt_expr     go to state 65
    funcall_expr  go to state 50
    assert_expr   go to state 51


State 126

   93 expr: expr '?' • expr ':' expr

    rwDECLARE           shift, and go to state 5
    rwDECLARESINGLETON  shift, and go to state 6
    rwBREAK             shift, and go to state 60
    rwASSERT            shift, and go to state 20
    INTCONST            shift, and go to state 21
    TTAG                shift, and go to state 61
    VAR                 shift, and go to state 23
    IDENT               shift, and go to state 24
    STRATOM             shift, and go to state 26
    TAGATOM             shift, and go to state 27
    FLTCONST            shift, and go to state 28
    '-'                 shift, and go to state 29
    '*'                 shift, and go to state 30
    '('                 shift, and go to state 31
    '~'                 shift, and go to state 32
    '!'                 shift, and go to state 33

    object_decl   go to state 39
    expr          go to state 196
    slot_acc      go to state 47
    intslot_acc   go to state 48
    stmt_expr     go to state 65
    funcall_expr  go to state 50
    assert_expr   go to state 51


State 127

  147 stmt_expr: slot_acc '=' • expr
  148          | slot_acc '=' • '{' expr_list '}'

    rwDECLARE           shift, and go to state 5
    rwDECLARESINGLETON  shift, and go to state 6
    rwBREAK             shift, and go to state 60
    rwASSERT            shift, and go to state 20
    INTCONST            shift, and go to state 21
    TTAG                shift, and go to state 61
    VAR                 shift, and go to state 23
    IDENT               shift, and go to state 24
    STRATOM             shift, and go to state 26
    TAGATOM             shift, and go to state 27
    FLTCONST            shift, and go to state 28
    '-'                 shift, and go to state 29
    '*'                 shift, and go to state 30
    '('                 shift, and go to state 31
    '{'                 shift, and go to state 197
    '~'                 shift, and go to state 32
    '!'                 shift, and go to state 33

    object_decl   go to state 39
    expr          go to state 198
    slot_acc      go to state 47
    intslot_acc   go to state 48
    stmt_expr     go to state 65
    funcall_expr  go to state 50
    assert_expr   go to state 51


State 128

  146 stmt_expr: slot_acc assign_op_struct •

    $default  reduce using rule 146 (stmt_expr)


State 129

   27 fn_decl_stmt: rwDEFINE IDENT '(' • var_list_decl ')' '{' statement_list '}'

    VAR  shift, and go to state 199

    $default  reduce using rule 29 (var_list_decl)

    var_list_decl  go to state 200
    var_list       go to state 201
    param          go to state 202


State 130

   28 fn_decl_stmt: rwDEFINE IDENT opCOLONCOLON • IDENT '(' var_list_decl ')' '{' statement_list '}'

    IDENT  shift, and go to state 203


State 131

   82 expr: expr • '^' expr
   83     | expr • '%' expr
   84     | expr • '&' expr
   85     | expr • '|' expr
   86     | expr • '+' expr
   87     | expr • '-' expr
   88     | expr • '*' expr
   89     | expr • '/' expr
   93     | expr • '?' expr ':' expr
   94     | expr • '<' expr
   95     | expr • '>' expr
   96     | expr • opGE expr
   97     | expr • opLE expr
   98     | expr • opEQ expr
   99     | expr • opNE expr
  100     | expr • opOR expr
  101     | expr • opSHL expr
  102     | expr • opSHR expr
  103     | expr • opAND expr
  104     | expr • opSTREQ expr
  105     | expr • opSTRNE expr
  106     | expr • '@' expr
  119 slot_acc: expr • '.' IDENT
  120         | expr • '.' IDENT '[' aidx_expr ']'
  121 intslot_acc: expr • opINTNAME class_name_expr
  122            | expr • opINTNAMER class_name_expr
  124 class_name_expr: '(' expr • ')'
  151 funcall_expr: expr • '.' IDENT '(' func_arg_list_decl ')'

    '+'         shift, and go to state 102
    '-'         shift, and go to state 103
    '*'         shift, and go to state 104
    '/'         shift, and go to state 105
    '<'         shift, and go to state 106
    '>'         shift, and go to state 107
    '.'         shift, and go to state 108
    '|'         shift, and go to state 109
    '&'         shift, and go to state 110
    '%'         shift, and go to state 111
    ')'         shift, and go to state 204
    '^'         shift, and go to state 112
    '@'         shift, and go to state 113
    opINTNAME   shift, and go to state 114
    opINTNAMER  shift, and go to state 115
    opSHL       shift, and go to state 116
    opSHR       shift, and go to state 117
    opEQ        shift, and go to state 118
    opNE        shift, and go to state 119
    opGE        shift, and go to state 120
    opLE        shift, and go to state 121
    opAND       shift, and go to state 122
    opOR        shift, and go to state 123
    opSTREQ     shift, and go to state 124
    opSTRNE     shift, and go to state 125
    '?'         shift, and go to state 126


State 132

   38 object_decl: rwDECLARE class_name_expr '(' • object_name parent_block object_args ')' '{' object_declare_block '}'
   39            | rwDECLARE class_name_expr '(' • object_name parent_block object_args ')'
   40            | rwDECLARE class_name_expr '(' • '[' object_name ']' parent_block object_args ')' '{' object_declare_block '}'
   41            | rwDECLARE class_name_expr '(' • '[' object_name ']' parent_block object_args ')'

    rwDECLARE           shift, and go to state 5
    rwDECLARESINGLETON  shift, and go to state 6
    rwBREAK             shift, and go to state 60
    rwASSERT            shift, and go to state 20
    INTCONST            shift, and go to state 21
    TTAG                shift, and go to state 61
    VAR                 shift, and go to state 23
    IDENT               shift, and go to state 24
    STRATOM             shift, and go to state 26
    TAGATOM             shift, and go to state 27
    FLTCONST            shift, and go to state 28
    '-'                 shift, and go to state 29
    '*'                 shift, and go to state 30
    '('                 shift, and go to state 31
    '~'                 shift, and go to state 32
    '!'                 shift, and go to state 33
    '['                 shift, and go to state 205

    $default  reduce using rule 46 (object_name)

    object_decl   go to state 39
    object_name   go to state 206
    expr          go to state 207
    slot_acc      go to state 47
    intslot_acc   go to state 48
    stmt_expr     go to state 65
    funcall_expr  go to state 50
    assert_expr   go to state 51


State 133

   42 object_decl: rwDECLARESINGLETON class_name_expr '(' • object_name parent_block object_args ')' '{' object_declare_block '}'
   43            | rwDECLARESINGLETON class_name_expr '(' • object_name parent_block object_args ')'

    rwDECLARE           shift, and go to state 5
    rwDECLARESINGLETON  shift, and go to state 6
    rwBREAK             shift, and go to state 60
    rwASSERT            shift, and go to state 20
    INTCONST            shift, and go to state 21
    TTAG                shift, and go to state 61
    VAR                 shift, and go to state 23
    IDENT               shift, and go to state 24
    STRATOM             shift, and go to state 26
    TAGATOM             shift, and go to state 27
    FLTCONST            shift, and go to state 28
    '-'                 shift, and go to state 29
    '*'                 shift, and go to state 30
    '('                 shift, and go to state 31
    '~'                 shift, and go to state 32
    '!'                 shift, and go to state 33

    $default  reduce using rule 46 (object_name)

    object_decl   go to state 39
    object_name   go to state 208
    expr          go to state 207
    slot_acc      go to state 47
    intslot_acc   go to state 48
    stmt_expr     go to state 65
    funcall_expr  go to state 50
    assert_expr   go to state 51


State 134

   65 if_stmt: rwIF '(' expr • ')' stmt_block
   66        | rwIF '(' expr • ')' stmt_block rwELSE stmt_block
   82 expr: expr • '^' expr
   83     | expr • '%' expr
   84     | expr • '&' expr
   85     | expr • '|' expr
   86     | expr • '+' expr
   87     | expr • '-' expr
   88     | expr • '*' expr
   89     | expr • '/' expr
   93     | expr • '?' expr ':' expr
   94     | expr • '<' expr
   95     | expr • '>' expr
   96     | expr • opGE expr
   97     | expr • opLE expr
   98     | expr • opEQ expr
   99     | expr • opNE expr
  100     | expr • opOR expr
  101     | expr • opSHL expr
  102     | expr • opSHR expr
  103     | expr • opAND expr
  104     | expr • opSTREQ expr
  105     | expr • opSTRNE expr
  106     | expr • '@' expr
  119 slot_acc: expr • '.' IDENT
  120         | expr • '.' IDENT '[' aidx_expr ']'
  121 intslot_acc: expr • opINTNAME class_name_expr
  122            | expr • opINTNAMER class_name_expr
  151 funcall_expr: expr • '.' IDENT '(' func_arg_list_decl ')'

    '+'         shift, and go to state 102
    '-'         shift, and go to state 103
    '*'         shift, and go to state 104
    '/'         shift, and go to state 105
    '<'         shift, and go to state 106
    '>'         shift, and go to state 107
    '.'         shift, and go to state 108
    '|'         shift, and go to state 109
    '&'         shift, and go to state 110
    '%'         shift, and go to state 111
    ')'         shift, and go to state 209
    '^'         shift, and go to state 112
    '@'         shift, and go to state 113
    opINTNAME   shift, and go to state 114
    opINTNAMER  shift, and go to state 115
    opSHL       shift, and go to state 116
    opSHR       shift, and go to state 117
    opEQ        shift, and go to state 118
    opNE        shift, and go to state 119
    opGE        shift, and go to state 120
    opLE        shift, and go to state 121
    opAND       shift, and go to state 122
    opOR        shift, and go to state 123
    opSTREQ     shift, and go to state 124
    opSTRNE     shift, and go to state 125
    '?'         shift, and go to state 126


State 135

   82 expr: expr • '^' expr
   83     | expr • '%' expr
   84     | expr • '&' expr
   85     | expr • '|' expr
   86     | expr • '+' expr
   87     | expr • '-' expr
   88     | expr • '*' expr
   89     | expr • '/' expr
   93     | expr • '?' expr ':' expr
   94     | expr • '<' expr
   95     | expr • '>' expr
   96     | expr • opGE expr
   97     | expr • opLE expr
   98     | expr • opEQ expr
   99     | expr • opNE expr
  100     | expr • opOR expr
  101     | expr • opSHL expr
  102     | expr • opSHR expr
  103     | expr • opAND expr
  104     | expr • opSTREQ expr
  105     | expr • opSTRNE expr
  106     | expr • '@' expr
  119 slot_acc: expr • '.' IDENT
  120         | expr • '.' IDENT '[' aidx_expr ']'
  121 intslot_acc: expr • opINTNAME class_name_expr
  122            | expr • opINTNAMER class_name_expr
  151 funcall_expr: expr • '.' IDENT '(' func_arg_list_decl ')'
  160 expr_list: expr •

    '+'         shift, and go to state 102
    '-'         shift, and go to state 103
    '*'         shift, and go to state 104
    '/'         shift, and go to state 105
    '<'         shift, and go to state 106
    '>'         shift, and go to state 107
    '.'         shift, and go to state 108
    '|'         shift, and go to state 109
    '&'         shift, and go to state 110
    '%'         shift, and go to state 111
    '^'         shift, and go to state 112
    '@'         shift, and go to state 113
    opINTNAME   shift, and go to state 114
    opINTNAMER  shift, and go to state 115
    opSHL       shift, and go to state 116
    opSHR       shift, and go to state 117
    opEQ        shift, and go to state 118
    opNE        shift, and go to state 119
    opGE        shift, and go to state 120
    opLE        shift, and go to state 121
    opAND       shift, and go to state 122
    opOR        shift, and go to state 123
    opSTREQ     shift, and go to state 124
    opSTRNE     shift, and go to state 125
    '?'         shift, and go to state 126

    $default  reduce using rule 160 (expr_list)


State 136

   22 stmt: rwRETURN '{' expr_list • '}' ';'
  161 expr_list: expr_list • ',' expr

    ','  shift, and go to state 210
    '}'  shift, and go to state 211


State 137

   21 stmt: rwRETURN expr ';' •

    $default  reduce using rule 21 (stmt)


State 138

   67 while_stmt: rwWHILE '(' expr • ')' stmt_block
   82 expr: expr • '^' expr
   83     | expr • '%' expr
   84     | expr • '&' expr
   85     | expr • '|' expr
   86     | expr • '+' expr
   87     | expr • '-' expr
   88     | expr • '*' expr
   89     | expr • '/' expr
   93     | expr • '?' expr ':' expr
   94     | expr • '<' expr
   95     | expr • '>' expr
   96     | expr • opGE expr
   97     | expr • opLE expr
   98     | expr • opEQ expr
   99     | expr • opNE expr
  100     | expr • opOR expr
  101     | expr • opSHL expr
  102     | expr • opSHR expr
  103     | expr • opAND expr
  104     | expr • opSTREQ expr
  105     | expr • opSTRNE expr
  106     | expr • '@' expr
  119 slot_acc: expr • '.' IDENT
  120         | expr • '.' IDENT '[' aidx_expr ']'
  121 intslot_acc: expr • opINTNAME class_name_expr
  122            | expr • opINTNAMER class_name_expr
  151 funcall_expr: expr • '.' IDENT '(' func_arg_list_decl ')'

    '+'         shift, and go to state 102
    '-'         shift, and go to state 103
    '*'         shift, and go to state 104
    '/'         shift, and go to state 105
    '<'         shift, and go to state 106
    '>'         shift, and go to state 107
    '.'         shift, and go to state 108
    '|'         shift, and go to state 109
    '&'         shift, and go to state 110
    '%'         shift, and go to state 111
    ')'         shift, and go to state 212
    '^'         shift, and go to state 112
    '@'         shift, and go to state 113
    opINTNAME   shift, and go to state 114
    opINTNAMER  shift, and go to state 115
    opSHL       shift, and go to state 116
    opSHR       shift, and go to state 117
    opEQ        shift, and go to state 118
    opNE        shift, and go to state 119
    opGE        shift, and go to state 120
    opLE        shift, and go to state 121
    opAND       shift, and go to state 122
    opOR        shift, and go to state 123
    opSTREQ     shift, and go to state 124
    opSTRNE     shift, and go to state 125
    '?'         shift, and go to state 126


State 139

   11 statement_list: statement_list • stmt
   56 stmt_block: '{' statement_list • '}'

    rwDECLARE           shift, and go to state 5
    rwDECLARESINGLETON  shift, and go to state 6
    rwBREAK             shift, and go to state 7
    rwCONTINUE          shift, and go to state 8
    rwIF                shift, and go to state 9
    rwRETURN            shift, and go to state 10
    rwWHILE             shift, and go to state 11
    rwDO                shift, and go to state 12
    rwFOR               shift, and go to state 13
    rwFOREACH           shift, and go to state 14
    rwFOREACHSTR        shift, and go to state 15
    rwDATABLOCK         shift, and go to state 16
    rwSWITCH            shift, and go to state 17
    rwSWITCHSTR         shift, and go to state 18
    rwASSERT            shift, and go to state 20
    INTCONST            shift, and go to state 21
    TTAG                shift, and go to state 22
    VAR                 shift, and go to state 23
    IDENT               shift, and go to state 24
    DOCBLOCK            shift, and go to state 25
    STRATOM             shift, and go to state 26
    TAGATOM             shift, and go to state 27
    FLTCONST            shift, and go to state 28
    '-'                 shift, and go to state 29
    '*'                 shift, and go to state 30
    '('                 shift, and go to state 31
    '}'                 shift, and go to state 213
    '~'                 shift, and go to state 32
    '!'                 shift, and go to state 33

    stmt             go to state 214
    datablock_decl   go to state 38
    object_decl      go to state 39
    switch_stmt      go to state 40
    if_stmt          go to state 41
    while_stmt       go to state 42
    for_stmt         go to state 43
    foreach_stmt     go to state 44
    expression_stmt  go to state 45
    expr             go to state 46
    slot_acc         go to state 47
    intslot_acc      go to state 48
    stmt_expr        go to state 49
    funcall_expr     go to state 50
    assert_expr      go to state 51


State 140

   68 while_stmt: rwDO stmt_block rwWHILE • '(' expr ')'

    '('  shift, and go to state 215


State 141

   73 for_stmt: rwFOR '(' ';' • expr ';' expr ')' stmt_block
   74         | rwFOR '(' ';' • expr ';' ')' stmt_block
   75         | rwFOR '(' ';' • ';' expr ')' stmt_block
   76         | rwFOR '(' ';' • ';' ')' stmt_block

    rwDECLARE           shift, and go to state 5
    rwDECLARESINGLETON  shift, and go to state 6
    rwBREAK             shift, and go to state 60
    rwASSERT            shift, and go to state 20
    INTCONST            shift, and go to state 21
    TTAG                shift, and go to state 61
    VAR                 shift, and go to state 23
    IDENT               shift, and go to state 24
    STRATOM             shift, and go to state 26
    TAGATOM             shift, and go to state 27
    FLTCONST            shift, and go to state 28
    '-'                 shift, and go to state 29
    '*'                 shift, and go to state 30
    '('                 shift, and go to state 31
    ';'                 shift, and go to state 216
    '~'                 shift, and go to state 32
    '!'                 shift, and go to state 33

    object_decl   go to state 39
    expr          go to state 217
    slot_acc      go to state 47
    intslot_acc   go to state 48
    stmt_expr     go to state 65
    funcall_expr  go to state 50
    assert_expr   go to state 51


State 142

   69 for_stmt: rwFOR '(' expr • ';' expr ';' expr ')' stmt_block
   70         | rwFOR '(' expr • ';' expr ';' ')' stmt_block
   71         | rwFOR '(' expr • ';' ';' expr ')' stmt_block
   72         | rwFOR '(' expr • ';' ';' ')' stmt_block
   82 expr: expr • '^' expr
   83     | expr • '%' expr
   84     | expr • '&' expr
   85     | expr • '|' expr
   86     | expr • '+' expr
   87     | expr • '-' expr
   88     | expr • '*' expr
   89     | expr • '/' expr
   93     | expr • '?' expr ':' expr
   94     | expr • '<' expr
   95     | expr • '>' expr
   96     | expr • opGE expr
   97     | expr • opLE expr
   98     | expr • opEQ expr
   99     | expr • opNE expr
  100     | expr • opOR expr
  101     | expr • opSHL expr
  102     | expr • opSHR expr
  103     | expr • opAND expr
  104     | expr • opSTREQ expr
  105     | expr • opSTRNE expr
  106     | expr • '@' expr
  119 slot_acc: expr • '.' IDENT
  120         | expr • '.' IDENT '[' aidx_expr ']'
  121 intslot_acc: expr • opINTNAME class_name_expr
  122            | expr • opINTNAMER class_name_expr
  151 funcall_expr: expr • '.' IDENT '(' func_arg_list_decl ')'

    '+'         shift, and go to state 102
    '-'         shift, and go to state 103
    '*'         shift, and go to state 104
    '/'         shift, and go to state 105
    '<'         shift, and go to state 106
    '>'         shift, and go to state 107
    '.'         shift, and go to state 108
    '|'         shift, and go to state 109
    '&'         shift, and go to state 110
    '%'         shift, and go to state 111
    ';'         shift, and go to state 218
    '^'         shift, and go to state 112
    '@'         shift, and go to state 113
    opINTNAME   shift, and go to state 114
    opINTNAMER  shift, and go to state 115
    opSHL       shift, and go to state 116
    opSHR       shift, and go to state 117
    opEQ        shift, and go to state 118
    opNE        shift, and go to state 119
    opGE        shift, and go to state 120
    opLE        shift, and go to state 121
    opAND       shift, and go to state 122
    opOR        shift, and go to state 123
    opSTREQ     shift, and go to state 124
    opSTRNE     shift, and go to state 125
    '?'         shift, and go to state 126


State 143

   77 foreach_stmt: rwFOREACH '(' VAR • rwIN expr ')' stmt_block

    rwIN  shift, and go to state 219


State 144

   78 foreach_stmt: rwFOREACHSTR '(' VAR • rwIN expr ')' stmt_block

    rwIN  shift, and go to state 220


State 145

   37 datablock_decl: rwDATABLOCK class_name_expr '(' • expr parent_block ')' '{' slot_assign_list_opt '}' ';'

    rwDECLARE           shift, and go to state 5
    rwDECLARESINGLETON  shift, and go to state 6
    rwBREAK             shift, and go to state 60
    rwASSERT            shift, and go to state 20
    INTCONST            shift, and go to state 21
    TTAG                shift, and go to state 61
    VAR                 shift, and go to state 23
    IDENT               shift, and go to state 24
    STRATOM             shift, and go to state 26
    TAGATOM             shift, and go to state 27
    FLTCONST            shift, and go to state 28
    '-'                 shift, and go to state 29
    '*'                 shift, and go to state 30
    '('                 shift, and go to state 31
    '~'                 shift, and go to state 32
    '!'                 shift, and go to state 33

    object_decl   go to state 39
    expr          go to state 221
    slot_acc      go to state 47
    intslot_acc   go to state 48
    stmt_expr     go to state 65
    funcall_expr  go to state 50
    assert_expr   go to state 51


State 146

   58 switch_stmt: rwSWITCH '(' expr • ')' '{' case_block '}'
   82 expr: expr • '^' expr
   83     | expr • '%' expr
   84     | expr • '&' expr
   85     | expr • '|' expr
   86     | expr • '+' expr
   87     | expr • '-' expr
   88     | expr • '*' expr
   89     | expr • '/' expr
   93     | expr • '?' expr ':' expr
   94     | expr • '<' expr
   95     | expr • '>' expr
   96     | expr • opGE expr
   97     | expr • opLE expr
   98     | expr • opEQ expr
   99     | expr • opNE expr
  100     | expr • opOR expr
  101     | expr • opSHL expr
  102     | expr • opSHR expr
  103     | expr • opAND expr
  104     | expr • opSTREQ expr
  105     | expr • opSTRNE expr
  106     | expr • '@' expr
  119 slot_acc: expr • '.' IDENT
  120         | expr • '.' IDENT '[' aidx_expr ']'
  121 intslot_acc: expr • opINTNAME class_name_expr
  122            | expr • opINTNAMER class_name_expr
  151 funcall_expr: expr • '.' IDENT '(' func_arg_list_decl ')'

    '+'         shift, and go to state 102
    '-'         shift, and go to state 103
    '*'         shift, and go to state 104
    '/'         shift, and go to state 105
    '<'         shift, and go to state 106
    '>'         shift, and go to state 107
    '.'         shift, and go to state 108
    '|'         shift, and go to state 109
    '&'         shift, and go to state 110
    '%'         shift, and go to state 111
    ')'         shift, and go to state 222
    '^'         shift, and go to state 112
    '@'         shift, and go to state 113
    opINTNAME   shift, and go to state 114
    opINTNAMER  shift, and go to state 115
    opSHL       shift, and go to state 116
    opSHR       shift, and go to state 117
    opEQ        shift, and go to state 118
    opNE        shift, and go to state 119
    opGE        shift, and go to state 120
    opLE        shift, and go to state 121
    opAND       shift, and go to state 122
    opOR        shift, and go to state 123
    opSTREQ     shift, and go to state 124
    opSTRNE     shift, and go to state 125
    '?'         shift, and go to state 126


State 147

   59 switch_stmt: rwSWITCHSTR '(' expr • ')' '{' case_block '}'
   82 expr: expr • '^' expr
   83     | expr • '%' expr
   84     | expr • '&' expr
   85     | expr • '|' expr
   86     | expr • '+' expr
   87     | expr • '-' expr
   88     | expr • '*' expr
   89     | expr • '/' expr
   93     | expr • '?' expr ':' expr
   94     | expr • '<' expr
   95     | expr • '>' expr
   96     | expr • opGE expr
   97     | expr • opLE expr
   98     | expr • opEQ expr
   99     | expr • opNE expr
  100     | expr • opOR expr
  101     | expr • opSHL expr
  102     | expr • opSHR expr
  103     | expr • opAND expr
  104     | expr • opSTREQ expr
  105     | expr • opSTRNE expr
  106     | expr • '@' expr
  119 slot_acc: expr • '.' IDENT
  120         | expr • '.' IDENT '[' aidx_expr ']'
  121 intslot_acc: expr • opINTNAME class_name_expr
  122            | expr • opINTNAMER class_name_expr
  151 funcall_expr: expr • '.' IDENT '(' func_arg_list_decl ')'

    '+'         shift, and go to state 102
    '-'         shift, and go to state 103
    '*'         shift, and go to state 104
    '/'         shift, and go to state 105
    '<'         shift, and go to state 106
    '>'         shift, and go to state 107
    '.'         shift, and go to state 108
    '|'         shift, and go to state 109
    '&'         shift, and go to state 110
    '%'         shift, and go to state 111
    ')'         shift, and go to state 223
    '^'         shift, and go to state 112
    '@'         shift, and go to state 113
    opINTNAME   shift, and go to state 114
    opINTNAMER  shift, and go to state 115
    opSHL       shift, and go to state 116
    opSHR       shift, and go to state 117
    opEQ        shift, and go to state 118
    opNE        shift, and go to state 119
    opGE        shift, and go to state 120
    opLE        shift, and go to state 121
    opAND       shift, and go to state 122
    opOR        shift, and go to state 123
    opSTREQ     shift, and go to state 124
    opSTRNE     shift, and go to state 125
    '?'         shift, and go to state 126


State 148

    7 package_decl: rwPACKAGE IDENT '{' • fn_decl_list '}' ';'

    rwDEFINE  shift, and go to state 4

    fn_decl_list  go to state 224
    fn_decl_stmt  go to state 225


State 149

   82 expr: expr • '^' expr
   83     | expr • '%' expr
   84     | expr • '&' expr
   85     | expr • '|' expr
   86     | expr • '+' expr
   87     | expr • '-' expr
   88     | expr • '*' expr
   89     | expr • '/' expr
   93     | expr • '?' expr ':' expr
   94     | expr • '<' expr
   95     | expr • '>' expr
   96     | expr • opGE expr
   97     | expr • opLE expr
   98     | expr • opEQ expr
   99     | expr • opNE expr
  100     | expr • opOR expr
  101     | expr • opSHL expr
  102     | expr • opSHR expr
  103     | expr • opAND expr
  104     | expr • opSTREQ expr
  105     | expr • opSTRNE expr
  106     | expr • '@' expr
  119 slot_acc: expr • '.' IDENT
  120         | expr • '.' IDENT '[' aidx_expr ']'
  121 intslot_acc: expr • opINTNAME class_name_expr
  122            | expr • opINTNAMER class_name_expr
  151 funcall_expr: expr • '.' IDENT '(' func_arg_list_decl ')'
  158 assert_expr: rwASSERT '(' expr • ')'
  159            | rwASSERT '(' expr • ',' STRATOM ')'

    '+'         shift, and go to state 102
    '-'         shift, and go to state 103
    '*'         shift, and go to state 104
    '/'         shift, and go to state 105
    '<'         shift, and go to state 106
    '>'         shift, and go to state 107
    '.'         shift, and go to state 108
    '|'         shift, and go to state 109
    '&'         shift, and go to state 110
    '%'         shift, and go to state 111
    ')'         shift, and go to state 226
    ','         shift, and go to state 227
    '^'         shift, and go to state 112
    '@'         shift, and go to state 113
    opINTNAME   shift, and go to state 114
    opINTNAMER  shift, and go to state 115
    opSHL       shift, and go to state 116
    opSHR       shift, and go to state 117
    opEQ        shift, and go to state 118
    opNE        shift, and go to state 119
    opGE        shift, and go to state 120
    opLE        shift, and go to state 121
    opAND       shift, and go to state 122
    opOR        shift, and go to state 123
    opSTREQ     shift, and go to state 124
    opSTRNE     shift, and go to state 125
    '?'         shift, and go to state 126


State 150

   24 stmt: TTAG '=' expr • ';'
   25     | TTAG '=' expr • ',' expr ';'
   82 expr: expr • '^' expr
   83     | expr • '%' expr
   84     | expr • '&' expr
   85     | expr • '|' expr
   86     | expr • '+' expr
   87     | expr • '-' expr
   88     | expr • '*' expr
   89     | expr • '/' expr
   93     | expr • '?' expr ':' expr
   94     | expr • '<' expr
   95     | expr • '>' expr
   96     | expr • opGE expr
   97     | expr • opLE expr
   98     | expr • opEQ expr
   99     | expr • opNE expr
  100     | expr • opOR expr
  101     | expr • opSHL expr
  102     | expr • opSHR expr
  103     | expr • opAND expr
  104     | expr • opSTREQ expr
  105     | expr • opSTRNE expr
  106     | expr • '@' expr
  119 slot_acc: expr • '.' IDENT
  120         | expr • '.' IDENT '[' aidx_expr ']'
  121 intslot_acc: expr • opINTNAME class_name_expr
  122            | expr • opINTNAMER class_name_expr
  151 funcall_expr: expr • '.' IDENT '(' func_arg_list_decl ')'

    '+'         shift, and go to state 102
    '-'         shift, and go to state 103
    '*'         shift, and go to state 104
    '/'         shift, and go to state 105
    '<'         shift, and go to state 106
    '>'         shift, and go to state 107
    '.'         shift, and go to state 108
    '|'         shift, and go to state 109
    '&'         shift, and go to state 110
    '%'         shift, and go to state 111
    ','         shift, and go to state 228
    ';'         shift, and go to state 229
    '^'         shift, and go to state 112
    '@'         shift, and go to state 113
    opINTNAME   shift, and go to state 114
    opINTNAMER  shift, and go to state 115
    opSHL       shift, and go to state 116
    opSHR       shift, and go to state 117
    opEQ        shift, and go to state 118
    opNE        shift, and go to state 119
    opGE        shift, and go to state 120
    opLE        shift, and go to state 121
    opAND       shift, and go to state 122
    opOR        shift, and go to state 123
    opSTREQ     shift, and go to state 124
    opSTRNE     shift, and go to state 125
    '?'         shift, and go to state 126


State 151

  141 stmt_expr: VAR '=' '{' • expr_list '}'

    rwDECLARE           shift, and go to state 5
    rwDECLARESINGLETON  shift, and go to state 6
    rwBREAK             shift, and go to state 60
    rwASSERT            shift, and go to state 20
    INTCONST            shift, and go to state 21
    TTAG                shift, and go to state 61
    VAR                 shift, and go to state 23
    IDENT               shift, and go to state 24
    STRATOM             shift, and go to state 26
    TAGATOM             shift, and go to state 27
    FLTCONST            shift, and go to state 28
    '-'                 shift, and go to state 29
    '*'                 shift, and go to state 30
    '('                 shift, and go to state 31
    '~'                 shift, and go to state 32
    '!'                 shift, and go to state 33

    object_decl   go to state 39
    expr          go to state 135
    slot_acc      go to state 47
    intslot_acc   go to state 48
    stmt_expr     go to state 65
    funcall_expr  go to state 50
    assert_expr   go to state 51
    expr_list     go to state 230


State 152

   82 expr: expr • '^' expr
   83     | expr • '%' expr
   84     | expr • '&' expr
   85     | expr • '|' expr
   86     | expr • '+' expr
   87     | expr • '-' expr
   88     | expr • '*' expr
   89     | expr • '/' expr
   93     | expr • '?' expr ':' expr
   94     | expr • '<' expr
   95     | expr • '>' expr
   96     | expr • opGE expr
   97     | expr • opLE expr
   98     | expr • opEQ expr
   99     | expr • opNE expr
  100     | expr • opOR expr
  101     | expr • opSHL expr
  102     | expr • opSHR expr
  103     | expr • opAND expr
  104     | expr • opSTREQ expr
  105     | expr • opSTRNE expr
  106     | expr • '@' expr
  119 slot_acc: expr • '.' IDENT
  120         | expr • '.' IDENT '[' aidx_expr ']'
  121 intslot_acc: expr • opINTNAME class_name_expr
  122            | expr • opINTNAMER class_name_expr
  140 stmt_expr: VAR '=' expr •
  151 funcall_expr: expr • '.' IDENT '(' func_arg_list_decl ')'

    '+'         shift, and go to state 102
    '-'         shift, and go to state 103
    '*'         shift, and go to state 104
    '/'         shift, and go to state 105
    '<'         shift, and go to state 106
    '>'         shift, and go to state 107
    '.'         shift, and go to state 108
    '|'         shift, and go to state 109
    '&'         shift, and go to state 110
    '%'         shift, and go to state 111
    '^'         shift, and go to state 112
    '@'         shift, and go to state 113
    opINTNAME   shift, and go to state 114
    opINTNAMER  shift, and go to state 115
    opSHL       shift, and go to state 116
    opSHR       shift, and go to state 117
    opEQ        shift, and go to state 118
    opNE        shift, and go to state 119
    opGE        shift, and go to state 120
    opLE        shift, and go to state 121
    opAND       shift, and go to state 122
    opOR        shift, and go to state 123
    opSTREQ     shift, and go to state 124
    opSTRNE     shift, and go to state 125
    '?'         shift, and go to state 126

    $default  reduce using rule 140 (stmt_expr)


State 153

   82 expr: expr • '^' expr
   83     | expr • '%' expr
   84     | expr • '&' expr
   85     | expr • '|' expr
   86     | expr • '+' expr
   87     | expr • '-' expr
   88     | expr • '*' expr
   89     | expr • '/' expr
   93     | expr • '?' expr ':' expr
   94     | expr • '<' expr
   95     | expr • '>' expr
   96     | expr • opGE expr
   97     | expr • opLE expr
   98     | expr • opEQ expr
   99     | expr • opNE expr
  100     | expr • opOR expr
  101     | expr • opSHL expr
  102     | expr • opSHR expr
  103     | expr • opAND expr
  104     | expr • opSTREQ expr
  105     | expr • opSTRNE expr
  106     | expr • '@' expr
  119 slot_acc: expr • '.' IDENT
  120         | expr • '.' IDENT '[' aidx_expr ']'
  121 intslot_acc: expr • opINTNAME class_name_expr
  122            | expr • opINTNAMER class_name_expr
  127 assign_op_struct: opPLASN expr •
  151 funcall_expr: expr • '.' IDENT '(' func_arg_list_decl ')'

    '+'         shift, and go to state 102
    '-'         shift, and go to state 103
    '*'         shift, and go to state 104
    '/'         shift, and go to state 105
    '<'         shift, and go to state 106
    '>'         shift, and go to state 107
    '.'         shift, and go to state 108
    '|'         shift, and go to state 109
    '&'         shift, and go to state 110
    '%'         shift, and go to state 111
    '^'         shift, and go to state 112
    '@'         shift, and go to state 113
    opINTNAME   shift, and go to state 114
    opINTNAMER  shift, and go to state 115
    opSHL       shift, and go to state 116
    opSHR       shift, and go to state 117
    opEQ        shift, and go to state 118
    opNE        shift, and go to state 119
    opGE        shift, and go to state 120
    opLE        shift, and go to state 121
    opAND       shift, and go to state 122
    opOR        shift, and go to state 123
    opSTREQ     shift, and go to state 124
    opSTRNE     shift, and go to state 125
    '?'         shift, and go to state 126

    $default  reduce using rule 127 (assign_op_struct)


State 154

   82 expr: expr • '^' expr
   83     | expr • '%' expr
   84     | expr • '&' expr
   85     | expr • '|' expr
   86     | expr • '+' expr
   87     | expr • '-' expr
   88     | expr • '*' expr
   89     | expr • '/' expr
   93     | expr • '?' expr ':' expr
   94     | expr • '<' expr
   95     | expr • '>' expr
   96     | expr • opGE expr
   97     | expr • opLE expr
   98     | expr • opEQ expr
   99     | expr • opNE expr
  100     | expr • opOR expr
  101     | expr • opSHL expr
  102     | expr • opSHR expr
  103     | expr • opAND expr
  104     | expr • opSTREQ expr
  105     | expr • opSTRNE expr
  106     | expr • '@' expr
  119 slot_acc: expr • '.' IDENT
  120         | expr • '.' IDENT '[' aidx_expr ']'
  121 intslot_acc: expr • opINTNAME class_name_expr
  122            | expr • opINTNAMER class_name_expr
  128 assign_op_struct: opMIASN expr •
  151 funcall_expr: expr • '.' IDENT '(' func_arg_list_decl ')'

    '+'         shift, and go to state 102
    '-'         shift, and go to state 103
    '*'         shift, and go to state 104
    '/'         shift, and go to state 105
    '<'         shift, and go to state 106
    '>'         shift, and go to state 107
    '.'         shift, and go to state 108
    '|'         shift, and go to state 109
    '&'         shift, and go to state 110
    '%'         shift, and go to state 111
    '^'         shift, and go to state 112
    '@'         shift, and go to state 113
    opINTNAME   shift, and go to state 114
    opINTNAMER  shift, and go to state 115
    opSHL       shift, and go to state 116
    opSHR       shift, and go to state 117
    opEQ        shift, and go to state 118
    opNE        shift, and go to state 119
    opGE        shift, and go to state 120
    opLE        shift, and go to state 121
    opAND       shift, and go to state 122
    opOR        shift, and go to state 123
    opSTREQ     shift, and go to state 124
    opSTRNE     shift, and go to state 125
    '?'         shift, and go to state 126

    $default  reduce using rule 128 (assign_op_struct)


State 155

   82 expr: expr • '^' expr
   83     | expr • '%' expr
   84     | expr • '&' expr
   85     | expr • '|' expr
   86     | expr • '+' expr
   87     | expr • '-' expr
   88     | expr • '*' expr
   89     | expr • '/' expr
   93     | expr • '?' expr ':' expr
   94     | expr • '<' expr
   95     | expr • '>' expr
   96     | expr • opGE expr
   97     | expr • opLE expr
   98     | expr • opEQ expr
   99     | expr • opNE expr
  100     | expr • opOR expr
  101     | expr • opSHL expr
  102     | expr • opSHR expr
  103     | expr • opAND expr
  104     | expr • opSTREQ expr
  105     | expr • opSTRNE expr
  106     | expr • '@' expr
  119 slot_acc: expr • '.' IDENT
  120         | expr • '.' IDENT '[' aidx_expr ']'
  121 intslot_acc: expr • opINTNAME class_name_expr
  122            | expr • opINTNAMER class_name_expr
  129 assign_op_struct: opMLASN expr •
  151 funcall_expr: expr • '.' IDENT '(' func_arg_list_decl ')'

    '+'         shift, and go to state 102
    '-'         shift, and go to state 103
    '*'         shift, and go to state 104
    '/'         shift, and go to state 105
    '<'         shift, and go to state 106
    '>'         shift, and go to state 107
    '.'         shift, and go to state 108
    '|'         shift, and go to state 109
    '&'         shift, and go to state 110
    '%'         shift, and go to state 111
    '^'         shift, and go to state 112
    '@'         shift, and go to state 113
    opINTNAME   shift, and go to state 114
    opINTNAMER  shift, and go to state 115
    opSHL       shift, and go to state 116
    opSHR       shift, and go to state 117
    opEQ        shift, and go to state 118
    opNE        shift, and go to state 119
    opGE        shift, and go to state 120
    opLE        shift, and go to state 121
    opAND       shift, and go to state 122
    opOR        shift, and go to state 123
    opSTREQ     shift, and go to state 124
    opSTRNE     shift, and go to state 125
    '?'         shift, and go to state 126

    $default  reduce using rule 129 (assign_op_struct)


State 156

   82 expr: expr • '^' expr
   83     | expr • '%' expr
   84     | expr • '&' expr
   85     | expr • '|' expr
   86     | expr • '+' expr
   87     | expr • '-' expr
   88     | expr • '*' expr
   89     | expr • '/' expr
   93     | expr • '?' expr ':' expr
   94     | expr • '<' expr
   95     | expr • '>' expr
   96     | expr • opGE expr
   97     | expr • opLE expr
   98     | expr • opEQ expr
   99     | expr • opNE expr
  100     | expr • opOR expr
  101     | expr • opSHL expr
  102     | expr • opSHR expr
  103     | expr • opAND expr
  104     | expr • opSTREQ expr
  105     | expr • opSTRNE expr
  106     | expr • '@' expr
  119 slot_acc: expr • '.' IDENT
  120         | expr • '.' IDENT '[' aidx_expr ']'
  121 intslot_acc: expr • opINTNAME class_name_expr
  122            | expr • opINTNAMER class_name_expr
  130 assign_op_struct: opDVASN expr •
  151 funcall_expr: expr • '.' IDENT '(' func_arg_list_decl ')'

    '+'         shift, and go to state 102
    '-'         shift, and go to state 103
    '*'         shift, and go to state 104
    '/'         shift, and go to state 105
    '<'         shift, and go to state 106
    '>'         shift, and go to state 107
    '.'         shift, and go to state 108
    '|'         shift, and go to state 109
    '&'         shift, and go to state 110
    '%'         shift, and go to state 111
    '^'         shift, and go to state 112
    '@'         shift, and go to state 113
    opINTNAME   shift, and go to state 114
    opINTNAMER  shift, and go to state 115
    opSHL       shift, and go to state 116
    opSHR       shift, and go to state 117
    opEQ        shift, and go to state 118
    opNE        shift, and go to state 119
    opGE        shift, and go to state 120
    opLE        shift, and go to state 121
    opAND       shift, and go to state 122
    opOR        shift, and go to state 123
    opSTREQ     shift, and go to state 124
    opSTRNE     shift, and go to state 125
    '?'         shift, and go to state 126

    $default  reduce using rule 130 (assign_op_struct)


State 157

   82 expr: expr • '^' expr
   83     | expr • '%' expr
   84     | expr • '&' expr
   85     | expr • '|' expr
   86     | expr • '+' expr
   87     | expr • '-' expr
   88     | expr • '*' expr
   89     | expr • '/' expr
   93     | expr • '?' expr ':' expr
   94     | expr • '<' expr
   95     | expr • '>' expr
   96     | expr • opGE expr
   97     | expr • opLE expr
   98     | expr • opEQ expr
   99     | expr • opNE expr
  100     | expr • opOR expr
  101     | expr • opSHL expr
  102     | expr • opSHR expr
  103     | expr • opAND expr
  104     | expr • opSTREQ expr
  105     | expr • opSTRNE expr
  106     | expr • '@' expr
  119 slot_acc: expr • '.' IDENT
  120         | expr • '.' IDENT '[' aidx_expr ']'
  121 intslot_acc: expr • opINTNAME class_name_expr
  122            | expr • opINTNAMER class_name_expr
  131 assign_op_struct: opMODASN expr •
  151 funcall_expr: expr • '.' IDENT '(' func_arg_list_decl ')'

    '+'         shift, and go to state 102
    '-'         shift, and go to state 103
    '*'         shift, and go to state 104
    '/'         shift, and go to state 105
    '<'         shift, and go to state 106
    '>'         shift, and go to state 107
    '.'         shift, and go to state 108
    '|'         shift, and go to state 109
    '&'         shift, and go to state 110
    '%'         shift, and go to state 111
    '^'         shift, and go to state 112
    '@'         shift, and go to state 113
    opINTNAME   shift, and go to state 114
    opINTNAMER  shift, and go to state 115
    opSHL       shift, and go to state 116
    opSHR       shift, and go to state 117
    opEQ        shift, and go to state 118
    opNE        shift, and go to state 119
    opGE        shift, and go to state 120
    opLE        shift, and go to state 121
    opAND       shift, and go to state 122
    opOR        shift, and go to state 123
    opSTREQ     shift, and go to state 124
    opSTRNE     shift, and go to state 125
    '?'         shift, and go to state 126

    $default  reduce using rule 131 (assign_op_struct)


State 158

   82 expr: expr • '^' expr
   83     | expr • '%' expr
   84     | expr • '&' expr
   85     | expr • '|' expr
   86     | expr • '+' expr
   87     | expr • '-' expr
   88     | expr • '*' expr
   89     | expr • '/' expr
   93     | expr • '?' expr ':' expr
   94     | expr • '<' expr
   95     | expr • '>' expr
   96     | expr • opGE expr
   97     | expr • opLE expr
   98     | expr • opEQ expr
   99     | expr • opNE expr
  100     | expr • opOR expr
  101     | expr • opSHL expr
  102     | expr • opSHR expr
  103     | expr • opAND expr
  104     | expr • opSTREQ expr
  105     | expr • opSTRNE expr
  106     | expr • '@' expr
  119 slot_acc: expr • '.' IDENT
  120         | expr • '.' IDENT '[' aidx_expr ']'
  121 intslot_acc: expr • opINTNAME class_name_expr
  122            | expr • opINTNAMER class_name_expr
  132 assign_op_struct: opANDASN expr •
  151 funcall_expr: expr • '.' IDENT '(' func_arg_list_decl ')'

    '+'         shift, and go to state 102
    '-'         shift, and go to state 103
    '*'         shift, and go to state 104
    '/'         shift, and go to state 105
    '<'         shift, and go to state 106
    '>'         shift, and go to state 107
    '.'         shift, and go to state 108
    '|'         shift, and go to state 109
    '&'         shift, and go to state 110
    '%'         shift, and go to state 111
    '^'         shift, and go to state 112
    '@'         shift, and go to state 113
    opINTNAME   shift, and go to state 114
    opINTNAMER  shift, and go to state 115
    opSHL       shift, and go to state 116
    opSHR       shift, and go to state 117
    opEQ        shift, and go to state 118
    opNE        shift, and go to state 119
    opGE        shift, and go to state 120
    opLE        shift, and go to state 121
    opAND       shift, and go to state 122
    opOR        shift, and go to state 123
    opSTREQ     shift, and go to state 124
    opSTRNE     shift, and go to state 125
    '?'         shift, and go to state 126

    $default  reduce using rule 132 (assign_op_struct)


State 159

   82 expr: expr • '^' expr
   83     | expr • '%' expr
   84     | expr • '&' expr
   85     | expr • '|' expr
   86     | expr • '+' expr
   87     | expr • '-' expr
   88     | expr • '*' expr
   89     | expr • '/' expr
   93     | expr • '?' expr ':' expr
   94     | expr • '<' expr
   95     | expr • '>' expr
   96     | expr • opGE expr
   97     | expr • opLE expr
   98     | expr • opEQ expr
   99     | expr • opNE expr
  100     | expr • opOR expr
  101     | expr • opSHL expr
  102     | expr • opSHR expr
  103     | expr • opAND expr
  104     | expr • opSTREQ expr
  105     | expr • opSTRNE expr
  106     | expr • '@' expr
  119 slot_acc: expr • '.' IDENT
  120         | expr • '.' IDENT '[' aidx_expr ']'
  121 intslot_acc: expr • opINTNAME class_name_expr
  122            | expr • opINTNAMER class_name_expr
  133 assign_op_struct: opXORASN expr •
  151 funcall_expr: expr • '.' IDENT '(' func_arg_list_decl ')'

    '+'         shift, and go to state 102
    '-'         shift, and go to state 103
    '*'         shift, and go to state 104
    '/'         shift, and go to state 105
    '<'         shift, and go to state 106
    '>'         shift, and go to state 107
    '.'         shift, and go to state 108
    '|'         shift, and go to state 109
    '&'         shift, and go to state 110
    '%'         shift, and go to state 111
    '^'         shift, and go to state 112
    '@'         shift, and go to state 113
    opINTNAME   shift, and go to state 114
    opINTNAMER  shift, and go to state 115
    opSHL       shift, and go to state 116
    opSHR       shift, and go to state 117
    opEQ        shift, and go to state 118
    opNE        shift, and go to state 119
    opGE        shift, and go to state 120
    opLE        shift, and go to state 121
    opAND       shift, and go to state 122
    opOR        shift, and go to state 123
    opSTREQ     shift, and go to state 124
    opSTRNE     shift, and go to state 125
    '?'         shift, and go to state 126

    $default  reduce using rule 133 (assign_op_struct)


State 160

   82 expr: expr • '^' expr
   83     | expr • '%' expr
   84     | expr • '&' expr
   85     | expr • '|' expr
   86     | expr • '+' expr
   87     | expr • '-' expr
   88     | expr • '*' expr
   89     | expr • '/' expr
   93     | expr • '?' expr ':' expr
   94     | expr • '<' expr
   95     | expr • '>' expr
   96     | expr • opGE expr
   97     | expr • opLE expr
   98     | expr • opEQ expr
   99     | expr • opNE expr
  100     | expr • opOR expr
  101     | expr • opSHL expr
  102     | expr • opSHR expr
  103     | expr • opAND expr
  104     | expr • opSTREQ expr
  105     | expr • opSTRNE expr
  106     | expr • '@' expr
  119 slot_acc: expr • '.' IDENT
  120         | expr • '.' IDENT '[' aidx_expr ']'
  121 intslot_acc: expr • opINTNAME class_name_expr
  122            | expr • opINTNAMER class_name_expr
  134 assign_op_struct: opORASN expr •
  151 funcall_expr: expr • '.' IDENT '(' func_arg_list_decl ')'

    '+'         shift, and go to state 102
    '-'         shift, and go to state 103
    '*'         shift, and go to state 104
    '/'         shift, and go to state 105
    '<'         shift, and go to state 106
    '>'         shift, and go to state 107
    '.'         shift, and go to state 108
    '|'         shift, and go to state 109
    '&'         shift, and go to state 110
    '%'         shift, and go to state 111
    '^'         shift, and go to state 112
    '@'         shift, and go to state 113
    opINTNAME   shift, and go to state 114
    opINTNAMER  shift, and go to state 115
    opSHL       shift, and go to state 116
    opSHR       shift, and go to state 117
    opEQ        shift, and go to state 118
    opNE        shift, and go to state 119
    opGE        shift, and go to state 120
    opLE        shift, and go to state 121
    opAND       shift, and go to state 122
    opOR        shift, and go to state 123
    opSTREQ     shift, and go to state 124
    opSTRNE     shift, and go to state 125
    '?'         shift, and go to state 126

    $default  reduce using rule 134 (assign_op_struct)


State 161

   82 expr: expr • '^' expr
   83     | expr • '%' expr
   84     | expr • '&' expr
   85     | expr • '|' expr
   86     | expr • '+' expr
   87     | expr • '-' expr
   88     | expr • '*' expr
   89     | expr • '/' expr
   93     | expr • '?' expr ':' expr
   94     | expr • '<' expr
   95     | expr • '>' expr
   96     | expr • opGE expr
   97     | expr • opLE expr
   98     | expr • opEQ expr
   99     | expr • opNE expr
  100     | expr • opOR expr
  101     | expr • opSHL expr
  102     | expr • opSHR expr
  103     | expr • opAND expr
  104     | expr • opSTREQ expr
  105     | expr • opSTRNE expr
  106     | expr • '@' expr
  119 slot_acc: expr • '.' IDENT
  120         | expr • '.' IDENT '[' aidx_expr ']'
  121 intslot_acc: expr • opINTNAME class_name_expr
  122            | expr • opINTNAMER class_name_expr
  135 assign_op_struct: opSLASN expr •
  151 funcall_expr: expr • '.' IDENT '(' func_arg_list_decl ')'

    '+'         shift, and go to state 102
    '-'         shift, and go to state 103
    '*'         shift, and go to state 104
    '/'         shift, and go to state 105
    '<'         shift, and go to state 106
    '>'         shift, and go to state 107
    '.'         shift, and go to state 108
    '|'         shift, and go to state 109
    '&'         shift, and go to state 110
    '%'         shift, and go to state 111
    '^'         shift, and go to state 112
    '@'         shift, and go to state 113
    opINTNAME   shift, and go to state 114
    opINTNAMER  shift, and go to state 115
    opSHL       shift, and go to state 116
    opSHR       shift, and go to state 117
    opEQ        shift, and go to state 118
    opNE        shift, and go to state 119
    opGE        shift, and go to state 120
    opLE        shift, and go to state 121
    opAND       shift, and go to state 122
    opOR        shift, and go to state 123
    opSTREQ     shift, and go to state 124
    opSTRNE     shift, and go to state 125
    '?'         shift, and go to state 126

    $default  reduce using rule 135 (assign_op_struct)


State 162

   82 expr: expr • '^' expr
   83     | expr • '%' expr
   84     | expr • '&' expr
   85     | expr • '|' expr
   86     | expr • '+' expr
   87     | expr • '-' expr
   88     | expr • '*' expr
   89     | expr • '/' expr
   93     | expr • '?' expr ':' expr
   94     | expr • '<' expr
   95     | expr • '>' expr
   96     | expr • opGE expr
   97     | expr • opLE expr
   98     | expr • opEQ expr
   99     | expr • opNE expr
  100     | expr • opOR expr
  101     | expr • opSHL expr
  102     | expr • opSHR expr
  103     | expr • opAND expr
  104     | expr • opSTREQ expr
  105     | expr • opSTRNE expr
  106     | expr • '@' expr
  119 slot_acc: expr • '.' IDENT
  120         | expr • '.' IDENT '[' aidx_expr ']'
  121 intslot_acc: expr • opINTNAME class_name_expr
  122            | expr • opINTNAMER class_name_expr
  136 assign_op_struct: opSRASN expr •
  151 funcall_expr: expr • '.' IDENT '(' func_arg_list_decl ')'

    '+'         shift, and go to state 102
    '-'         shift, and go to state 103
    '*'         shift, and go to state 104
    '/'         shift, and go to state 105
    '<'         shift, and go to state 106
    '>'         shift, and go to state 107
    '.'         shift, and go to state 108
    '|'         shift, and go to state 109
    '&'         shift, and go to state 110
    '%'         shift, and go to state 111
    '^'         shift, and go to state 112
    '@'         shift, and go to state 113
    opINTNAME   shift, and go to state 114
    opINTNAMER  shift, and go to state 115
    opSHL       shift, and go to state 116
    opSHR       shift, and go to state 117
    opEQ        shift, and go to state 118
    opNE        shift, and go to state 119
    opGE        shift, and go to state 120
    opLE        shift, and go to state 121
    opAND       shift, and go to state 122
    opOR        shift, and go to state 123
    opSTREQ     shift, and go to state 124
    opSTRNE     shift, and go to state 125
    '?'         shift, and go to state 126

    $default  reduce using rule 136 (assign_op_struct)


State 163

   82 expr: expr • '^' expr
   83     | expr • '%' expr
   84     | expr • '&' expr
   85     | expr • '|' expr
   86     | expr • '+' expr
   87     | expr • '-' expr
   88     | expr • '*' expr
   89     | expr • '/' expr
   93     | expr • '?' expr ':' expr
   94     | expr • '<' expr
   95     | expr • '>' expr
   96     | expr • opGE expr
   97     | expr • opLE expr
   98     | expr • opEQ expr
   99     | expr • opNE expr
  100     | expr • opOR expr
  101     | expr • opSHL expr
  102     | expr • opSHR expr
  103     | expr • opAND expr
  104     | expr • opSTREQ expr
  105     | expr • opSTRNE expr
  106     | expr • '@' expr
  119 slot_acc: expr • '.' IDENT
  120         | expr • '.' IDENT '[' aidx_expr ']'
  121 intslot_acc: expr • opINTNAME class_name_expr
  122            | expr • opINTNAMER class_name_expr
  151 funcall_expr: expr • '.' IDENT '(' func_arg_list_decl ')'
  174 aidx_expr: expr •

    '+'         shift, and go to state 102
    '-'         shift, and go to state 103
    '*'         shift, and go to state 104
    '/'         shift, and go to state 105
    '<'         shift, and go to state 106
    '>'         shift, and go to state 107
    '.'         shift, and go to state 108
    '|'         shift, and go to state 109
    '&'         shift, and go to state 110
    '%'         shift, and go to state 111
    '^'         shift, and go to state 112
    '@'         shift, and go to state 113
    opINTNAME   shift, and go to state 114
    opINTNAMER  shift, and go to state 115
    opSHL       shift, and go to state 116
    opSHR       shift, and go to state 117
    opEQ        shift, and go to state 118
    opNE        shift, and go to state 119
    opGE        shift, and go to state 120
    opLE        shift, and go to state 121
    opAND       shift, and go to state 122
    opOR        shift, and go to state 123
    opSTREQ     shift, and go to state 124
    opSTRNE     shift, and go to state 125
    '?'         shift, and go to state 126

    $default  reduce using rule 174 (aidx_expr)


State 164

  118 expr: VAR '[' aidx_expr • ']'
  142 stmt_expr: VAR '[' aidx_expr • ']' '=' expr
  143          | VAR '[' aidx_expr • ']' '=' '{' expr_list '}'
  145          | VAR '[' aidx_expr • ']' assign_op_struct
  175 aidx_expr: aidx_expr • ',' expr

    ','  shift, and go to state 231
    ']'  shift, and go to state 232


State 165

  153 func_arg_item: '{' • expr_list '}'

    rwDECLARE           shift, and go to state 5
    rwDECLARESINGLETON  shift, and go to state 6
    rwBREAK             shift, and go to state 60
    rwASSERT            shift, and go to state 20
    INTCONST            shift, and go to state 21
    TTAG                shift, and go to state 61
    VAR                 shift, and go to state 23
    IDENT               shift, and go to state 24
    STRATOM             shift, and go to state 26
    TAGATOM             shift, and go to state 27
    FLTCONST            shift, and go to state 28
    '-'                 shift, and go to state 29
    '*'                 shift, and go to state 30
    '('                 shift, and go to state 31
    '~'                 shift, and go to state 32
    '!'                 shift, and go to state 33

    object_decl   go to state 39
    expr          go to state 135
    slot_acc      go to state 47
    intslot_acc   go to state 48
    stmt_expr     go to state 65
    funcall_expr  go to state 50
    assert_expr   go to state 51
    expr_list     go to state 233


State 166

   82 expr: expr • '^' expr
   83     | expr • '%' expr
   84     | expr • '&' expr
   85     | expr • '|' expr
   86     | expr • '+' expr
   87     | expr • '-' expr
   88     | expr • '*' expr
   89     | expr • '/' expr
   93     | expr • '?' expr ':' expr
   94     | expr • '<' expr
   95     | expr • '>' expr
   96     | expr • opGE expr
   97     | expr • opLE expr
   98     | expr • opEQ expr
   99     | expr • opNE expr
  100     | expr • opOR expr
  101     | expr • opSHL expr
  102     | expr • opSHR expr
  103     | expr • opAND expr
  104     | expr • opSTREQ expr
  105     | expr • opSTRNE expr
  106     | expr • '@' expr
  119 slot_acc: expr • '.' IDENT
  120         | expr • '.' IDENT '[' aidx_expr ']'
  121 intslot_acc: expr • opINTNAME class_name_expr
  122            | expr • opINTNAMER class_name_expr
  151 funcall_expr: expr • '.' IDENT '(' func_arg_list_decl ')'
  152 func_arg_item: expr •

    '+'         shift, and go to state 102
    '-'         shift, and go to state 103
    '*'         shift, and go to state 104
    '/'         shift, and go to state 105
    '<'         shift, and go to state 106
    '>'         shift, and go to state 107
    '.'         shift, and go to state 108
    '|'         shift, and go to state 109
    '&'         shift, and go to state 110
    '%'         shift, and go to state 111
    '^'         shift, and go to state 112
    '@'         shift, and go to state 113
    opINTNAME   shift, and go to state 114
    opINTNAMER  shift, and go to state 115
    opSHL       shift, and go to state 116
    opSHR       shift, and go to state 117
    opEQ        shift, and go to state 118
    opNE        shift, and go to state 119
    opGE        shift, and go to state 120
    opLE        shift, and go to state 121
    opAND       shift, and go to state 122
    opOR        shift, and go to state 123
    opSTREQ     shift, and go to state 124
    opSTRNE     shift, and go to state 125
    '?'         shift, and go to state 126

    $default  reduce using rule 152 (func_arg_item)


State 167

  154 func_arg_list: func_arg_item •

    $default  reduce using rule 154 (func_arg_list)


State 168

  155 func_arg_list: func_arg_list • ',' func_arg_item
  157 func_arg_list_decl: func_arg_list •

    ','  shift, and go to state 234

    $default  reduce using rule 157 (func_arg_list_decl)


State 169

  149 funcall_expr: IDENT '(' func_arg_list_decl • ')'

    ')'  shift, and go to state 235


State 170

  150 funcall_expr: IDENT opCOLONCOLON IDENT • '(' func_arg_list_decl ')'

    '('  shift, and go to state 236


State 171

   81 expr: '(' expr ')' •

    $default  reduce using rule 81 (expr)


State 172

   82 expr: expr • '^' expr
   83     | expr • '%' expr
   84     | expr • '&' expr
   85     | expr • '|' expr
   86     | expr • '+' expr
   86     | expr '+' expr •
   87     | expr • '-' expr
   88     | expr • '*' expr
   89     | expr • '/' expr
   93     | expr • '?' expr ':' expr
   94     | expr • '<' expr
   95     | expr • '>' expr
   96     | expr • opGE expr
   97     | expr • opLE expr
   98     | expr • opEQ expr
   99     | expr • opNE expr
  100     | expr • opOR expr
  101     | expr • opSHL expr
  102     | expr • opSHR expr
  103     | expr • opAND expr
  104     | expr • opSTREQ expr
  105     | expr • opSTRNE expr
  106     | expr • '@' expr
  119 slot_acc: expr • '.' IDENT
  120         | expr • '.' IDENT '[' aidx_expr ']'
  121 intslot_acc: expr • opINTNAME class_name_expr
  122            | expr • opINTNAMER class_name_expr
  151 funcall_expr: expr • '.' IDENT '(' func_arg_list_decl ')'

    '*'         shift, and go to state 104
    '/'         shift, and go to state 105
    '.'         shift, and go to state 108
    '%'         shift, and go to state 111
    opINTNAME   shift, and go to state 114
    opINTNAMER  shift, and go to state 115

    $default  reduce using rule 86 (expr)


State 173

   82 expr: expr • '^' expr
   83     | expr • '%' expr
   84     | expr • '&' expr
   85     | expr • '|' expr
   86     | expr • '+' expr
   87     | expr • '-' expr
   87     | expr '-' expr •
   88     | expr • '*' expr
   89     | expr • '/' expr
   93     | expr • '?' expr ':' expr
   94     | expr • '<' expr
   95     | expr • '>' expr
   96     | expr • opGE expr
   97     | expr • opLE expr
   98     | expr • opEQ expr
   99     | expr • opNE expr
  100     | expr • opOR expr
  101     | expr • opSHL expr
  102     | expr • opSHR expr
  103     | expr • opAND expr
  104     | expr • opSTREQ expr
  105     | expr • opSTRNE expr
  106     | expr • '@' expr
  119 slot_acc: expr • '.' IDENT
  120         | expr • '.' IDENT '[' aidx_expr ']'
  121 intslot_acc: expr • opINTNAME class_name_expr
  122            | expr • opINTNAMER class_name_expr
  151 funcall_expr: expr • '.' IDENT '(' func_arg_list_decl ')'

    '*'         shift, and go to state 104
    '/'         shift, and go to state 105
    '.'         shift, and go to state 108
    '%'         shift, and go to state 111
    opINTNAME   shift, and go to state 114
    opINTNAMER  shift, and go to state 115

    $default  reduce using rule 87 (expr)


State 174

   82 expr: expr • '^' expr
   83     | expr • '%' expr
   84     | expr • '&' expr
   85     | expr • '|' expr
   86     | expr • '+' expr
   87     | expr • '-' expr
   88     | expr • '*' expr
   88     | expr '*' expr •
   89     | expr • '/' expr
   93     | expr • '?' expr ':' expr
   94     | expr • '<' expr
   95     | expr • '>' expr
   96     | expr • opGE expr
   97     | expr • opLE expr
   98     | expr • opEQ expr
   99     | expr • opNE expr
  100     | expr • opOR expr
  101     | expr • opSHL expr
  102     | expr • opSHR expr
  103     | expr • opAND expr
  104     | expr • opSTREQ expr
  105     | expr • opSTRNE expr
  106     | expr • '@' expr
  119 slot_acc: expr • '.' IDENT
  120         | expr • '.' IDENT '[' aidx_expr ']'
  121 intslot_acc: expr • opINTNAME class_name_expr
  122            | expr • opINTNAMER class_name_expr
  151 funcall_expr: expr • '.' IDENT '(' func_arg_list_decl ')'

    '.'         shift, and go to state 108
    opINTNAME   shift, and go to state 114
    opINTNAMER  shift, and go to state 115

    $default  reduce using rule 88 (expr)


State 175

   82 expr: expr • '^' expr
   83     | expr • '%' expr
   84     | expr • '&' expr
   85     | expr • '|' expr
   86     | expr • '+' expr
   87     | expr • '-' expr
   88     | expr • '*' expr
   89     | expr • '/' expr
   89     | expr '/' expr •
   93     | expr • '?' expr ':' expr
   94     | expr • '<' expr
   95     | expr • '>' expr
   96     | expr • opGE expr
   97     | expr • opLE expr
   98     | expr • opEQ expr
   99     | expr • opNE expr
  100     | expr • opOR expr
  101     | expr • opSHL expr
  102     | expr • opSHR expr
  103     | expr • opAND expr
  104     | expr • opSTREQ expr
  105     | expr • opSTRNE expr
  106     | expr • '@' expr
  119 slot_acc: expr • '.' IDENT
  120         | expr • '.' IDENT '[' aidx_expr ']'
  121 intslot_acc: expr • opINTNAME class_name_expr
  122            | expr • opINTNAMER class_name_expr
  151 funcall_expr: expr • '.' IDENT '(' func_arg_list_decl ')'

    '.'         shift, and go to state 108
    opINTNAME   shift, and go to state 114
    opINTNAMER  shift, and go to state 115

    $default  reduce using rule 89 (expr)


State 176

   82 expr: expr • '^' expr
   83     | expr • '%' expr
   84     | expr • '&' expr
   85     | expr • '|' expr
   86     | expr • '+' expr
   87     | expr • '-' expr
   88     | expr • '*' expr
   89     | expr • '/' expr
   93     | expr • '?' expr ':' expr
   94     | expr • '<' expr
   94     | expr '<' expr •
   95     | expr • '>' expr
   96     | expr • opGE expr
   97     | expr • opLE expr
   98     | expr • opEQ expr
   99     | expr • opNE expr
  100     | expr • opOR expr
  101     | expr • opSHL expr
  102     | expr • opSHR expr
  103     | expr • opAND expr
  104     | expr • opSTREQ expr
  105     | expr • opSTRNE expr
  106     | expr • '@' expr
  119 slot_acc: expr • '.' IDENT
  120         | expr • '.' IDENT '[' aidx_expr ']'
  121 intslot_acc: expr • opINTNAME class_name_expr
  122            | expr • opINTNAMER class_name_expr
  151 funcall_expr: expr • '.' IDENT '(' func_arg_list_decl ')'

    '+'         shift, and go to state 102
    '-'         shift, and go to state 103
    '*'         shift, and go to state 104
    '/'         shift, and go to state 105
    '.'         shift, and go to state 108
    '%'         shift, and go to state 111
    '@'         shift, and go to state 113
    opINTNAME   shift, and go to state 114
    opINTNAMER  shift, and go to state 115
    opSHL       shift, and go to state 116
    opSHR       shift, and go to state 117
    opSTREQ     shift, and go to state 124
    opSTRNE     shift, and go to state 125

    $default  reduce using rule 94 (expr)


State 177

   82 expr: expr • '^' expr
   83     | expr • '%' expr
   84     | expr • '&' expr
   85     | expr • '|' expr
   86     | expr • '+' expr
   87     | expr • '-' expr
   88     | expr • '*' expr
   89     | expr • '/' expr
   93     | expr • '?' expr ':' expr
   94     | expr • '<' expr
   95     | expr • '>' expr
   95     | expr '>' expr •
   96     | expr • opGE expr
   97     | expr • opLE expr
   98     | expr • opEQ expr
   99     | expr • opNE expr
  100     | expr • opOR expr
  101     | expr • opSHL expr
  102     | expr • opSHR expr
  103     | expr • opAND expr
  104     | expr • opSTREQ expr
  105     | expr • opSTRNE expr
  106     | expr • '@' expr
  119 slot_acc: expr • '.' IDENT
  120         | expr • '.' IDENT '[' aidx_expr ']'
  121 intslot_acc: expr • opINTNAME class_name_expr
  122            | expr • opINTNAMER class_name_expr
  151 funcall_expr: expr • '.' IDENT '(' func_arg_list_decl ')'

    '+'         shift, and go to state 102
    '-'         shift, and go to state 103
    '*'         shift, and go to state 104
    '/'         shift, and go to state 105
    '.'         shift, and go to state 108
    '%'         shift, and go to state 111
    '@'         shift, and go to state 113
    opINTNAME   shift, and go to state 114
    opINTNAMER  shift, and go to state 115
    opSHL       shift, and go to state 116
    opSHR       shift, and go to state 117
    opSTREQ     shift, and go to state 124
    opSTRNE     shift, and go to state 125

    $default  reduce using rule 95 (expr)


State 178

  119 slot_acc: expr '.' IDENT •
  120         | expr '.' IDENT • '[' aidx_expr ']'
  151 funcall_expr: expr '.' IDENT • '(' func_arg_list_decl ')'

    '('  shift, and go to state 237
    '['  shift, and go to state 238

    $default  reduce using rule 119 (slot_acc)


State 179

   82 expr: expr • '^' expr
   83     | expr • '%' expr
   84     | expr • '&' expr
   85     | expr • '|' expr
   85     | expr '|' expr •
   86     | expr • '+' expr
   87     | expr • '-' expr
   88     | expr • '*' expr
   89     | expr • '/' expr
   93     | expr • '?' expr ':' expr
   94     | expr • '<' expr
   95     | expr • '>' expr
   96     | expr • opGE expr
   97     | expr • opLE expr
   98     | expr • opEQ expr
   99     | expr • opNE expr
  100     | expr • opOR expr
  101     | expr • opSHL expr
  102     | expr • opSHR expr
  103     | expr • opAND expr
  104     | expr • opSTREQ expr
  105     | expr • opSTRNE expr
  106     | expr • '@' expr
  119 slot_acc: expr • '.' IDENT
  120         | expr • '.' IDENT '[' aidx_expr ']'
  121 intslot_acc: expr • opINTNAME class_name_expr
  122            | expr • opINTNAMER class_name_expr
  151 funcall_expr: expr • '.' IDENT '(' func_arg_list_decl ')'

    '+'         shift, and go to state 102
    '-'         shift, and go to state 103
    '*'         shift, and go to state 104
    '/'         shift, and go to state 105
    '<'         shift, and go to state 106
    '>'         shift, and go to state 107
    '.'         shift, and go to state 108
    '&'         shift, and go to state 110
    '%'         shift, and go to state 111
    '^'         shift, and go to state 112
    '@'         shift, and go to state 113
    opINTNAME   shift, and go to state 114
    opINTNAMER  shift, and go to state 115
    opSHL       shift, and go to state 116
    opSHR       shift, and go to state 117
    opEQ        shift, and go to state 118
    opNE        shift, and go to state 119
    opGE        shift, and go to state 120
    opLE        shift, and go to state 121
    opSTREQ     shift, and go to state 124
    opSTRNE     shift, and go to state 125

    $default  reduce using rule 85 (expr)


State 180

   82 expr: expr • '^' expr
   83     | expr • '%' expr
   84     | expr • '&' expr
   84     | expr '&' expr •
   85     | expr • '|' expr
   86     | expr • '+' expr
   87     | expr • '-' expr
   88     | expr • '*' expr
   89     | expr • '/' expr
   93     | expr • '?' expr ':' expr
   94     | expr • '<' expr
   95     | expr • '>' expr
   96     | expr • opGE expr
   97     | expr • opLE expr
   98     | expr • opEQ expr
   99     | expr • opNE expr
  100     | expr • opOR expr
  101     | expr • opSHL expr
  102     | expr • opSHR expr
  103     | expr • opAND expr
  104     | expr • opSTREQ expr
  105     | expr • opSTRNE expr
  106     | expr • '@' expr
  119 slot_acc: expr • '.' IDENT
  120         | expr • '.' IDENT '[' aidx_expr ']'
  121 intslot_acc: expr • opINTNAME class_name_expr
  122            | expr • opINTNAMER class_name_expr
  151 funcall_expr: expr • '.' IDENT '(' func_arg_list_decl ')'

    '+'         shift, and go to state 102
    '-'         shift, and go to state 103
    '*'         shift, and go to state 104
    '/'         shift, and go to state 105
    '<'         shift, and go to state 106
    '>'         shift, and go to state 107
    '.'         shift, and go to state 108
    '%'         shift, and go to state 111
    '@'         shift, and go to state 113
    opINTNAME   shift, and go to state 114
    opINTNAMER  shift, and go to state 115
    opSHL       shift, and go to state 116
    opSHR       shift, and go to state 117
    opEQ        shift, and go to state 118
    opNE        shift, and go to state 119
    opGE        shift, and go to state 120
    opLE        shift, and go to state 121
    opSTREQ     shift, and go to state 124
    opSTRNE     shift, and go to state 125

    $default  reduce using rule 84 (expr)


State 181

   82 expr: expr • '^' expr
   83     | expr • '%' expr
   83     | expr '%' expr •
   84     | expr • '&' expr
   85     | expr • '|' expr
   86     | expr • '+' expr
   87     | expr • '-' expr
   88     | expr • '*' expr
   89     | expr • '/' expr
   93     | expr • '?' expr ':' expr
   94     | expr • '<' expr
   95     | expr • '>' expr
   96     | expr • opGE expr
   97     | expr • opLE expr
   98     | expr • opEQ expr
   99     | expr • opNE expr
  100     | expr • opOR expr
  101     | expr • opSHL expr
  102     | expr • opSHR expr
  103     | expr • opAND expr
  104     | expr • opSTREQ expr
  105     | expr • opSTRNE expr
  106     | expr • '@' expr
  119 slot_acc: expr • '.' IDENT
  120         | expr • '.' IDENT '[' aidx_expr ']'
  121 intslot_acc: expr • opINTNAME class_name_expr
  122            | expr • opINTNAMER class_name_expr
  151 funcall_expr: expr • '.' IDENT '(' func_arg_list_decl ')'

    '.'         shift, and go to state 108
    opINTNAME   shift, and go to state 114
    opINTNAMER  shift, and go to state 115

    $default  reduce using rule 83 (expr)


State 182

   82 expr: expr • '^' expr
   82     | expr '^' expr •
   83     | expr • '%' expr
   84     | expr • '&' expr
   85     | expr • '|' expr
   86     | expr • '+' expr
   87     | expr • '-' expr
   88     | expr • '*' expr
   89     | expr • '/' expr
   93     | expr • '?' expr ':' expr
   94     | expr • '<' expr
   95     | expr • '>' expr
   96     | expr • opGE expr
   97     | expr • opLE expr
   98     | expr • opEQ expr
   99     | expr • opNE expr
  100     | expr • opOR expr
  101     | expr • opSHL expr
  102     | expr • opSHR expr
  103     | expr • opAND expr
  104     | expr • opSTREQ expr
  105     | expr • opSTRNE expr
  106     | expr • '@' expr
  119 slot_acc: expr • '.' IDENT
  120         | expr • '.' IDENT '[' aidx_expr ']'
  121 intslot_acc: expr • opINTNAME class_name_expr
  122            | expr • opINTNAMER class_name_expr
  151 funcall_expr: expr • '.' IDENT '(' func_arg_list_decl ')'

    '+'         shift, and go to state 102
    '-'         shift, and go to state 103
    '*'         shift, and go to state 104
    '/'         shift, and go to state 105
    '<'         shift, and go to state 106
    '>'         shift, and go to state 107
    '.'         shift, and go to state 108
    '&'         shift, and go to state 110
    '%'         shift, and go to state 111
    '@'         shift, and go to state 113
    opINTNAME   shift, and go to state 114
    opINTNAMER  shift, and go to state 115
    opSHL       shift, and go to state 116
    opSHR       shift, and go to state 117
    opEQ        shift, and go to state 118
    opNE        shift, and go to state 119
    opGE        shift, and go to state 120
    opLE        shift, and go to state 121
    opSTREQ     shift, and go to state 124
    opSTRNE     shift, and go to state 125

    $default  reduce using rule 82 (expr)


State 183

   82 expr: expr • '^' expr
   83     | expr • '%' expr
   84     | expr • '&' expr
   85     | expr • '|' expr
   86     | expr • '+' expr
   87     | expr • '-' expr
   88     | expr • '*' expr
   89     | expr • '/' expr
   93     | expr • '?' expr ':' expr
   94     | expr • '<' expr
   95     | expr • '>' expr
   96     | expr • opGE expr
   97     | expr • opLE expr
   98     | expr • opEQ expr
   99     | expr • opNE expr
  100     | expr • opOR expr
  101     | expr • opSHL expr
  102     | expr • opSHR expr
  103     | expr • opAND expr
  104     | expr • opSTREQ expr
  105     | expr • opSTRNE expr
  106     | expr • '@' expr
  106     | expr '@' expr •
  119 slot_acc: expr • '.' IDENT
  120         | expr • '.' IDENT '[' aidx_expr ']'
  121 intslot_acc: expr • opINTNAME class_name_expr
  122            | expr • opINTNAMER class_name_expr
  151 funcall_expr: expr • '.' IDENT '(' func_arg_list_decl ')'

    '+'         shift, and go to state 102
    '-'         shift, and go to state 103
    '*'         shift, and go to state 104
    '/'         shift, and go to state 105
    '.'         shift, and go to state 108
    '%'         shift, and go to state 111
    opINTNAME   shift, and go to state 114
    opINTNAMER  shift, and go to state 115
    opSHL       shift, and go to state 116
    opSHR       shift, and go to state 117

    $default  reduce using rule 106 (expr)


State 184

  121 intslot_acc: expr opINTNAME class_name_expr •

    $default  reduce using rule 121 (intslot_acc)


State 185

  122 intslot_acc: expr opINTNAMER class_name_expr •

    $default  reduce using rule 122 (intslot_acc)


State 186

   82 expr: expr • '^' expr
   83     | expr • '%' expr
   84     | expr • '&' expr
   85     | expr • '|' expr
   86     | expr • '+' expr
   87     | expr • '-' expr
   88     | expr • '*' expr
   89     | expr • '/' expr
   93     | expr • '?' expr ':' expr
   94     | expr • '<' expr
   95     | expr • '>' expr
   96     | expr • opGE expr
   97     | expr • opLE expr
   98     | expr • opEQ expr
   99     | expr • opNE expr
  100     | expr • opOR expr
  101     | expr • opSHL expr
  101     | expr opSHL expr •
  102     | expr • opSHR expr
  103     | expr • opAND expr
  104     | expr • opSTREQ expr
  105     | expr • opSTRNE expr
  106     | expr • '@' expr
  119 slot_acc: expr • '.' IDENT
  120         | expr • '.' IDENT '[' aidx_expr ']'
  121 intslot_acc: expr • opINTNAME class_name_expr
  122            | expr • opINTNAMER class_name_expr
  151 funcall_expr: expr • '.' IDENT '(' func_arg_list_decl ')'

    '+'         shift, and go to state 102
    '-'         shift, and go to state 103
    '*'         shift, and go to state 104
    '/'         shift, and go to state 105
    '.'         shift, and go to state 108
    '%'         shift, and go to state 111
    opINTNAME   shift, and go to state 114
    opINTNAMER  shift, and go to state 115

    $default  reduce using rule 101 (expr)


State 187

   82 expr: expr • '^' expr
   83     | expr • '%' expr
   84     | expr • '&' expr
   85     | expr • '|' expr
   86     | expr • '+' expr
   87     | expr • '-' expr
   88     | expr • '*' expr
   89     | expr • '/' expr
   93     | expr • '?' expr ':' expr
   94     | expr • '<' expr
   95     | expr • '>' expr
   96     | expr • opGE expr
   97     | expr • opLE expr
   98     | expr • opEQ expr
   99     | expr • opNE expr
  100     | expr • opOR expr
  101     | expr • opSHL expr
  102     | expr • opSHR expr
  102     | expr opSHR expr •
  103     | expr • opAND expr
  104     | expr • opSTREQ expr
  105     | expr • opSTRNE expr
  106     | expr • '@' expr
  119 slot_acc: expr • '.' IDENT
  120         | expr • '.' IDENT '[' aidx_expr ']'
  121 intslot_acc: expr • opINTNAME class_name_expr
  122            | expr • opINTNAMER class_name_expr
  151 funcall_expr: expr • '.' IDENT '(' func_arg_list_decl ')'

    '+'         shift, and go to state 102
    '-'         shift, and go to state 103
    '*'         shift, and go to state 104
    '/'         shift, and go to state 105
    '.'         shift, and go to state 108
    '%'         shift, and go to state 111
    opINTNAME   shift, and go to state 114
    opINTNAMER  shift, and go to state 115

    $default  reduce using rule 102 (expr)


State 188

   82 expr: expr • '^' expr
   83     | expr • '%' expr
   84     | expr • '&' expr
   85     | expr • '|' expr
   86     | expr • '+' expr
   87     | expr • '-' expr
   88     | expr • '*' expr
   89     | expr • '/' expr
   93     | expr • '?' expr ':' expr
   94     | expr • '<' expr
   95     | expr • '>' expr
   96     | expr • opGE expr
   97     | expr • opLE expr
   98     | expr • opEQ expr
   98     | expr opEQ expr •
   99     | expr • opNE expr
  100     | expr • opOR expr
  101     | expr • opSHL expr
  102     | expr • opSHR expr
  103     | expr • opAND expr
  104     | expr • opSTREQ expr
  105     | expr • opSTRNE expr
  106     | expr • '@' expr
  119 slot_acc: expr • '.' IDENT
  120         | expr • '.' IDENT '[' aidx_expr ']'
  121 intslot_acc: expr • opINTNAME class_name_expr
  122            | expr • opINTNAMER class_name_expr
  151 funcall_expr: expr • '.' IDENT '(' func_arg_list_decl ')'

    '+'         shift, and go to state 102
    '-'         shift, and go to state 103
    '*'         shift, and go to state 104
    '/'         shift, and go to state 105
    '<'         shift, and go to state 106
    '>'         shift, and go to state 107
    '.'         shift, and go to state 108
    '%'         shift, and go to state 111
    '@'         shift, and go to state 113
    opINTNAME   shift, and go to state 114
    opINTNAMER  shift, and go to state 115
    opSHL       shift, and go to state 116
    opSHR       shift, and go to state 117
    opGE        shift, and go to state 120
    opLE        shift, and go to state 121
    opSTREQ     shift, and go to state 124
    opSTRNE     shift, and go to state 125

    $default  reduce using rule 98 (expr)


State 189

   82 expr: expr • '^' expr
   83     | expr • '%' expr
   84     | expr • '&' expr
   85     | expr • '|' expr
   86     | expr • '+' expr
   87     | expr • '-' expr
   88     | expr • '*' expr
   89     | expr • '/' expr
   93     | expr • '?' expr ':' expr
   94     | expr • '<' expr
   95     | expr • '>' expr
   96     | expr • opGE expr
   97     | expr • opLE expr
   98     | expr • opEQ expr
   99     | expr • opNE expr
   99     | expr opNE expr •
  100     | expr • opOR expr
  101     | expr • opSHL expr
  102     | expr • opSHR expr
  103     | expr • opAND expr
  104     | expr • opSTREQ expr
  105     | expr • opSTRNE expr
  106     | expr • '@' expr
  119 slot_acc: expr • '.' IDENT
  120         | expr • '.' IDENT '[' aidx_expr ']'
  121 intslot_acc: expr • opINTNAME class_name_expr
  122            | expr • opINTNAMER class_name_expr
  151 funcall_expr: expr • '.' IDENT '(' func_arg_list_decl ')'

    '+'         shift, and go to state 102
    '-'         shift, and go to state 103
    '*'         shift, and go to state 104
    '/'         shift, and go to state 105
    '<'         shift, and go to state 106
    '>'         shift, and go to state 107
    '.'         shift, and go to state 108
    '%'         shift, and go to state 111
    '@'         shift, and go to state 113
    opINTNAME   shift, and go to state 114
    opINTNAMER  shift, and go to state 115
    opSHL       shift, and go to state 116
    opSHR       shift, and go to state 117
    opGE        shift, and go to state 120
    opLE        shift, and go to state 121
    opSTREQ     shift, and go to state 124
    opSTRNE     shift, and go to state 125

    $default  reduce using rule 99 (expr)


State 190

   82 expr: expr • '^' expr
   83     | expr • '%' expr
   84     | expr • '&' expr
   85     | expr • '|' expr
   86     | expr • '+' expr
   87     | expr • '-' expr
   88     | expr • '*' expr
   89     | expr • '/' expr
   93     | expr • '?' expr ':' expr
   94     | expr • '<' expr
   95     | expr • '>' expr
   96     | expr • opGE expr
   96     | expr opGE expr •
   97     | expr • opLE expr
   98     | expr • opEQ expr
   99     | expr • opNE expr
  100     | expr • opOR expr
  101     | expr • opSHL expr
  102     | expr • opSHR expr
  103     | expr • opAND expr
  104     | expr • opSTREQ expr
  105     | expr • opSTRNE expr
  106     | expr • '@' expr
  119 slot_acc: expr • '.' IDENT
  120         | expr • '.' IDENT '[' aidx_expr ']'
  121 intslot_acc: expr • opINTNAME class_name_expr
  122            | expr • opINTNAMER class_name_expr
  151 funcall_expr: expr • '.' IDENT '(' func_arg_list_decl ')'

    '+'         shift, and go to state 102
    '-'         shift, and go to state 103
    '*'         shift, and go to state 104
    '/'         shift, and go to state 105
    '.'         shift, and go to state 108
    '%'         shift, and go to state 111
    '@'         shift, and go to state 113
    opINTNAME   shift, and go to state 114
    opINTNAMER  shift, and go to state 115
    opSHL       shift, and go to state 116
    opSHR       shift, and go to state 117
    opSTREQ     shift, and go to state 124
    opSTRNE     shift, and go to state 125

    $default  reduce using rule 96 (expr)


State 191

   82 expr: expr • '^' expr
   83     | expr • '%' expr
   84     | expr • '&' expr
   85     | expr • '|' expr
   86     | expr • '+' expr
   87     | expr • '-' expr
   88     | expr • '*' expr
   89     | expr • '/' expr
   93     | expr • '?' expr ':' expr
   94     | expr • '<' expr
   95     | expr • '>' expr
   96     | expr • opGE expr
   97     | expr • opLE expr
   97     | expr opLE expr •
   98     | expr • opEQ expr
   99     | expr • opNE expr
  100     | expr • opOR expr
  101     | expr • opSHL expr
  102     | expr • opSHR expr
  103     | expr • opAND expr
  104     | expr • opSTREQ expr
  105     | expr • opSTRNE expr
  106     | expr • '@' expr
  119 slot_acc: expr • '.' IDENT
  120         | expr • '.' IDENT '[' aidx_expr ']'
  121 intslot_acc: expr • opINTNAME class_name_expr
  122            | expr • opINTNAMER class_name_expr
  151 funcall_expr: expr • '.' IDENT '(' func_arg_list_decl ')'

    '+'         shift, and go to state 102
    '-'         shift, and go to state 103
    '*'         shift, and go to state 104
    '/'         shift, and go to state 105
    '.'         shift, and go to state 108
    '%'         shift, and go to state 111
    '@'         shift, and go to state 113
    opINTNAME   shift, and go to state 114
    opINTNAMER  shift, and go to state 115
    opSHL       shift, and go to state 116
    opSHR       shift, and go to state 117
    opSTREQ     shift, and go to state 124
    opSTRNE     shift, and go to state 125

    $default  reduce using rule 97 (expr)


State 192

   82 expr: expr • '^' expr
   83     | expr • '%' expr
   84     | expr • '&' expr
   85     | expr • '|' expr
   86     | expr • '+' expr
   87     | expr • '-' expr
   88     | expr • '*' expr
   89     | expr • '/' expr
   93     | expr • '?' expr ':' expr
   94     | expr • '<' expr
   95     | expr • '>' expr
   96     | expr • opGE expr
   97     | expr • opLE expr
   98     | expr • opEQ expr
   99     | expr • opNE expr
  100     | expr • opOR expr
  101     | expr • opSHL expr
  102     | expr • opSHR expr
  103     | expr • opAND expr
  103     | expr opAND expr •
  104     | expr • opSTREQ expr
  105     | expr • opSTRNE expr
  106     | expr • '@' expr
  119 slot_acc: expr • '.' IDENT
  120         | expr • '.' IDENT '[' aidx_expr ']'
  121 intslot_acc: expr • opINTNAME class_name_expr
  122            | expr • opINTNAMER class_name_expr
  151 funcall_expr: expr • '.' IDENT '(' func_arg_list_decl ')'

    '+'         shift, and go to state 102
    '-'         shift, and go to state 103
    '*'         shift, and go to state 104
    '/'         shift, and go to state 105
    '<'         shift, and go to state 106
    '>'         shift, and go to state 107
    '.'         shift, and go to state 108
    '|'         shift, and go to state 109
    '&'         shift, and go to state 110
    '%'         shift, and go to state 111
    '^'         shift, and go to state 112
    '@'         shift, and go to state 113
    opINTNAME   shift, and go to state 114
    opINTNAMER  shift, and go to state 115
    opSHL       shift, and go to state 116
    opSHR       shift, and go to state 117
    opEQ        shift, and go to state 118
    opNE        shift, and go to state 119
    opGE        shift, and go to state 120
    opLE        shift, and go to state 121
    opSTREQ     shift, and go to state 124
    opSTRNE     shift, and go to state 125

    $default  reduce using rule 103 (expr)


State 193

   82 expr: expr • '^' expr
   83     | expr • '%' expr
   84     | expr • '&' expr
   85     | expr • '|' expr
   86     | expr • '+' expr
   87     | expr • '-' expr
   88     | expr • '*' expr
   89     | expr • '/' expr
   93     | expr • '?' expr ':' expr
   94     | expr • '<' expr
   95     | expr • '>' expr
   96     | expr • opGE expr
   97     | expr • opLE expr
   98     | expr • opEQ expr
   99     | expr • opNE expr
  100     | expr • opOR expr
  100     | expr opOR expr •
  101     | expr • opSHL expr
  102     | expr • opSHR expr
  103     | expr • opAND expr
  104     | expr • opSTREQ expr
  105     | expr • opSTRNE expr
  106     | expr • '@' expr
  119 slot_acc: expr • '.' IDENT
  120         | expr • '.' IDENT '[' aidx_expr ']'
  121 intslot_acc: expr • opINTNAME class_name_expr
  122            | expr • opINTNAMER class_name_expr
  151 funcall_expr: expr • '.' IDENT '(' func_arg_list_decl ')'

    '+'         shift, and go to state 102
    '-'         shift, and go to state 103
    '*'         shift, and go to state 104
    '/'         shift, and go to state 105
    '<'         shift, and go to state 106
    '>'         shift, and go to state 107
    '.'         shift, and go to state 108
    '|'         shift, and go to state 109
    '&'         shift, and go to state 110
    '%'         shift, and go to state 111
    '^'         shift, and go to state 112
    '@'         shift, and go to state 113
    opINTNAME   shift, and go to state 114
    opINTNAMER  shift, and go to state 115
    opSHL       shift, and go to state 116
    opSHR       shift, and go to state 117
    opEQ        shift, and go to state 118
    opNE        shift, and go to state 119
    opGE        shift, and go to state 120
    opLE        shift, and go to state 121
    opAND       shift, and go to state 122
    opSTREQ     shift, and go to state 124
    opSTRNE     shift, and go to state 125

    $default  reduce using rule 100 (expr)


State 194

   82 expr: expr • '^' expr
   83     | expr • '%' expr
   84     | expr • '&' expr
   85     | expr • '|' expr
   86     | expr • '+' expr
   87     | expr • '-' expr
   88     | expr • '*' expr
   89     | expr • '/' expr
   93     | expr • '?' expr ':' expr
   94     | expr • '<' expr
   95     | expr • '>' expr
   96     | expr • opGE expr
   97     | expr • opLE expr
   98     | expr • opEQ expr
   99     | expr • opNE expr
  100     | expr • opOR expr
  101     | expr • opSHL expr
  102     | expr • opSHR expr
  103     | expr • opAND expr
  104     | expr • opSTREQ expr
  104     | expr opSTREQ expr •
  105     | expr • opSTRNE expr
  106     | expr • '@' expr
  119 slot_acc: expr • '.' IDENT
  120         | expr • '.' IDENT '[' aidx_expr ']'
  121 intslot_acc: expr • opINTNAME class_name_expr
  122            | expr • opINTNAMER class_name_expr
  151 funcall_expr: expr • '.' IDENT '(' func_arg_list_decl ')'

    '+'         shift, and go to state 102
    '-'         shift, and go to state 103
    '*'         shift, and go to state 104
    '/'         shift, and go to state 105
    '.'         shift, and go to state 108
    '%'         shift, and go to state 111
    opINTNAME   shift, and go to state 114
    opINTNAMER  shift, and go to state 115
    opSHL       shift, and go to state 116
    opSHR       shift, and go to state 117

    $default  reduce using rule 104 (expr)


State 195

   82 expr: expr • '^' expr
   83     | expr • '%' expr
   84     | expr • '&' expr
   85     | expr • '|' expr
   86     | expr • '+' expr
   87     | expr • '-' expr
   88     | expr • '*' expr
   89     | expr • '/' expr
   93     | expr • '?' expr ':' expr
   94     | expr • '<' expr
   95     | expr • '>' expr
   96     | expr • opGE expr
   97     | expr • opLE expr
   98     | expr • opEQ expr
   99     | expr • opNE expr
  100     | expr • opOR expr
  101     | expr • opSHL expr
  102     | expr • opSHR expr
  103     | expr • opAND expr
  104     | expr • opSTREQ expr
  105     | expr • opSTRNE expr
  105     | expr opSTRNE expr •
  106     | expr • '@' expr
  119 slot_acc: expr • '.' IDENT
  120         | expr • '.' IDENT '[' aidx_expr ']'
  121 intslot_acc: expr • opINTNAME class_name_expr
  122            | expr • opINTNAMER class_name_expr
  151 funcall_expr: expr • '.' IDENT '(' func_arg_list_decl ')'

    '+'         shift, and go to state 102
    '-'         shift, and go to state 103
    '*'         shift, and go to state 104
    '/'         shift, and go to state 105
    '.'         shift, and go to state 108
    '%'         shift, and go to state 111
    opINTNAME   shift, and go to state 114
    opINTNAMER  shift, and go to state 115
    opSHL       shift, and go to state 116
    opSHR       shift, and go to state 117

    $default  reduce using rule 105 (expr)


State 196

   82 expr: expr • '^' expr
   83     | expr • '%' expr
   84     | expr • '&' expr
   85     | expr • '|' expr
   86     | expr • '+' expr
   87     | expr • '-' expr
   88     | expr • '*' expr
   89     | expr • '/' expr
   93     | expr • '?' expr ':' expr
   93     | expr '?' expr • ':' expr
   94     | expr • '<' expr
   95     | expr • '>' expr
   96     | expr • opGE expr
   97     | expr • opLE expr
   98     | expr • opEQ expr
   99     | expr • opNE expr
  100     | expr • opOR expr
  101     | expr • opSHL expr
  102     | expr • opSHR expr
  103     | expr • opAND expr
  104     | expr • opSTREQ expr
  105     | expr • opSTRNE expr
  106     | expr • '@' expr
  119 slot_acc: expr • '.' IDENT
  120         | expr • '.' IDENT '[' aidx_expr ']'
  121 intslot_acc: expr • opINTNAME class_name_expr
  122            | expr • opINTNAMER class_name_expr
  151 funcall_expr: expr • '.' IDENT '(' func_arg_list_decl ')'

    '+'         shift, and go to state 102
    '-'         shift, and go to state 103
    '*'         shift, and go to state 104
    '/'         shift, and go to state 105
    '<'         shift, and go to state 106
    '>'         shift, and go to state 107
    '.'         shift, and go to state 108
    '|'         shift, and go to state 109
    '&'         shift, and go to state 110
    '%'         shift, and go to state 111
    ':'         shift, and go to state 239
    '^'         shift, and go to state 112
    '@'         shift, and go to state 113
    opINTNAME   shift, and go to state 114
    opINTNAMER  shift, and go to state 115
    opSHL       shift, and go to state 116
    opSHR       shift, and go to state 117
    opEQ        shift, and go to state 118
    opNE        shift, and go to state 119
    opGE        shift, and go to state 120
    opLE        shift, and go to state 121
    opAND       shift, and go to state 122
    opOR        shift, and go to state 123
    opSTREQ     shift, and go to state 124
    opSTRNE     shift, and go to state 125
    '?'         shift, and go to state 126


State 197

  148 stmt_expr: slot_acc '=' '{' • expr_list '}'

    rwDECLARE           shift, and go to state 5
    rwDECLARESINGLETON  shift, and go to state 6
    rwBREAK             shift, and go to state 60
    rwASSERT            shift, and go to state 20
    INTCONST            shift, and go to state 21
    TTAG                shift, and go to state 61
    VAR                 shift, and go to state 23
    IDENT               shift, and go to state 24
    STRATOM             shift, and go to state 26
    TAGATOM             shift, and go to state 27
    FLTCONST            shift, and go to state 28
    '-'                 shift, and go to state 29
    '*'                 shift, and go to state 30
    '('                 shift, and go to state 31
    '~'                 shift, and go to state 32
    '!'                 shift, and go to state 33

    object_decl   go to state 39
    expr          go to state 135
    slot_acc      go to state 47
    intslot_acc   go to state 48
    stmt_expr     go to state 65
    funcall_expr  go to state 50
    assert_expr   go to state 51
    expr_list     go to state 240


State 198

   82 expr: expr • '^' expr
   83     | expr • '%' expr
   84     | expr • '&' expr
   85     | expr • '|' expr
   86     | expr • '+' expr
   87     | expr • '-' expr
   88     | expr • '*' expr
   89     | expr • '/' expr
   93     | expr • '?' expr ':' expr
   94     | expr • '<' expr
   95     | expr • '>' expr
   96     | expr • opGE expr
   97     | expr • opLE expr
   98     | expr • opEQ expr
   99     | expr • opNE expr
  100     | expr • opOR expr
  101     | expr • opSHL expr
  102     | expr • opSHR expr
  103     | expr • opAND expr
  104     | expr • opSTREQ expr
  105     | expr • opSTRNE expr
  106     | expr • '@' expr
  119 slot_acc: expr • '.' IDENT
  120         | expr • '.' IDENT '[' aidx_expr ']'
  121 intslot_acc: expr • opINTNAME class_name_expr
  122            | expr • opINTNAMER class_name_expr
  147 stmt_expr: slot_acc '=' expr •
  151 funcall_expr: expr • '.' IDENT '(' func_arg_list_decl ')'

    '+'         shift, and go to state 102
    '-'         shift, and go to state 103
    '*'         shift, and go to state 104
    '/'         shift, and go to state 105
    '<'         shift, and go to state 106
    '>'         shift, and go to state 107
    '.'         shift, and go to state 108
    '|'         shift, and go to state 109
    '&'         shift, and go to state 110
    '%'         shift, and go to state 111
    '^'         shift, and go to state 112
    '@'         shift, and go to state 113
    opINTNAME   shift, and go to state 114
    opINTNAMER  shift, and go to state 115
    opSHL       shift, and go to state 116
    opSHR       shift, and go to state 117
    opEQ        shift, and go to state 118
    opNE        shift, and go to state 119
    opGE        shift, and go to state 120
    opLE        shift, and go to state 121
    opAND       shift, and go to state 122
    opOR        shift, and go to state 123
    opSTREQ     shift, and go to state 124
    opSTRNE     shift, and go to state 125
    '?'         shift, and go to state 126

    $default  reduce using rule 147 (stmt_expr)


State 199

   33 param: VAR •
   34      | VAR • '?'
   35      | VAR • '=' expr
   36      | VAR • '?' '=' expr

    '='  shift, and go to state 241
    '?'  shift, and go to state 242

    $default  reduce using rule 33 (param)


State 200

   27 fn_decl_stmt: rwDEFINE IDENT '(' var_list_decl • ')' '{' statement_list '}'

    ')'  shift, and go to state 243


State 201

   30 var_list_decl: var_list •
   32 var_list: var_list • ',' param

    ','  shift, and go to state 244

    $default  reduce using rule 30 (var_list_decl)


State 202

   31 var_list: param •

    $default  reduce using rule 31 (var_list)


State 203

   28 fn_decl_stmt: rwDEFINE IDENT opCOLONCOLON IDENT • '(' var_list_decl ')' '{' statement_list '}'

    '('  shift, and go to state 245


State 204

  124 class_name_expr: '(' expr ')' •

    $default  reduce using rule 124 (class_name_expr)


State 205

   40 object_decl: rwDECLARE class_name_expr '(' '[' • object_name ']' parent_block object_args ')' '{' object_declare_block '}'
   41            | rwDECLARE class_name_expr '(' '[' • object_name ']' parent_block object_args ')'

    rwDECLARE           shift, and go to state 5
    rwDECLARESINGLETON  shift, and go to state 6
    rwBREAK             shift, and go to state 60
    rwASSERT            shift, and go to state 20
    INTCONST            shift, and go to state 21
    TTAG                shift, and go to state 61
    VAR                 shift, and go to state 23
    IDENT               shift, and go to state 24
    STRATOM             shift, and go to state 26
    TAGATOM             shift, and go to state 27
    FLTCONST            shift, and go to state 28
    '-'                 shift, and go to state 29
    '*'                 shift, and go to state 30
    '('                 shift, and go to state 31
    '~'                 shift, and go to state 32
    '!'                 shift, and go to state 33

    $default  reduce using rule 46 (object_name)

    object_decl   go to state 39
    object_name   go to state 246
    expr          go to state 207
    slot_acc      go to state 47
    intslot_acc   go to state 48
    stmt_expr     go to state 65
    funcall_expr  go to state 50
    assert_expr   go to state 51


State 206

   38 object_decl: rwDECLARE class_name_expr '(' object_name • parent_block object_args ')' '{' object_declare_block '}'
   39            | rwDECLARE class_name_expr '(' object_name • parent_block object_args ')'

    ':'  shift, and go to state 247

    $default  reduce using rule 44 (parent_block)

    parent_block  go to state 248


State 207

   47 object_name: expr •
   82 expr: expr • '^' expr
   83     | expr • '%' expr
   84     | expr • '&' expr
   85     | expr • '|' expr
   86     | expr • '+' expr
   87     | expr • '-' expr
   88     | expr • '*' expr
   89     | expr • '/' expr
   93     | expr • '?' expr ':' expr
   94     | expr • '<' expr
   95     | expr • '>' expr
   96     | expr • opGE expr
   97     | expr • opLE expr
   98     | expr • opEQ expr
   99     | expr • opNE expr
  100     | expr • opOR expr
  101     | expr • opSHL expr
  102     | expr • opSHR expr
  103     | expr • opAND expr
  104     | expr • opSTREQ expr
  105     | expr • opSTRNE expr
  106     | expr • '@' expr
  119 slot_acc: expr • '.' IDENT
  120         | expr • '.' IDENT '[' aidx_expr ']'
  121 intslot_acc: expr • opINTNAME class_name_expr
  122            | expr • opINTNAMER class_name_expr
  151 funcall_expr: expr • '.' IDENT '(' func_arg_list_decl ')'

    '+'         shift, and go to state 102
    '-'         shift, and go to state 103
    '*'         shift, and go to state 104
    '/'         shift, and go to state 105
    '<'         shift, and go to state 106
    '>'         shift, and go to state 107
    '.'         shift, and go to state 108
    '|'         shift, and go to state 109
    '&'         shift, and go to state 110
    '%'         shift, and go to state 111
    '^'         shift, and go to state 112
    '@'         shift, and go to state 113
    opINTNAME   shift, and go to state 114
    opINTNAMER  shift, and go to state 115
    opSHL       shift, and go to state 116
    opSHR       shift, and go to state 117
    opEQ        shift, and go to state 118
    opNE        shift, and go to state 119
    opGE        shift, and go to state 120
    opLE        shift, and go to state 121
    opAND       shift, and go to state 122
    opOR        shift, and go to state 123
    opSTREQ     shift, and go to state 124
    opSTRNE     shift, and go to state 125
    '?'         shift, and go to state 126

    $default  reduce using rule 47 (object_name)


State 208

   42 object_decl: rwDECLARESINGLETON class_name_expr '(' object_name • parent_block object_args ')' '{' object_declare_block '}'
   43            | rwDECLARESINGLETON class_name_expr '(' object_name • parent_block object_args ')'

    ':'  shift, and go to state 247

    $default  reduce using rule 44 (parent_block)

    parent_block  go to state 249


State 209

   65 if_stmt: rwIF '(' expr ')' • stmt_block
   66        | rwIF '(' expr ')' • stmt_block rwELSE stmt_block

    rwDECLARE           shift, and go to state 5
    rwDECLARESINGLETON  shift, and go to state 6
    rwBREAK             shift, and go to state 7
    rwCONTINUE          shift, and go to state 8
    rwIF                shift, and go to state 9
    rwRETURN            shift, and go to state 10
    rwWHILE             shift, and go to state 11
    rwDO                shift, and go to state 12
    rwFOR               shift, and go to state 13
    rwFOREACH           shift, and go to state 14
    rwFOREACHSTR        shift, and go to state 15
    rwDATABLOCK         shift, and go to state 16
    rwSWITCH            shift, and go to state 17
    rwSWITCHSTR         shift, and go to state 18
    rwASSERT            shift, and go to state 20
    INTCONST            shift, and go to state 21
    TTAG                shift, and go to state 22
    VAR                 shift, and go to state 23
    IDENT               shift, and go to state 24
    DOCBLOCK            shift, and go to state 25
    STRATOM             shift, and go to state 26
    TAGATOM             shift, and go to state 27
    FLTCONST            shift, and go to state 28
    '-'                 shift, and go to state 29
    '*'                 shift, and go to state 30
    '('                 shift, and go to state 31
    '{'                 shift, and go to state 67
    '~'                 shift, and go to state 32
    '!'                 shift, and go to state 33

    stmt             go to state 68
    datablock_decl   go to state 38
    object_decl      go to state 39
    stmt_block       go to state 250
    switch_stmt      go to state 40
    if_stmt          go to state 41
    while_stmt       go to state 42
    for_stmt         go to state 43
    foreach_stmt     go to state 44
    expression_stmt  go to state 45
    expr             go to state 46
    slot_acc         go to state 47
    intslot_acc      go to state 48
    stmt_expr        go to state 49
    funcall_expr     go to state 50
    assert_expr      go to state 51


State 210

  161 expr_list: expr_list ',' • expr

    rwDECLARE           shift, and go to state 5
    rwDECLARESINGLETON  shift, and go to state 6
    rwBREAK             shift, and go to state 60
    rwASSERT            shift, and go to state 20
    INTCONST            shift, and go to state 21
    TTAG                shift, and go to state 61
    VAR                 shift, and go to state 23
    IDENT               shift, and go to state 24
    STRATOM             shift, and go to state 26
    TAGATOM             shift, and go to state 27
    FLTCONST            shift, and go to state 28
    '-'                 shift, and go to state 29
    '*'                 shift, and go to state 30
    '('                 shift, and go to state 31
    '~'                 shift, and go to state 32
    '!'                 shift, and go to state 33

    object_decl   go to state 39
    expr          go to state 251
    slot_acc      go to state 47
    intslot_acc   go to state 48
    stmt_expr     go to state 65
    funcall_expr  go to state 50
    assert_expr   go to state 51


State 211

   22 stmt: rwRETURN '{' expr_list '}' • ';'

    ';'  shift, and go to state 252


State 212

   67 while_stmt: rwWHILE '(' expr ')' • stmt_block

    rwDECLARE           shift, and go to state 5
    rwDECLARESINGLETON  shift, and go to state 6
    rwBREAK             shift, and go to state 7
    rwCONTINUE          shift, and go to state 8
    rwIF                shift, and go to state 9
    rwRETURN            shift, and go to state 10
    rwWHILE             shift, and go to state 11
    rwDO                shift, and go to state 12
    rwFOR               shift, and go to state 13
    rwFOREACH           shift, and go to state 14
    rwFOREACHSTR        shift, and go to state 15
    rwDATABLOCK         shift, and go to state 16
    rwSWITCH            shift, and go to state 17
    rwSWITCHSTR         shift, and go to state 18
    rwASSERT            shift, and go to state 20
    INTCONST            shift, and go to state 21
    TTAG                shift, and go to state 22
    VAR                 shift, and go to state 23
    IDENT               shift, and go to state 24
    DOCBLOCK            shift, and go to state 25
    STRATOM             shift, and go to state 26
    TAGATOM             shift, and go to state 27
    FLTCONST            shift, and go to state 28
    '-'                 shift, and go to state 29
    '*'                 shift, and go to state 30
    '('                 shift, and go to state 31
    '{'                 shift, and go to state 67
    '~'                 shift, and go to state 32
    '!'                 shift, and go to state 33

    stmt             go to state 68
    datablock_decl   go to state 38
    object_decl      go to state 39
    stmt_block       go to state 253
    switch_stmt      go to state 40
    if_stmt          go to state 41
    while_stmt       go to state 42
    for_stmt         go to state 43
    foreach_stmt     go to state 44
    expression_stmt  go to state 45
    expr             go to state 46
    slot_acc         go to state 47
    intslot_acc      go to state 48
    stmt_expr        go to state 49
    funcall_expr     go to state 50
    assert_expr      go to state 51


State 213

   56 stmt_block: '{' statement_list '}' •

    $default  reduce using rule 56 (stmt_block)


State 214

   11 statement_list: statement_list stmt •

    $default  reduce using rule 11 (statement_list)


State 215

   68 while_stmt: rwDO stmt_block rwWHILE '(' • expr ')'

    rwDECLARE           shift, and go to state 5
    rwDECLARESINGLETON  shift, and go to state 6
    rwBREAK             shift, and go to state 60
    rwASSERT            shift, and go to state 20
    INTCONST            shift, and go to state 21
    TTAG                shift, and go to state 61
    VAR                 shift, and go to state 23
    IDENT               shift, and go to state 24
    STRATOM             shift, and go to state 26
    TAGATOM             shift, and go to state 27
    FLTCONST            shift, and go to state 28
    '-'                 shift, and go to state 29
    '*'                 shift, and go to state 30
    '('                 shift, and go to state 31
    '~'                 shift, and go to state 32
    '!'                 shift, and go to state 33

    object_decl   go to state 39
    expr          go to state 254
    slot_acc      go to state 47
    intslot_acc   go to state 48
    stmt_expr     go to state 65
    funcall_expr  go to state 50
    assert_expr   go to state 51


State 216

   75 for_stmt: rwFOR '(' ';' ';' • expr ')' stmt_block
   76         | rwFOR '(' ';' ';' • ')' stmt_block

    rwDECLARE           shift, and go to state 5
    rwDECLARESINGLETON  shift, and go to state 6
    rwBREAK             shift, and go to state 60
    rwASSERT            shift, and go to state 20
    INTCONST            shift, and go to state 21
    TTAG                shift, and go to state 61
    VAR                 shift, and go to state 23
    IDENT               shift, and go to state 24
    STRATOM             shift, and go to state 26
    TAGATOM             shift, and go to state 27
    FLTCONST            shift, and go to state 28
    '-'                 shift, and go to state 29
    '*'                 shift, and go to state 30
    '('                 shift, and go to state 31
    ')'                 shift, and go to state 255
    '~'                 shift, and go to state 32
    '!'                 shift, and go to state 33

    object_decl   go to state 39
    expr          go to state 256
    slot_acc      go to state 47
    intslot_acc   go to state 48
    stmt_expr     go to state 65
    funcall_expr  go to state 50
    assert_expr   go to state 51


State 217

   73 for_stmt: rwFOR '(' ';' expr • ';' expr ')' stmt_block
   74         | rwFOR '(' ';' expr • ';' ')' stmt_block
   82 expr: expr • '^' expr
   83     | expr • '%' expr
   84     | expr • '&' expr
   85     | expr • '|' expr
   86     | expr • '+' expr
   87     | expr • '-' expr
   88     | expr • '*' expr
   89     | expr • '/' expr
   93     | expr • '?' expr ':' expr
   94     | expr • '<' expr
   95     | expr • '>' expr
   96     | expr • opGE expr
   97     | expr • opLE expr
   98     | expr • opEQ expr
   99     | expr • opNE expr
  100     | expr • opOR expr
  101     | expr • opSHL expr
  102     | expr • opSHR expr
  103     | expr • opAND expr
  104     | expr • opSTREQ expr
  105     | expr • opSTRNE expr
  106     | expr • '@' expr
  119 slot_acc: expr • '.' IDENT
  120         | expr • '.' IDENT '[' aidx_expr ']'
  121 intslot_acc: expr • opINTNAME class_name_expr
  122            | expr • opINTNAMER class_name_expr
  151 funcall_expr: expr • '.' IDENT '(' func_arg_list_decl ')'

    '+'         shift, and go to state 102
    '-'         shift, and go to state 103
    '*'         shift, and go to state 104
    '/'         shift, and go to state 105
    '<'         shift, and go to state 106
    '>'         shift, and go to state 107
    '.'         shift, and go to state 108
    '|'         shift, and go to state 109
    '&'         shift, and go to state 110
    '%'         shift, and go to state 111
    ';'         shift, and go to state 257
    '^'         shift, and go to state 112
    '@'         shift, and go to state 113
    opINTNAME   shift, and go to state 114
    opINTNAMER  shift, and go to state 115
    opSHL       shift, and go to state 116
    opSHR       shift, and go to state 117
    opEQ        shift, and go to state 118
    opNE        shift, and go to state 119
    opGE        shift, and go to state 120
    opLE        shift, and go to state 121
    opAND       shift, and go to state 122
    opOR        shift, and go to state 123
    opSTREQ     shift, and go to state 124
    opSTRNE     shift, and go to state 125
    '?'         shift, and go to state 126


State 218

   69 for_stmt: rwFOR '(' expr ';' • expr ';' expr ')' stmt_block
   70         | rwFOR '(' expr ';' • expr ';' ')' stmt_block
   71         | rwFOR '(' expr ';' • ';' expr ')' stmt_block
   72         | rwFOR '(' expr ';' • ';' ')' stmt_block

    rwDECLARE           shift, and go to state 5
    rwDECLARESINGLETON  shift, and go to state 6
    rwBREAK             shift, and go to state 60
    rwASSERT            shift, and go to state 20
    INTCONST            shift, and go to state 21
    TTAG                shift, and go to state 61
    VAR                 shift, and go to state 23
    IDENT               shift, and go to state 24
    STRATOM             shift, and go to state 26
    TAGATOM             shift, and go to state 27
    FLTCONST            shift, and go to state 28
    '-'                 shift, and go to state 29
    '*'                 shift, and go to state 30
    '('                 shift, and go to state 31
    ';'                 shift, and go to state 258
    '~'                 shift, and go to state 32
    '!'                 shift, and go to state 33

    object_decl   go to state 39
    expr          go to state 259
    slot_acc      go to state 47
    intslot_acc   go to state 48
    stmt_expr     go to state 65
    funcall_expr  go to state 50
    assert_expr   go to state 51


State 219

   77 foreach_stmt: rwFOREACH '(' VAR rwIN • expr ')' stmt_block

    rwDECLARE           shift, and go to state 5
    rwDECLARESINGLETON  shift, and go to state 6
    rwBREAK             shift, and go to state 60
    rwASSERT            shift, and go to state 20
    INTCONST            shift, and go to state 21
    TTAG                shift, and go to state 61
    VAR                 shift, and go to state 23
    IDENT               shift, and go to state 24
    STRATOM             shift, and go to state 26
    TAGATOM             shift, and go to state 27
    FLTCONST            shift, and go to state 28
    '-'                 shift, and go to state 29
    '*'                 shift, and go to state 30
    '('                 shift, and go to state 31
    '~'                 shift, and go to state 32
    '!'                 shift, and go to state 33

    object_decl   go to state 39
    expr          go to state 260
    slot_acc      go to state 47
    intslot_acc   go to state 48
    stmt_expr     go to state 65
    funcall_expr  go to state 50
    assert_expr   go to state 51


State 220

   78 foreach_stmt: rwFOREACHSTR '(' VAR rwIN • expr ')' stmt_block

    rwDECLARE           shift, and go to state 5
    rwDECLARESINGLETON  shift, and go to state 6
    rwBREAK             shift, and go to state 60
    rwASSERT            shift, and go to state 20
    INTCONST            shift, and go to state 21
    TTAG                shift, and go to state 61
    VAR                 shift, and go to state 23
    IDENT               shift, and go to state 24
    STRATOM             shift, and go to state 26
    TAGATOM             shift, and go to state 27
    FLTCONST            shift, and go to state 28
    '-'                 shift, and go to state 29
    '*'                 shift, and go to state 30
    '('                 shift, and go to state 31
    '~'                 shift, and go to state 32
    '!'                 shift, and go to state 33

    object_decl   go to state 39
    expr          go to state 261
    slot_acc      go to state 47
    intslot_acc   go to state 48
    stmt_expr     go to state 65
    funcall_expr  go to state 50
    assert_expr   go to state 51


State 221

   37 datablock_decl: rwDATABLOCK class_name_expr '(' expr • parent_block ')' '{' slot_assign_list_opt '}' ';'
   82 expr: expr • '^' expr
   83     | expr • '%' expr
   84     | expr • '&' expr
   85     | expr • '|' expr
   86     | expr • '+' expr
   87     | expr • '-' expr
   88     | expr • '*' expr
   89     | expr • '/' expr
   93     | expr • '?' expr ':' expr
   94     | expr • '<' expr
   95     | expr • '>' expr
   96     | expr • opGE expr
   97     | expr • opLE expr
   98     | expr • opEQ expr
   99     | expr • opNE expr
  100     | expr • opOR expr
  101     | expr • opSHL expr
  102     | expr • opSHR expr
  103     | expr • opAND expr
  104     | expr • opSTREQ expr
  105     | expr • opSTRNE expr
  106     | expr • '@' expr
  119 slot_acc: expr • '.' IDENT
  120         | expr • '.' IDENT '[' aidx_expr ']'
  121 intslot_acc: expr • opINTNAME class_name_expr
  122            | expr • opINTNAMER class_name_expr
  151 funcall_expr: expr • '.' IDENT '(' func_arg_list_decl ')'

    '+'         shift, and go to state 102
    '-'         shift, and go to state 103
    '*'         shift, and go to state 104
    '/'         shift, and go to state 105
    '<'         shift, and go to state 106
    '>'         shift, and go to state 107
    '.'         shift, and go to state 108
    '|'         shift, and go to state 109
    '&'         shift, and go to state 110
    '%'         shift, and go to state 111
    ':'         shift, and go to state 247
    '^'         shift, and go to state 112
    '@'         shift, and go to state 113
    opINTNAME   shift, and go to state 114
    opINTNAMER  shift, and go to state 115
    opSHL       shift, and go to state 116
    opSHR       shift, and go to state 117
    opEQ        shift, and go to state 118
    opNE        shift, and go to state 119
    opGE        shift, and go to state 120
    opLE        shift, and go to state 121
    opAND       shift, and go to state 122
    opOR        shift, and go to state 123
    opSTREQ     shift, and go to state 124
    opSTRNE     shift, and go to state 125
    '?'         shift, and go to state 126

    $default  reduce using rule 44 (parent_block)

    parent_block  go to state 262


State 222

   58 switch_stmt: rwSWITCH '(' expr ')' • '{' case_block '}'

    '{'  shift, and go to state 263


State 223

   59 switch_stmt: rwSWITCHSTR '(' expr ')' • '{' case_block '}'

    '{'  shift, and go to state 264


State 224

    7 package_decl: rwPACKAGE IDENT '{' fn_decl_list • '}' ';'
    9 fn_decl_list: fn_decl_list • fn_decl_stmt

    rwDEFINE  shift, and go to state 4
    '}'       shift, and go to state 265

    fn_decl_stmt  go to state 266


State 225

    8 fn_decl_list: fn_decl_stmt •

    $default  reduce using rule 8 (fn_decl_list)


State 226

  158 assert_expr: rwASSERT '(' expr ')' •

    $default  reduce using rule 158 (assert_expr)


State 227

  159 assert_expr: rwASSERT '(' expr ',' • STRATOM ')'

    STRATOM  shift, and go to state 267


State 228

   25 stmt: TTAG '=' expr ',' • expr ';'

    rwDECLARE           shift, and go to state 5
    rwDECLARESINGLETON  shift, and go to state 6
    rwBREAK             shift, and go to state 60
    rwASSERT            shift, and go to state 20
    INTCONST            shift, and go to state 21
    TTAG                shift, and go to state 61
    VAR                 shift, and go to state 23
    IDENT               shift, and go to state 24
    STRATOM             shift, and go to state 26
    TAGATOM             shift, and go to state 27
    FLTCONST            shift, and go to state 28
    '-'                 shift, and go to state 29
    '*'                 shift, and go to state 30
    '('                 shift, and go to state 31
    '~'                 shift, and go to state 32
    '!'                 shift, and go to state 33

    object_decl   go to state 39
    expr          go to state 268
    slot_acc      go to state 47
    intslot_acc   go to state 48
    stmt_expr     go to state 65
    funcall_expr  go to state 50
    assert_expr   go to state 51


State 229

   24 stmt: TTAG '=' expr ';' •

    $default  reduce using rule 24 (stmt)


State 230

  141 stmt_expr: VAR '=' '{' expr_list • '}'
  161 expr_list: expr_list • ',' expr

    ','  shift, and go to state 210
    '}'  shift, and go to state 269


State 231

  175 aidx_expr: aidx_expr ',' • expr

    rwDECLARE           shift, and go to state 5
    rwDECLARESINGLETON  shift, and go to state 6
    rwBREAK             shift, and go to state 60
    rwASSERT            shift, and go to state 20
    INTCONST            shift, and go to state 21
    TTAG                shift, and go to state 61
    VAR                 shift, and go to state 23
    IDENT               shift, and go to state 24
    STRATOM             shift, and go to state 26
    TAGATOM             shift, and go to state 27
    FLTCONST            shift, and go to state 28
    '-'                 shift, and go to state 29
    '*'                 shift, and go to state 30
    '('                 shift, and go to state 31
    '~'                 shift, and go to state 32
    '!'                 shift, and go to state 33

    object_decl   go to state 39
    expr          go to state 270
    slot_acc      go to state 47
    intslot_acc   go to state 48
    stmt_expr     go to state 65
    funcall_expr  go to state 50
    assert_expr   go to state 51


State 232

  118 expr: VAR '[' aidx_expr ']' •
  142 stmt_expr: VAR '[' aidx_expr ']' • '=' expr
  143          | VAR '[' aidx_expr ']' • '=' '{' expr_list '}'
  145          | VAR '[' aidx_expr ']' • assign_op_struct

    '='           shift, and go to state 271
    opMINUSMINUS  shift, and go to state 80
    opPLUSPLUS    shift, and go to state 81
    opPLASN       shift, and go to state 82
    opMIASN       shift, and go to state 83
    opMLASN       shift, and go to state 84
    opDVASN       shift, and go to state 85
    opMODASN      shift, and go to state 86
    opANDASN      shift, and go to state 87
    opXORASN      shift, and go to state 88
    opORASN       shift, and go to state 89
    opSLASN       shift, and go to state 90
    opSRASN       shift, and go to state 91

    $default  reduce using rule 118 (expr)

    assign_op_struct  go to state 272


State 233

  153 func_arg_item: '{' expr_list • '}'
  161 expr_list: expr_list • ',' expr

    ','  shift, and go to state 210
    '}'  shift, and go to state 273


State 234

  155 func_arg_list: func_arg_list ',' • func_arg_item

    rwDECLARE           shift, and go to state 5
    rwDECLARESINGLETON  shift, and go to state 6
    rwBREAK             shift, and go to state 60
    rwASSERT            shift, and go to state 20
    INTCONST            shift, and go to state 21
    TTAG                shift, and go to state 61
    VAR                 shift, and go to state 23
    IDENT               shift, and go to state 24
    STRATOM             shift, and go to state 26
    TAGATOM             shift, and go to state 27
    FLTCONST            shift, and go to state 28
    '-'                 shift, and go to state 29
    '*'                 shift, and go to state 30
    '('                 shift, and go to state 31
    '{'                 shift, and go to state 165
    '~'                 shift, and go to state 32
    '!'                 shift, and go to state 33

    object_decl    go to state 39
    expr           go to state 166
    slot_acc       go to state 47
    intslot_acc    go to state 48
    stmt_expr      go to state 65
    funcall_expr   go to state 50
    func_arg_item  go to state 274
    assert_expr    go to state 51


State 235

  149 funcall_expr: IDENT '(' func_arg_list_decl ')' •

    $default  reduce using rule 149 (funcall_expr)


State 236

  150 funcall_expr: IDENT opCOLONCOLON IDENT '(' • func_arg_list_decl ')'

    rwDECLARE           shift, and go to state 5
    rwDECLARESINGLETON  shift, and go to state 6
    rwBREAK             shift, and go to state 60
    rwASSERT            shift, and go to state 20
    INTCONST            shift, and go to state 21
    TTAG                shift, and go to state 61
    VAR                 shift, and go to state 23
    IDENT               shift, and go to state 24
    STRATOM             shift, and go to state 26
    TAGATOM             shift, and go to state 27
    FLTCONST            shift, and go to state 28
    '-'                 shift, and go to state 29
    '*'                 shift, and go to state 30
    '('                 shift, and go to state 31
    '{'                 shift, and go to state 165
    '~'                 shift, and go to state 32
    '!'                 shift, and go to state 33

    $default  reduce using rule 156 (func_arg_list_decl)

    object_decl         go to state 39
    expr                go to state 166
    slot_acc            go to state 47
    intslot_acc         go to state 48
    stmt_expr           go to state 65
    funcall_expr        go to state 50
    func_arg_item       go to state 167
    func_arg_list       go to state 168
    func_arg_list_decl  go to state 275
    assert_expr         go to state 51


State 237

  151 funcall_expr: expr '.' IDENT '(' • func_arg_list_decl ')'

    rwDECLARE           shift, and go to state 5
    rwDECLARESINGLETON  shift, and go to state 6
    rwBREAK             shift, and go to state 60
    rwASSERT            shift, and go to state 20
    INTCONST            shift, and go to state 21
    TTAG                shift, and go to state 61
    VAR                 shift, and go to state 23
    IDENT               shift, and go to state 24
    STRATOM             shift, and go to state 26
    TAGATOM             shift, and go to state 27
    FLTCONST            shift, and go to state 28
    '-'                 shift, and go to state 29
    '*'                 shift, and go to state 30
    '('                 shift, and go to state 31
    '{'                 shift, and go to state 165
    '~'                 shift, and go to state 32
    '!'                 shift, and go to state 33

    $default  reduce using rule 156 (func_arg_list_decl)

    object_decl         go to state 39
    expr                go to state 166
    slot_acc            go to state 47
    intslot_acc         go to state 48
    stmt_expr           go to state 65
    funcall_expr        go to state 50
    func_arg_item       go to state 167
    func_arg_list       go to state 168
    func_arg_list_decl  go to state 276
    assert_expr         go to state 51


State 238

  120 slot_acc: expr '.' IDENT '[' • aidx_expr ']'

    rwDECLARE           shift, and go to state 5
    rwDECLARESINGLETON  shift, and go to state 6
    rwBREAK             shift, and go to state 60
    rwASSERT            shift, and go to state 20
    INTCONST            shift, and go to state 21
    TTAG                shift, and go to state 61
    VAR                 shift, and go to state 23
    IDENT               shift, and go to state 24
    STRATOM             shift, and go to state 26
    TAGATOM             shift, and go to state 27
    FLTCONST            shift, and go to state 28
    '-'                 shift, and go to state 29
    '*'                 shift, and go to state 30
    '('                 shift, and go to state 31
    '~'                 shift, and go to state 32
    '!'                 shift, and go to state 33

    object_decl   go to state 39
    expr          go to state 163
    slot_acc      go to state 47
    intslot_acc   go to state 48
    stmt_expr     go to state 65
    funcall_expr  go to state 50
    assert_expr   go to state 51
    aidx_expr     go to state 277


State 239

   93 expr: expr '?' expr ':' • expr

    rwDECLARE           shift, and go to state 5
    rwDECLARESINGLETON  shift, and go to state 6
    rwBREAK             shift, and go to state 60
    rwASSERT            shift, and go to state 20
    INTCONST            shift, and go to state 21
    TTAG                shift, and go to state 61
    VAR                 shift, and go to state 23
    IDENT               shift, and go to state 24
    STRATOM             shift, and go to state 26
    TAGATOM             shift, and go to state 27
    FLTCONST            shift, and go to state 28
    '-'                 shift, and go to state 29
    '*'                 shift, and go to state 30
    '('                 shift, and go to state 31
    '~'                 shift, and go to state 32
    '!'                 shift, and go to state 33

    object_decl   go to state 39
    expr          go to state 278
    slot_acc      go to state 47
    intslot_acc   go to state 48
    stmt_expr     go to state 65
    funcall_expr  go to state 50
    assert_expr   go to state 51


State 240

  148 stmt_expr: slot_acc '=' '{' expr_list • '}'
  161 expr_list: expr_list • ',' expr

    ','  shift, and go to state 210
    '}'  shift, and go to state 279


State 241

   35 param: VAR '=' • expr

    rwDECLARE           shift, and go to state 5
    rwDECLARESINGLETON  shift, and go to state 6
    rwBREAK             shift, and go to state 60
    rwASSERT            shift, and go to state 20
    INTCONST            shift, and go to state 21
    TTAG                shift, and go to state 61
    VAR                 shift, and go to state 23
    IDENT               shift, and go to state 24
    STRATOM             shift, and go to state 26
    TAGATOM             shift, and go to state 27
    FLTCONST            shift, and go to state 28
    '-'                 shift, and go to state 29
    '*'                 shift, and go to state 30
    '('                 shift, and go to state 31
    '~'                 shift, and go to state 32
    '!'                 shift, and go to state 33

    object_decl   go to state 39
    expr          go to state 280
    slot_acc      go to state 47
    intslot_acc   go to state 48
    stmt_expr     go to state 65
    funcall_expr  go to state 50
    assert_expr   go to state 51


State 242

   34 param: VAR '?' •
   36      | VAR '?' • '=' expr

    '='  shift, and go to state 281

    $default  reduce using rule 34 (param)


State 243

   27 fn_decl_stmt: rwDEFINE IDENT '(' var_list_decl ')' • '{' statement_list '}'

    '{'  shift, and go to state 282


State 244

   32 var_list: var_list ',' • param

    VAR  shift, and go to state 199

    param  go to state 283


State 245

   28 fn_decl_stmt: rwDEFINE IDENT opCOLONCOLON IDENT '(' • var_list_decl ')' '{' statement_list '}'

    VAR  shift, and go to state 199

    $default  reduce using rule 29 (var_list_decl)

    var_list_decl  go to state 284
    var_list       go to state 201
    param          go to state 202


State 246

   40 object_decl: rwDECLARE class_name_expr '(' '[' object_name • ']' parent_block object_args ')' '{' object_declare_block '}'
   41            | rwDECLARE class_name_expr '(' '[' object_name • ']' parent_block object_args ')'

    ']'  shift, and go to state 285


State 247

   45 parent_block: ':' • IDENT

    IDENT  shift, and go to state 286


State 248

   38 object_decl: rwDECLARE class_name_expr '(' object_name parent_block • object_args ')' '{' object_declare_block '}'
   39            | rwDECLARE class_name_expr '(' object_name parent_block • object_args ')'

    ','  shift, and go to state 287

    $default  reduce using rule 48 (object_args)

    object_args  go to state 288


State 249

   42 object_decl: rwDECLARESINGLETON class_name_expr '(' object_name parent_block • object_args ')' '{' object_declare_block '}'
   43            | rwDECLARESINGLETON class_name_expr '(' object_name parent_block • object_args ')'

    ','  shift, and go to state 287

    $default  reduce using rule 48 (object_args)

    object_args  go to state 289


State 250

   65 if_stmt: rwIF '(' expr ')' stmt_block •
   66        | rwIF '(' expr ')' stmt_block • rwELSE stmt_block

    rwELSE  shift, and go to state 290

    rwELSE    [reduce using rule 65 (if_stmt)]
    $default  reduce using rule 65 (if_stmt)


State 251

   82 expr: expr • '^' expr
   83     | expr • '%' expr
   84     | expr • '&' expr
   85     | expr • '|' expr
   86     | expr • '+' expr
   87     | expr • '-' expr
   88     | expr • '*' expr
   89     | expr • '/' expr
   93     | expr • '?' expr ':' expr
   94     | expr • '<' expr
   95     | expr • '>' expr
   96     | expr • opGE expr
   97     | expr • opLE expr
   98     | expr • opEQ expr
   99     | expr • opNE expr
  100     | expr • opOR expr
  101     | expr • opSHL expr
  102     | expr • opSHR expr
  103     | expr • opAND expr
  104     | expr • opSTREQ expr
  105     | expr • opSTRNE expr
  106     | expr • '@' expr
  119 slot_acc: expr • '.' IDENT
  120         | expr • '.' IDENT '[' aidx_expr ']'
  121 intslot_acc: expr • opINTNAME class_name_expr
  122            | expr • opINTNAMER class_name_expr
  151 funcall_expr: expr • '.' IDENT '(' func_arg_list_decl ')'
  161 expr_list: expr_list ',' expr •

    '+'         shift, and go to state 102
    '-'         shift, and go to state 103
    '*'         shift, and go to state 104
    '/'         shift, and go to state 105
    '<'         shift, and go to state 106
    '>'         shift, and go to state 107
    '.'         shift, and go to state 108
    '|'         shift, and go to state 109
    '&'         shift, and go to state 110
    '%'         shift, and go to state 111
    '^'         shift, and go to state 112
    '@'         shift, and go to state 113
    opINTNAME   shift, and go to state 114
    opINTNAMER  shift, and go to state 115
    opSHL       shift, and go to state 116
    opSHR       shift, and go to state 117
    opEQ        shift, and go to state 118
    opNE        shift, and go to state 119
    opGE        shift, and go to state 120
    opLE        shift, and go to state 121
    opAND       shift, and go to state 122
    opOR        shift, and go to state 123
    opSTREQ     shift, and go to state 124
    opSTRNE     shift, and go to state 125
    '?'         shift, and go to state 126

    $default  reduce using rule 161 (expr_list)


State 252

   22 stmt: rwRETURN '{' expr_list '}' ';' •

    $default  reduce using rule 22 (stmt)


State 253

   67 while_stmt: rwWHILE '(' expr ')' stmt_block •

    $default  reduce using rule 67 (while_stmt)


State 254

   68 while_stmt: rwDO stmt_block rwWHILE '(' expr • ')'
   82 expr: expr • '^' expr
   83     | expr • '%' expr
   84     | expr • '&' expr
   85     | expr • '|' expr
   86     | expr • '+' expr
   87     | expr • '-' expr
   88     | expr • '*' expr
   89     | expr • '/' expr
   93     | expr • '?' expr ':' expr
   94     | expr • '<' expr
   95     | expr • '>' expr
   96     | expr • opGE expr
   97     | expr • opLE expr
   98     | expr • opEQ expr
   99     | expr • opNE expr
  100     | expr • opOR expr
  101     | expr • opSHL expr
  102     | expr • opSHR expr
  103     | expr • opAND expr
  104     | expr • opSTREQ expr
  105     | expr • opSTRNE expr
  106     | expr • '@' expr
  119 slot_acc: expr • '.' IDENT
  120         | expr • '.' IDENT '[' aidx_expr ']'
  121 intslot_acc: expr • opINTNAME class_name_expr
  122            | expr • opINTNAMER class_name_expr
  151 funcall_expr: expr • '.' IDENT '(' func_arg_list_decl ')'

    '+'         shift, and go to state 102
    '-'         shift, and go to state 103
    '*'         shift, and go to state 104
    '/'         shift, and go to state 105
    '<'         shift, and go to state 106
    '>'         shift, and go to state 107
    '.'         shift, and go to state 108
    '|'         shift, and go to state 109
    '&'         shift, and go to state 110
    '%'         shift, and go to state 111
    ')'         shift, and go to state 291
    '^'         shift, and go to state 112
    '@'         shift, and go to state 113
    opINTNAME   shift, and go to state 114
    opINTNAMER  shift, and go to state 115
    opSHL       shift, and go to state 116
    opSHR       shift, and go to state 117
    opEQ        shift, and go to state 118
    opNE        shift, and go to state 119
    opGE        shift, and go to state 120
    opLE        shift, and go to state 121
    opAND       shift, and go to state 122
    opOR        shift, and go to state 123
    opSTREQ     shift, and go to state 124
    opSTRNE     shift, and go to state 125
    '?'         shift, and go to state 126


State 255

   76 for_stmt: rwFOR '(' ';' ';' ')' • stmt_block

    rwDECLARE           shift, and go to state 5
    rwDECLARESINGLETON  shift, and go to state 6
    rwBREAK             shift, and go to state 7
    rwCONTINUE          shift, and go to state 8
    rwIF                shift, and go to state 9
    rwRETURN            shift, and go to state 10
    rwWHILE             shift, and go to state 11
    rwDO                shift, and go to state 12
    rwFOR               shift, and go to state 13
    rwFOREACH           shift, and go to state 14
    rwFOREACHSTR        shift, and go to state 15
    rwDATABLOCK         shift, and go to state 16
    rwSWITCH            shift, and go to state 17
    rwSWITCHSTR         shift, and go to state 18
    rwASSERT            shift, and go to state 20
    INTCONST            shift, and go to state 21
    TTAG                shift, and go to state 22
    VAR                 shift, and go to state 23
    IDENT               shift, and go to state 24
    DOCBLOCK            shift, and go to state 25
    STRATOM             shift, and go to state 26
    TAGATOM             shift, and go to state 27
    FLTCONST            shift, and go to state 28
    '-'                 shift, and go to state 29
    '*'                 shift, and go to state 30
    '('                 shift, and go to state 31
    '{'                 shift, and go to state 67
    '~'                 shift, and go to state 32
    '!'                 shift, and go to state 33

    stmt             go to state 68
    datablock_decl   go to state 38
    object_decl      go to state 39
    stmt_block       go to state 292
    switch_stmt      go to state 40
    if_stmt          go to state 41
    while_stmt       go to state 42
    for_stmt         go to state 43
    foreach_stmt     go to state 44
    expression_stmt  go to state 45
    expr             go to state 46
    slot_acc         go to state 47
    intslot_acc      go to state 48
    stmt_expr        go to state 49
    funcall_expr     go to state 50
    assert_expr      go to state 51


State 256

   75 for_stmt: rwFOR '(' ';' ';' expr • ')' stmt_block
   82 expr: expr • '^' expr
   83     | expr • '%' expr
   84     | expr • '&' expr
   85     | expr • '|' expr
   86     | expr • '+' expr
   87     | expr • '-' expr
   88     | expr • '*' expr
   89     | expr • '/' expr
   93     | expr • '?' expr ':' expr
   94     | expr • '<' expr
   95     | expr • '>' expr
   96     | expr • opGE expr
   97     | expr • opLE expr
   98     | expr • opEQ expr
   99     | expr • opNE expr
  100     | expr • opOR expr
  101     | expr • opSHL expr
  102     | expr • opSHR expr
  103     | expr • opAND expr
  104     | expr • opSTREQ expr
  105     | expr • opSTRNE expr
  106     | expr • '@' expr
  119 slot_acc: expr • '.' IDENT
  120         | expr • '.' IDENT '[' aidx_expr ']'
  121 intslot_acc: expr • opINTNAME class_name_expr
  122            | expr • opINTNAMER class_name_expr
  151 funcall_expr: expr • '.' IDENT '(' func_arg_list_decl ')'

    '+'         shift, and go to state 102
    '-'         shift, and go to state 103
    '*'         shift, and go to state 104
    '/'         shift, and go to state 105
    '<'         shift, and go to state 106
    '>'         shift, and go to state 107
    '.'         shift, and go to state 108
    '|'         shift, and go to state 109
    '&'         shift, and go to state 110
    '%'         shift, and go to state 111
    ')'         shift, and go to state 293
    '^'         shift, and go to state 112
    '@'         shift, and go to state 113
    opINTNAME   shift, and go to state 114
    opINTNAMER  shift, and go to state 115
    opSHL       shift, and go to state 116
    opSHR       shift, and go to state 117
    opEQ        shift, and go to state 118
    opNE        shift, and go to state 119
    opGE        shift, and go to state 120
    opLE        shift, and go to state 121
    opAND       shift, and go to state 122
    opOR        shift, and go to state 123
    opSTREQ     shift, and go to state 124
    opSTRNE     shift, and go to state 125
    '?'         shift, and go to state 126


State 257

   73 for_stmt: rwFOR '(' ';' expr ';' • expr ')' stmt_block
   74         | rwFOR '(' ';' expr ';' • ')' stmt_block

    rwDECLARE           shift, and go to state 5
    rwDECLARESINGLETON  shift, and go to state 6
    rwBREAK             shift, and go to state 60
    rwASSERT            shift, and go to state 20
    INTCONST            shift, and go to state 21
    TTAG                shift, and go to state 61
    VAR                 shift, and go to state 23
    IDENT               shift, and go to state 24
    STRATOM             shift, and go to state 26
    TAGATOM             shift, and go to state 27
    FLTCONST            shift, and go to state 28
    '-'                 shift, and go to state 29
    '*'                 shift, and go to state 30
    '('                 shift, and go to state 31
    ')'                 shift, and go to state 294
    '~'                 shift, and go to state 32
    '!'                 shift, and go to state 33

    object_decl   go to state 39
    expr          go to state 295
    slot_acc      go to state 47
    intslot_acc   go to state 48
    stmt_expr     go to state 65
    funcall_expr  go to state 50
    assert_expr   go to state 51


State 258

   71 for_stmt: rwFOR '(' expr ';' ';' • expr ')' stmt_block
   72         | rwFOR '(' expr ';' ';' • ')' stmt_block

    rwDECLARE           shift, and go to state 5
    rwDECLARESINGLETON  shift, and go to state 6
    rwBREAK             shift, and go to state 60
    rwASSERT            shift, and go to state 20
    INTCONST            shift, and go to state 21
    TTAG                shift, and go to state 61
    VAR                 shift, and go to state 23
    IDENT               shift, and go to state 24
    STRATOM             shift, and go to state 26
    TAGATOM             shift, and go to state 27
    FLTCONST            shift, and go to state 28
    '-'                 shift, and go to state 29
    '*'                 shift, and go to state 30
    '('                 shift, and go to state 31
    ')'                 shift, and go to state 296
    '~'                 shift, and go to state 32
    '!'                 shift, and go to state 33

    object_decl   go to state 39
    expr          go to state 297
    slot_acc      go to state 47
    intslot_acc   go to state 48
    stmt_expr     go to state 65
    funcall_expr  go to state 50
    assert_expr   go to state 51


State 259

   69 for_stmt: rwFOR '(' expr ';' expr • ';' expr ')' stmt_block
   70         | rwFOR '(' expr ';' expr • ';' ')' stmt_block
   82 expr: expr • '^' expr
   83     | expr • '%' expr
   84     | expr • '&' expr
   85     | expr • '|' expr
   86     | expr • '+' expr
   87     | expr • '-' expr
   88     | expr • '*' expr
   89     | expr • '/' expr
   93     | expr • '?' expr ':' expr
   94     | expr • '<' expr
   95     | expr • '>' expr
   96     | expr • opGE expr
   97     | expr • opLE expr
   98     | expr • opEQ expr
   99     | expr • opNE expr
  100     | expr • opOR expr
  101     | expr • opSHL expr
  102     | expr • opSHR expr
  103     | expr • opAND expr
  104     | expr • opSTREQ expr
  105     | expr • opSTRNE expr
  106     | expr • '@' expr
  119 slot_acc: expr • '.' IDENT
  120         | expr • '.' IDENT '[' aidx_expr ']'
  121 intslot_acc: expr • opINTNAME class_name_expr
  122            | expr • opINTNAMER class_name_expr
  151 funcall_expr: expr • '.' IDENT '(' func_arg_list_decl ')'

    '+'         shift, and go to state 102
    '-'         shift, and go to state 103
    '*'         shift, and go to state 104
    '/'         shift, and go to state 105
    '<'         shift, and go to state 106
    '>'         shift, and go to state 107
    '.'         shift, and go to state 108
    '|'         shift, and go to state 109
    '&'         shift, and go to state 110
    '%'         shift, and go to state 111
    ';'         shift, and go to state 298
    '^'         shift, and go to state 112
    '@'         shift, and go to state 113
    opINTNAME   shift, and go to state 114
    opINTNAMER  shift, and go to state 115
    opSHL       shift, and go to state 116
    opSHR       shift, and go to state 117
    opEQ        shift, and go to state 118
    opNE        shift, and go to state 119
    opGE        shift, and go to state 120
    opLE        shift, and go to state 121
    opAND       shift, and go to state 122
    opOR        shift, and go to state 123
    opSTREQ     shift, and go to state 124
    opSTRNE     shift, and go to state 125
    '?'         shift, and go to state 126


State 260

   77 foreach_stmt: rwFOREACH '(' VAR rwIN expr • ')' stmt_block
   82 expr: expr • '^' expr
   83     | expr • '%' expr
   84     | expr • '&' expr
   85     | expr • '|' expr
   86     | expr • '+' expr
   87     | expr • '-' expr
   88     | expr • '*' expr
   89     | expr • '/' expr
   93     | expr • '?' expr ':' expr
   94     | expr • '<' expr
   95     | expr • '>' expr
   96     | expr • opGE expr
   97     | expr • opLE expr
   98     | expr • opEQ expr
   99     | expr • opNE expr
  100     | expr • opOR expr
  101     | expr • opSHL expr
  102     | expr • opSHR expr
  103     | expr • opAND expr
  104     | expr • opSTREQ expr
  105     | expr • opSTRNE expr
  106     | expr • '@' expr
  119 slot_acc: expr • '.' IDENT
  120         | expr • '.' IDENT '[' aidx_expr ']'
  121 intslot_acc: expr • opINTNAME class_name_expr
  122            | expr • opINTNAMER class_name_expr
  151 funcall_expr: expr • '.' IDENT '(' func_arg_list_decl ')'

    '+'         shift, and go to state 102
    '-'         shift, and go to state 103
    '*'         shift, and go to state 104
    '/'         shift, and go to state 105
    '<'         shift, and go to state 106
    '>'         shift, and go to state 107
    '.'         shift, and go to state 108
    '|'         shift, and go to state 109
    '&'         shift, and go to state 110
    '%'         shift, and go to state 111
    ')'         shift, and go to state 299
    '^'         shift, and go to state 112
    '@'         shift, and go to state 113
    opINTNAME   shift, and go to state 114
    opINTNAMER  shift, and go to state 115
    opSHL       shift, and go to state 116
    opSHR       shift, and go to state 117
    opEQ        shift, and go to state 118
    opNE        shift, and go to state 119
    opGE        shift, and go to state 120
    opLE        shift, and go to state 121
    opAND       shift, and go to state 122
    opOR        shift, and go to state 123
    opSTREQ     shift, and go to state 124
    opSTRNE     shift, and go to state 125
    '?'         shift, and go to state 126


State 261

   78 foreach_stmt: rwFOREACHSTR '(' VAR rwIN expr • ')' stmt_block
   82 expr: expr • '^' expr
   83     | expr • '%' expr
   84     | expr • '&' expr
   85     | expr • '|' expr
   86     | expr • '+' expr
   87     | expr • '-' expr
   88     | expr • '*' expr
   89     | expr • '/' expr
   93     | expr • '?' expr ':' expr
   94     | expr • '<' expr
   95     | expr • '>' expr
   96     | expr • opGE expr
   97     | expr • opLE expr
   98     | expr • opEQ expr
   99     | expr • opNE expr
  100     | expr • opOR expr
  101     | expr • opSHL expr
  102     | expr • opSHR expr
  103     | expr • opAND expr
  104     | expr • opSTREQ expr
  105     | expr • opSTRNE expr
  106     | expr • '@' expr
  119 slot_acc: expr • '.' IDENT
  120         | expr • '.' IDENT '[' aidx_expr ']'
  121 intslot_acc: expr • opINTNAME class_name_expr
  122            | expr • opINTNAMER class_name_expr
  151 funcall_expr: expr • '.' IDENT '(' func_arg_list_decl ')'

    '+'         shift, and go to state 102
    '-'         shift, and go to state 103
    '*'         shift, and go to state 104
    '/'         shift, and go to state 105
    '<'         shift, and go to state 106
    '>'         shift, and go to state 107
    '.'         shift, and go to state 108
    '|'         shift, and go to state 109
    '&'         shift, and go to state 110
    '%'         shift, and go to state 111
    ')'         shift, and go to state 300
    '^'         shift, and go to state 112
    '@'         shift, and go to state 113
    opINTNAME   shift, and go to state 114
    opINTNAMER  shift, and go to state 115
    opSHL       shift, and go to state 116
    opSHR       shift, and go to state 117
    opEQ        shift, and go to state 118
    opNE        shift, and go to state 119
    opGE        shift, and go to state 120
    opLE        shift, and go to state 121
    opAND       shift, and go to state 122
    opOR        shift, and go to state 123
    opSTREQ     shift, and go to state 124
    opSTRNE     shift, and go to state 125
    '?'         shift, and go to state 126


State 262

   37 datablock_decl: rwDATABLOCK class_name_expr '(' expr parent_block • ')' '{' slot_assign_list_opt '}' ';'

    ')'  shift, and go to state 301


State 263

   58 switch_stmt: rwSWITCH '(' expr ')' '{' • case_block '}'

    rwCASE  shift, and go to state 302

    case_block  go to state 303


State 264

   59 switch_stmt: rwSWITCHSTR '(' expr ')' '{' • case_block '}'

    rwCASE  shift, and go to state 302

    case_block  go to state 304


State 265

    7 package_decl: rwPACKAGE IDENT '{' fn_decl_list '}' • ';'

    ';'  shift, and go to state 305


State 266

    9 fn_decl_list: fn_decl_list fn_decl_stmt •

    $default  reduce using rule 9 (fn_decl_list)


State 267

  159 assert_expr: rwASSERT '(' expr ',' STRATOM • ')'

    ')'  shift, and go to state 306


State 268

   25 stmt: TTAG '=' expr ',' expr • ';'
   82 expr: expr • '^' expr
   83     | expr • '%' expr
   84     | expr • '&' expr
   85     | expr • '|' expr
   86     | expr • '+' expr
   87     | expr • '-' expr
   88     | expr • '*' expr
   89     | expr • '/' expr
   93     | expr • '?' expr ':' expr
   94     | expr • '<' expr
   95     | expr • '>' expr
   96     | expr • opGE expr
   97     | expr • opLE expr
   98     | expr • opEQ expr
   99     | expr • opNE expr
  100     | expr • opOR expr
  101     | expr • opSHL expr
  102     | expr • opSHR expr
  103     | expr • opAND expr
  104     | expr • opSTREQ expr
  105     | expr • opSTRNE expr
  106     | expr • '@' expr
  119 slot_acc: expr • '.' IDENT
  120         | expr • '.' IDENT '[' aidx_expr ']'
  121 intslot_acc: expr • opINTNAME class_name_expr
  122            | expr • opINTNAMER class_name_expr
  151 funcall_expr: expr • '.' IDENT '(' func_arg_list_decl ')'

    '+'         shift, and go to state 102
    '-'         shift, and go to state 103
    '*'         shift, and go to state 104
    '/'         shift, and go to state 105
    '<'         shift, and go to state 106
    '>'         shift, and go to state 107
    '.'         shift, and go to state 108
    '|'         shift, and go to state 109
    '&'         shift, and go to state 110
    '%'         shift, and go to state 111
    ';'         shift, and go to state 307
    '^'         shift, and go to state 112
    '@'         shift, and go to state 113
    opINTNAME   shift, and go to state 114
    opINTNAMER  shift, and go to state 115
    opSHL       shift, and go to state 116
    opSHR       shift, and go to state 117
    opEQ        shift, and go to state 118
    opNE        shift, and go to state 119
    opGE        shift, and go to state 120
    opLE        shift, and go to state 121
    opAND       shift, and go to state 122
    opOR        shift, and go to state 123
    opSTREQ     shift, and go to state 124
    opSTRNE     shift, and go to state 125
    '?'         shift, and go to state 126


State 269

  141 stmt_expr: VAR '=' '{' expr_list '}' •

    $default  reduce using rule 141 (stmt_expr)


State 270

   82 expr: expr • '^' expr
   83     | expr • '%' expr
   84     | expr • '&' expr
   85     | expr • '|' expr
   86     | expr • '+' expr
   87     | expr • '-' expr
   88     | expr • '*' expr
   89     | expr • '/' expr
   93     | expr • '?' expr ':' expr
   94     | expr • '<' expr
   95     | expr • '>' expr
   96     | expr • opGE expr
   97     | expr • opLE expr
   98     | expr • opEQ expr
   99     | expr • opNE expr
  100     | expr • opOR expr
  101     | expr • opSHL expr
  102     | expr • opSHR expr
  103     | expr • opAND expr
  104     | expr • opSTREQ expr
  105     | expr • opSTRNE expr
  106     | expr • '@' expr
  119 slot_acc: expr • '.' IDENT
  120         | expr • '.' IDENT '[' aidx_expr ']'
  121 intslot_acc: expr • opINTNAME class_name_expr
  122            | expr • opINTNAMER class_name_expr
  151 funcall_expr: expr • '.' IDENT '(' func_arg_list_decl ')'
  175 aidx_expr: aidx_expr ',' expr •

    '+'         shift, and go to state 102
    '-'         shift, and go to state 103
    '*'         shift, and go to state 104
    '/'         shift, and go to state 105
    '<'         shift, and go to state 106
    '>'         shift, and go to state 107
    '.'         shift, and go to state 108
    '|'         shift, and go to state 109
    '&'         shift, and go to state 110
    '%'         shift, and go to state 111
    '^'         shift, and go to state 112
    '@'         shift, and go to state 113
    opINTNAME   shift, and go to state 114
    opINTNAMER  shift, and go to state 115
    opSHL       shift, and go to state 116
    opSHR       shift, and go to state 117
    opEQ        shift, and go to state 118
    opNE        shift, and go to state 119
    opGE        shift, and go to state 120
    opLE        shift, and go to state 121
    opAND       shift, and go to state 122
    opOR        shift, and go to state 123
    opSTREQ     shift, and go to state 124
    opSTRNE     shift, and go to state 125
    '?'         shift, and go to state 126

    $default  reduce using rule 175 (aidx_expr)


State 271

  142 stmt_expr: VAR '[' aidx_expr ']' '=' • expr
  143          | VAR '[' aidx_expr ']' '=' • '{' expr_list '}'

    rwDECLARE           shift, and go to state 5
    rwDECLARESINGLETON  shift, and go to state 6
    rwBREAK             shift, and go to state 60
    rwASSERT            shift, and go to state 20
    INTCONST            shift, and go to state 21
    TTAG                shift, and go to state 61
    VAR                 shift, and go to state 23
    IDENT               shift, and go to state 24
    STRATOM             shift, and go to state 26
    TAGATOM             shift, and go to state 27
    FLTCONST            shift, and go to state 28
    '-'                 shift, and go to state 29
    '*'                 shift, and go to state 30
    '('                 shift, and go to state 31
    '{'                 shift, and go to state 308
    '~'                 shift, and go to state 32
    '!'                 shift, and go to state 33

    object_decl   go to state 39
    expr          go to state 309
    slot_acc      go to state 47
    intslot_acc   go to state 48
    stmt_expr     go to state 65
    funcall_expr  go to state 50
    assert_expr   go to state 51


State 272

  145 stmt_expr: VAR '[' aidx_expr ']' assign_op_struct •

    $default  reduce using rule 145 (stmt_expr)


State 273

  153 func_arg_item: '{' expr_list '}' •

    $default  reduce using rule 153 (func_arg_item)


State 274

  155 func_arg_list: func_arg_list ',' func_arg_item •

    $default  reduce using rule 155 (func_arg_list)


State 275

  150 funcall_expr: IDENT opCOLONCOLON IDENT '(' func_arg_list_decl • ')'

    ')'  shift, and go to state 310


State 276

  151 funcall_expr: expr '.' IDENT '(' func_arg_list_decl • ')'

    ')'  shift, and go to state 311


State 277

  120 slot_acc: expr '.' IDENT '[' aidx_expr • ']'
  175 aidx_expr: aidx_expr • ',' expr

    ','  shift, and go to state 231
    ']'  shift, and go to state 312


State 278

   82 expr: expr • '^' expr
   83     | expr • '%' expr
   84     | expr • '&' expr
   85     | expr • '|' expr
   86     | expr • '+' expr
   87     | expr • '-' expr
   88     | expr • '*' expr
   89     | expr • '/' expr
   93     | expr • '?' expr ':' expr
   93     | expr '?' expr ':' expr •
   94     | expr • '<' expr
   95     | expr • '>' expr
   96     | expr • opGE expr
   97     | expr • opLE expr
   98     | expr • opEQ expr
   99     | expr • opNE expr
  100     | expr • opOR expr
  101     | expr • opSHL expr
  102     | expr • opSHR expr
  103     | expr • opAND expr
  104     | expr • opSTREQ expr
  105     | expr • opSTRNE expr
  106     | expr • '@' expr
  119 slot_acc: expr • '.' IDENT
  120         | expr • '.' IDENT '[' aidx_expr ']'
  121 intslot_acc: expr • opINTNAME class_name_expr
  122            | expr • opINTNAMER class_name_expr
  151 funcall_expr: expr • '.' IDENT '(' func_arg_list_decl ')'

    '+'         shift, and go to state 102
    '-'         shift, and go to state 103
    '*'         shift, and go to state 104
    '/'         shift, and go to state 105
    '<'         shift, and go to state 106
    '>'         shift, and go to state 107
    '.'         shift, and go to state 108
    '|'         shift, and go to state 109
    '&'         shift, and go to state 110
    '%'         shift, and go to state 111
    '^'         shift, and go to state 112
    '@'         shift, and go to state 113
    opINTNAME   shift, and go to state 114
    opINTNAMER  shift, and go to state 115
    opSHL       shift, and go to state 116
    opSHR       shift, and go to state 117
    opEQ        shift, and go to state 118
    opNE        shift, and go to state 119
    opGE        shift, and go to state 120
    opLE        shift, and go to state 121
    opAND       shift, and go to state 122
    opOR        shift, and go to state 123
    opSTREQ     shift, and go to state 124
    opSTRNE     shift, and go to state 125

    $default  reduce using rule 93 (expr)


State 279

  148 stmt_expr: slot_acc '=' '{' expr_list '}' •

    $default  reduce using rule 148 (stmt_expr)


State 280

   35 param: VAR '=' expr •
   82 expr: expr • '^' expr
   83     | expr • '%' expr
   84     | expr • '&' expr
   85     | expr • '|' expr
   86     | expr • '+' expr
   87     | expr • '-' expr
   88     | expr • '*' expr
   89     | expr • '/' expr
   93     | expr • '?' expr ':' expr
   94     | expr • '<' expr
   95     | expr • '>' expr
   96     | expr • opGE expr
   97     | expr • opLE expr
   98     | expr • opEQ expr
   99     | expr • opNE expr
  100     | expr • opOR expr
  101     | expr • opSHL expr
  102     | expr • opSHR expr
  103     | expr • opAND expr
  104     | expr • opSTREQ expr
  105     | expr • opSTRNE expr
  106     | expr • '@' expr
  119 slot_acc: expr • '.' IDENT
  120         | expr • '.' IDENT '[' aidx_expr ']'
  121 intslot_acc: expr • opINTNAME class_name_expr
  122            | expr • opINTNAMER class_name_expr
  151 funcall_expr: expr • '.' IDENT '(' func_arg_list_decl ')'

    '+'         shift, and go to state 102
    '-'         shift, and go to state 103
    '*'         shift, and go to state 104
    '/'         shift, and go to state 105
    '<'         shift, and go to state 106
    '>'         shift, and go to state 107
    '.'         shift, and go to state 108
    '|'         shift, and go to state 109
    '&'         shift, and go to state 110
    '%'         shift, and go to state 111
    '^'         shift, and go to state 112
    '@'         shift, and go to state 113
    opINTNAME   shift, and go to state 114
    opINTNAMER  shift, and go to state 115
    opSHL       shift, and go to state 116
    opSHR       shift, and go to state 117
    opEQ        shift, and go to state 118
    opNE        shift, and go to state 119
    opGE        shift, and go to state 120
    opLE        shift, and go to state 121
    opAND       shift, and go to state 122
    opOR        shift, and go to state 123
    opSTREQ     shift, and go to state 124
    opSTRNE     shift, and go to state 125
    '?'         shift, and go to state 126

    $default  reduce using rule 35 (param)


State 281

   36 param: VAR '?' '=' • expr

    rwDECLARE           shift, and go to state 5
    rwDECLARESINGLETON  shift, and go to state 6
    rwBREAK             shift, and go to state 60
    rwASSERT            shift, and go to state 20
    INTCONST            shift, and go to state 21
    TTAG                shift, and go to state 61
    VAR                 shift, and go to state 23
    IDENT               shift, and go to state 24
    STRATOM             shift, and go to state 26
    TAGATOM             shift, and go to state 27
    FLTCONST            shift, and go to state 28
    '-'                 shift, and go to state 29
    '*'                 shift, and go to state 30
    '('                 shift, and go to state 31
    '~'                 shift, and go to state 32
    '!'                 shift, and go to state 33

    object_decl   go to state 39
    expr          go to state 313
    slot_acc      go to state 47
    intslot_acc   go to state 48
    stmt_expr     go to state 65
    funcall_expr  go to state 50
    assert_expr   go to state 51


State 282

   27 fn_decl_stmt: rwDEFINE IDENT '(' var_list_decl ')' '{' • statement_list '}'

    $default  reduce using rule 10 (statement_list)

    statement_list  go to state 314


State 283

   32 var_list: var_list ',' param •

    $default  reduce using rule 32 (var_list)


State 284

   28 fn_decl_stmt: rwDEFINE IDENT opCOLONCOLON IDENT '(' var_list_decl • ')' '{' statement_list '}'

    ')'  shift, and go to state 315


State 285

   40 object_decl: rwDECLARE class_name_expr '(' '[' object_name ']' • parent_block object_args ')' '{' object_declare_block '}'
   41            | rwDECLARE class_name_expr '(' '[' object_name ']' • parent_block object_args ')'

    ':'  shift, and go to state 247

    $default  reduce using rule 44 (parent_block)

    parent_block  go to state 316


State 286

   45 parent_block: ':' IDENT •

    $default  reduce using rule 45 (parent_block)


State 287

   49 object_args: ',' • expr_list

    rwDECLARE           shift, and go to state 5
    rwDECLARESINGLETON  shift, and go to state 6
    rwBREAK             shift, and go to state 60
    rwASSERT            shift, and go to state 20
    INTCONST            shift, and go to state 21
    TTAG                shift, and go to state 61
    VAR                 shift, and go to state 23
    IDENT               shift, and go to state 24
    STRATOM             shift, and go to state 26
    TAGATOM             shift, and go to state 27
    FLTCONST            shift, and go to state 28
    '-'                 shift, and go to state 29
    '*'                 shift, and go to state 30
    '('                 shift, and go to state 31
    '~'                 shift, and go to state 32
    '!'                 shift, and go to state 33

    object_decl   go to state 39
    expr          go to state 135
    slot_acc      go to state 47
    intslot_acc   go to state 48
    stmt_expr     go to state 65
    funcall_expr  go to state 50
    assert_expr   go to state 51
    expr_list     go to state 317


State 288

   38 object_decl: rwDECLARE class_name_expr '(' object_name parent_block object_args • ')' '{' object_declare_block '}'
   39            | rwDECLARE class_name_expr '(' object_name parent_block object_args • ')'

    ')'  shift, and go to state 318


State 289

   42 object_decl: rwDECLARESINGLETON class_name_expr '(' object_name parent_block object_args • ')' '{' object_declare_block '}'
   43            | rwDECLARESINGLETON class_name_expr '(' object_name parent_block object_args • ')'

    ')'  shift, and go to state 319


State 290

   66 if_stmt: rwIF '(' expr ')' stmt_block rwELSE • stmt_block

    rwDECLARE           shift, and go to state 5
    rwDECLARESINGLETON  shift, and go to state 6
    rwBREAK             shift, and go to state 7
    rwCONTINUE          shift, and go to state 8
    rwIF                shift, and go to state 9
    rwRETURN            shift, and go to state 10
    rwWHILE             shift, and go to state 11
    rwDO                shift, and go to state 12
    rwFOR               shift, and go to state 13
    rwFOREACH           shift, and go to state 14
    rwFOREACHSTR        shift, and go to state 15
    rwDATABLOCK         shift, and go to state 16
    rwSWITCH            shift, and go to state 17
    rwSWITCHSTR         shift, and go to state 18
    rwASSERT            shift, and go to state 20
    INTCONST            shift, and go to state 21
    TTAG                shift, and go to state 22
    VAR                 shift, and go to state 23
    IDENT               shift, and go to state 24
    DOCBLOCK            shift, and go to state 25
    STRATOM             shift, and go to state 26
    TAGATOM             shift, and go to state 27
    FLTCONST            shift, and go to state 28
    '-'                 shift, and go to state 29
    '*'                 shift, and go to state 30
    '('                 shift, and go to state 31
    '{'                 shift, and go to state 67
    '~'                 shift, and go to state 32
    '!'                 shift, and go to state 33

    stmt             go to state 68
    datablock_decl   go to state 38
    object_decl      go to state 39
    stmt_block       go to state 320
    switch_stmt      go to state 40
    if_stmt          go to state 41
    while_stmt       go to state 42
    for_stmt         go to state 43
    foreach_stmt     go to state 44
    expression_stmt  go to state 45
    expr             go to state 46
    slot_acc         go to state 47
    intslot_acc      go to state 48
    stmt_expr        go to state 49
    funcall_expr     go to state 50
    assert_expr      go to state 51


State 291

   68 while_stmt: rwDO stmt_block rwWHILE '(' expr ')' •

    $default  reduce using rule 68 (while_stmt)


State 292

   76 for_stmt: rwFOR '(' ';' ';' ')' stmt_block •

    $default  reduce using rule 76 (for_stmt)


State 293

   75 for_stmt: rwFOR '(' ';' ';' expr ')' • stmt_block

    rwDECLARE           shift, and go to state 5
    rwDECLARESINGLETON  shift, and go to state 6
    rwBREAK             shift, and go to state 7
    rwCONTINUE          shift, and go to state 8
    rwIF                shift, and go to state 9
    rwRETURN            shift, and go to state 10
    rwWHILE             shift, and go to state 11
    rwDO                shift, and go to state 12
    rwFOR               shift, and go to state 13
    rwFOREACH           shift, and go to state 14
    rwFOREACHSTR        shift, and go to state 15
    rwDATABLOCK         shift, and go to state 16
    rwSWITCH            shift, and go to state 17
    rwSWITCHSTR         shift, and go to state 18
    rwASSERT            shift, and go to state 20
    INTCONST            shift, and go to state 21
    TTAG                shift, and go to state 22
    VAR                 shift, and go to state 23
    IDENT               shift, and go to state 24
    DOCBLOCK            shift, and go to state 25
    STRATOM             shift, and go to state 26
    TAGATOM             shift, and go to state 27
    FLTCONST            shift, and go to state 28
    '-'                 shift, and go to state 29
    '*'                 shift, and go to state 30
    '('                 shift, and go to state 31
    '{'                 shift, and go to state 67
    '~'                 shift, and go to state 32
    '!'                 shift, and go to state 33

    stmt             go to state 68
    datablock_decl   go to state 38
    object_decl      go to state 39
    stmt_block       go to state 321
    switch_stmt      go to state 40
    if_stmt          go to state 41
    while_stmt       go to state 42
    for_stmt         go to state 43
    foreach_stmt     go to state 44
    expression_stmt  go to state 45
    expr             go to state 46
    slot_acc         go to state 47
    intslot_acc      go to state 48
    stmt_expr        go to state 49
    funcall_expr     go to state 50
    assert_expr      go to state 51


State 294

   74 for_stmt: rwFOR '(' ';' expr ';' ')' • stmt_block

    rwDECLARE           shift, and go to state 5
    rwDECLARESINGLETON  shift, and go to state 6
    rwBREAK             shift, and go to state 7
    rwCONTINUE          shift, and go to state 8
    rwIF                shift, and go to state 9
    rwRETURN            shift, and go to state 10
    rwWHILE             shift, and go to state 11
    rwDO                shift, and go to state 12
    rwFOR               shift, and go to state 13
    rwFOREACH           shift, and go to state 14
    rwFOREACHSTR        shift, and go to state 15
    rwDATABLOCK         shift, and go to state 16
    rwSWITCH            shift, and go to state 17
    rwSWITCHSTR         shift, and go to state 18
    rwASSERT            shift, and go to state 20
    INTCONST            shift, and go to state 21
    TTAG                shift, and go to state 22
    VAR                 shift, and go to state 23
    IDENT               shift, and go to state 24
    DOCBLOCK            shift, and go to state 25
    STRATOM             shift, and go to state 26
    TAGATOM             shift, and go to state 27
    FLTCONST            shift, and go to state 28
    '-'                 shift, and go to state 29
    '*'                 shift, and go to state 30
    '('                 shift, and go to state 31
    '{'                 shift, and go to state 67
    '~'                 shift, and go to state 32
    '!'                 shift, and go to state 33

    stmt             go to state 68
    datablock_decl   go to state 38
    object_decl      go to state 39
    stmt_block       go to state 322
    switch_stmt      go to state 40
    if_stmt          go to state 41
    while_stmt       go to state 42
    for_stmt         go to state 43
    foreach_stmt     go to state 44
    expression_stmt  go to state 45
    expr             go to state 46
    slot_acc         go to state 47
    intslot_acc      go to state 48
    stmt_expr        go to state 49
    funcall_expr     go to state 50
    assert_expr      go to state 51


State 295

   73 for_stmt: rwFOR '(' ';' expr ';' expr • ')' stmt_block
   82 expr: expr • '^' expr
   83     | expr • '%' expr
   84     | expr • '&' expr
   85     | expr • '|' expr
   86     | expr • '+' expr
   87     | expr • '-' expr
   88     | expr • '*' expr
   89     | expr • '/' expr
   93     | expr • '?' expr ':' expr
   94     | expr • '<' expr
   95     | expr • '>' expr
   96     | expr • opGE expr
   97     | expr • opLE expr
   98     | expr • opEQ expr
   99     | expr • opNE expr
  100     | expr • opOR expr
  101     | expr • opSHL expr
  102     | expr • opSHR expr
  103     | expr • opAND expr
  104     | expr • opSTREQ expr
  105     | expr • opSTRNE expr
  106     | expr • '@' expr
  119 slot_acc: expr • '.' IDENT
  120         | expr • '.' IDENT '[' aidx_expr ']'
  121 intslot_acc: expr • opINTNAME class_name_expr
  122            | expr • opINTNAMER class_name_expr
  151 funcall_expr: expr • '.' IDENT '(' func_arg_list_decl ')'

    '+'         shift, and go to state 102
    '-'         shift, and go to state 103
    '*'         shift, and go to state 104
    '/'         shift, and go to state 105
    '<'         shift, and go to state 106
    '>'         shift, and go to state 107
    '.'         shift, and go to state 108
    '|'         shift, and go to state 109
    '&'         shift, and go to state 110
    '%'         shift, and go to state 111
    ')'         shift, and go to state 323
    '^'         shift, and go to state 112
    '@'         shift, and go to state 113
    opINTNAME   shift, and go to state 114
    opINTNAMER  shift, and go to state 115
    opSHL       shift, and go to state 116
    opSHR       shift, and go to state 117
    opEQ        shift, and go to state 118
    opNE        shift, and go to state 119
    opGE        shift, and go to state 120
    opLE        shift, and go to state 121
    opAND       shift, and go to state 122
    opOR        shift, and go to state 123
    opSTREQ     shift, and go to state 124
    opSTRNE     shift, and go to state 125
    '?'         shift, and go to state 126


State 296

   72 for_stmt: rwFOR '(' expr ';' ';' ')' • stmt_block

    rwDECLARE           shift, and go to state 5
    rwDECLARESINGLETON  shift, and go to state 6
    rwBREAK             shift, and go to state 7
    rwCONTINUE          shift, and go to state 8
    rwIF                shift, and go to state 9
    rwRETURN            shift, and go to state 10
    rwWHILE             shift, and go to state 11
    rwDO                shift, and go to state 12
    rwFOR               shift, and go to state 13
    rwFOREACH           shift, and go to state 14
    rwFOREACHSTR        shift, and go to state 15
    rwDATABLOCK         shift, and go to state 16
    rwSWITCH            shift, and go to state 17
    rwSWITCHSTR         shift, and go to state 18
    rwASSERT            shift, and go to state 20
    INTCONST            shift, and go to state 21
    TTAG                shift, and go to state 22
    VAR                 shift, and go to state 23
    IDENT               shift, and go to state 24
    DOCBLOCK            shift, and go to state 25
    STRATOM             shift, and go to state 26
    TAGATOM             shift, and go to state 27
    FLTCONST            shift, and go to state 28
    '-'                 shift, and go to state 29
    '*'                 shift, and go to state 30
    '('                 shift, and go to state 31
    '{'                 shift, and go to state 67
    '~'                 shift, and go to state 32
    '!'                 shift, and go to state 33

    stmt             go to state 68
    datablock_decl   go to state 38
    object_decl      go to state 39
    stmt_block       go to state 324
    switch_stmt      go to state 40
    if_stmt          go to state 41
    while_stmt       go to state 42
    for_stmt         go to state 43
    foreach_stmt     go to state 44
    expression_stmt  go to state 45
    expr             go to state 46
    slot_acc         go to state 47
    intslot_acc      go to state 48
    stmt_expr        go to state 49
    funcall_expr     go to state 50
    assert_expr      go to state 51


State 297

   71 for_stmt: rwFOR '(' expr ';' ';' expr • ')' stmt_block
   82 expr: expr • '^' expr
   83     | expr • '%' expr
   84     | expr • '&' expr
   85     | expr • '|' expr
   86     | expr • '+' expr
   87     | expr • '-' expr
   88     | expr • '*' expr
   89     | expr • '/' expr
   93     | expr • '?' expr ':' expr
   94     | expr • '<' expr
   95     | expr • '>' expr
   96     | expr • opGE expr
   97     | expr • opLE expr
   98     | expr • opEQ expr
   99     | expr • opNE expr
  100     | expr • opOR expr
  101     | expr • opSHL expr
  102     | expr • opSHR expr
  103     | expr • opAND expr
  104     | expr • opSTREQ expr
  105     | expr • opSTRNE expr
  106     | expr • '@' expr
  119 slot_acc: expr • '.' IDENT
  120         | expr • '.' IDENT '[' aidx_expr ']'
  121 intslot_acc: expr • opINTNAME class_name_expr
  122            | expr • opINTNAMER class_name_expr
  151 funcall_expr: expr • '.' IDENT '(' func_arg_list_decl ')'

    '+'         shift, and go to state 102
    '-'         shift, and go to state 103
    '*'         shift, and go to state 104
    '/'         shift, and go to state 105
    '<'         shift, and go to state 106
    '>'         shift, and go to state 107
    '.'         shift, and go to state 108
    '|'         shift, and go to state 109
    '&'         shift, and go to state 110
    '%'         shift, and go to state 111
    ')'         shift, and go to state 325
    '^'         shift, and go to state 112
    '@'         shift, and go to state 113
    opINTNAME   shift, and go to state 114
    opINTNAMER  shift, and go to state 115
    opSHL       shift, and go to state 116
    opSHR       shift, and go to state 117
    opEQ        shift, and go to state 118
    opNE        shift, and go to state 119
    opGE        shift, and go to state 120
    opLE        shift, and go to state 121
    opAND       shift, and go to state 122
    opOR        shift, and go to state 123
    opSTREQ     shift, and go to state 124
    opSTRNE     shift, and go to state 125
    '?'         shift, and go to state 126


State 298

   69 for_stmt: rwFOR '(' expr ';' expr ';' • expr ')' stmt_block
   70         | rwFOR '(' expr ';' expr ';' • ')' stmt_block

    rwDECLARE           shift, and go to state 5
    rwDECLARESINGLETON  shift, and go to state 6
    rwBREAK             shift, and go to state 60
    rwASSERT            shift, and go to state 20
    INTCONST            shift, and go to state 21
    TTAG                shift, and go to state 61
    VAR                 shift, and go to state 23
    IDENT               shift, and go to state 24
    STRATOM             shift, and go to state 26
    TAGATOM             shift, and go to state 27
    FLTCONST            shift, and go to state 28
    '-'                 shift, and go to state 29
    '*'                 shift, and go to state 30
    '('                 shift, and go to state 31
    ')'                 shift, and go to state 326
    '~'                 shift, and go to state 32
    '!'                 shift, and go to state 33

    object_decl   go to state 39
    expr          go to state 327
    slot_acc      go to state 47
    intslot_acc   go to state 48
    stmt_expr     go to state 65
    funcall_expr  go to state 50
    assert_expr   go to state 51


State 299

   77 foreach_stmt: rwFOREACH '(' VAR rwIN expr ')' • stmt_block

    rwDECLARE           shift, and go to state 5
    rwDECLARESINGLETON  shift, and go to state 6
    rwBREAK             shift, and go to state 7
    rwCONTINUE          shift, and go to state 8
    rwIF                shift, and go to state 9
    rwRETURN            shift, and go to state 10
    rwWHILE             shift, and go to state 11
    rwDO                shift, and go to state 12
    rwFOR               shift, and go to state 13
    rwFOREACH           shift, and go to state 14
    rwFOREACHSTR        shift, and go to state 15
    rwDATABLOCK         shift, and go to state 16
    rwSWITCH            shift, and go to state 17
    rwSWITCHSTR         shift, and go to state 18
    rwASSERT            shift, and go to state 20
    INTCONST            shift, and go to state 21
    TTAG                shift, and go to state 22
    VAR                 shift, and go to state 23
    IDENT               shift, and go to state 24
    DOCBLOCK            shift, and go to state 25
    STRATOM             shift, and go to state 26
    TAGATOM             shift, and go to state 27
    FLTCONST            shift, and go to state 28
    '-'                 shift, and go to state 29
    '*'                 shift, and go to state 30
    '('                 shift, and go to state 31
    '{'                 shift, and go to state 67
    '~'                 shift, and go to state 32
    '!'                 shift, and go to state 33

    stmt             go to state 68
    datablock_decl   go to state 38
    object_decl      go to state 39
    stmt_block       go to state 328
    switch_stmt      go to state 40
    if_stmt          go to state 41
    while_stmt       go to state 42
    for_stmt         go to state 43
    foreach_stmt     go to state 44
    expression_stmt  go to state 45
    expr             go to state 46
    slot_acc         go to state 47
    intslot_acc      go to state 48
    stmt_expr        go to state 49
    funcall_expr     go to state 50
    assert_expr      go to state 51


State 300

   78 foreach_stmt: rwFOREACHSTR '(' VAR rwIN expr ')' • stmt_block

    rwDECLARE           shift, and go to state 5
    rwDECLARESINGLETON  shift, and go to state 6
    rwBREAK             shift, and go to state 7
    rwCONTINUE          shift, and go to state 8
    rwIF                shift, and go to state 9
    rwRETURN            shift, and go to state 10
    rwWHILE             shift, and go to state 11
    rwDO                shift, and go to state 12
    rwFOR               shift, and go to state 13
    rwFOREACH           shift, and go to state 14
    rwFOREACHSTR        shift, and go to state 15
    rwDATABLOCK         shift, and go to state 16
    rwSWITCH            shift, and go to state 17
    rwSWITCHSTR         shift, and go to state 18
    rwASSERT            shift, and go to state 20
    INTCONST            shift, and go to state 21
    TTAG                shift, and go to state 22
    VAR                 shift, and go to state 23
    IDENT               shift, and go to state 24
    DOCBLOCK            shift, and go to state 25
    STRATOM             shift, and go to state 26
    TAGATOM             shift, and go to state 27
    FLTCONST            shift, and go to state 28
    '-'                 shift, and go to state 29
    '*'                 shift, and go to state 30
    '('                 shift, and go to state 31
    '{'                 shift, and go to state 67
    '~'                 shift, and go to state 32
    '!'                 shift, and go to state 33

    stmt             go to state 68
    datablock_decl   go to state 38
    object_decl      go to state 39
    stmt_block       go to state 329
    switch_stmt      go to state 40
    if_stmt          go to state 41
    while_stmt       go to state 42
    for_stmt         go to state 43
    foreach_stmt     go to state 44
    expression_stmt  go to state 45
    expr             go to state 46
    slot_acc         go to state 47
    intslot_acc      go to state 48
    stmt_expr        go to state 49
    funcall_expr     go to state 50
    assert_expr      go to state 51


State 301

   37 datablock_decl: rwDATABLOCK class_name_expr '(' expr parent_block ')' • '{' slot_assign_list_opt '}' ';'

    '{'  shift, and go to state 330


State 302

   60 case_block: rwCASE • case_expr ':' statement_list
   61           | rwCASE • case_expr ':' statement_list rwDEFAULT ':' statement_list
   62           | rwCASE • case_expr ':' statement_list case_block

    rwDECLARE           shift, and go to state 5
    rwDECLARESINGLETON  shift, and go to state 6
    rwBREAK             shift, and go to state 60
    rwASSERT            shift, and go to state 20
    INTCONST            shift, and go to state 21
    TTAG                shift, and go to state 61
    VAR                 shift, and go to state 23
    IDENT               shift, and go to state 24
    STRATOM             shift, and go to state 26
    TAGATOM             shift, and go to state 27
    FLTCONST            shift, and go to state 28
    '-'                 shift, and go to state 29
    '*'                 shift, and go to state 30
    '('                 shift, and go to state 31
    '~'                 shift, and go to state 32
    '!'                 shift, and go to state 33

    object_decl   go to state 39
    case_expr     go to state 331
    expr          go to state 332
    slot_acc      go to state 47
    intslot_acc   go to state 48
    stmt_expr     go to state 65
    funcall_expr  go to state 50
    assert_expr   go to state 51


State 303

   58 switch_stmt: rwSWITCH '(' expr ')' '{' case_block • '}'

    '}'  shift, and go to state 333


State 304

   59 switch_stmt: rwSWITCHSTR '(' expr ')' '{' case_block • '}'

    '}'  shift, and go to state 334


State 305

    7 package_decl: rwPACKAGE IDENT '{' fn_decl_list '}' ';' •

    $default  reduce using rule 7 (package_decl)


State 306

  159 assert_expr: rwASSERT '(' expr ',' STRATOM ')' •

    $default  reduce using rule 159 (assert_expr)


State 307

   25 stmt: TTAG '=' expr ',' expr ';' •

    $default  reduce using rule 25 (stmt)


State 308

  143 stmt_expr: VAR '[' aidx_expr ']' '=' '{' • expr_list '}'

    rwDECLARE           shift, and go to state 5
    rwDECLARESINGLETON  shift, and go to state 6
    rwBREAK             shift, and go to state 60
    rwASSERT            shift, and go to state 20
    INTCONST            shift, and go to state 21
    TTAG                shift, and go to state 61
    VAR                 shift, and go to state 23
    IDENT               shift, and go to state 24
    STRATOM             shift, and go to state 26
    TAGATOM             shift, and go to state 27
    FLTCONST            shift, and go to state 28
    '-'                 shift, and go to state 29
    '*'                 shift, and go to state 30
    '('                 shift, and go to state 31
    '~'                 shift, and go to state 32
    '!'                 shift, and go to state 33

    object_decl   go to state 39
    expr          go to state 135
    slot_acc      go to state 47
    intslot_acc   go to state 48
    stmt_expr     go to state 65
    funcall_expr  go to state 50
    assert_expr   go to state 51
    expr_list     go to state 335


State 309

   82 expr: expr • '^' expr
   83     | expr • '%' expr
   84     | expr • '&' expr
   85     | expr • '|' expr
   86     | expr • '+' expr
   87     | expr • '-' expr
   88     | expr • '*' expr
   89     | expr • '/' expr
   93     | expr • '?' expr ':' expr
   94     | expr • '<' expr
   95     | expr • '>' expr
   96     | expr • opGE expr
   97     | expr • opLE expr
   98     | expr • opEQ expr
   99     | expr • opNE expr
  100     | expr • opOR expr
  101     | expr • opSHL expr
  102     | expr • opSHR expr
  103     | expr • opAND expr
  104     | expr • opSTREQ expr
  105     | expr • opSTRNE expr
  106     | expr • '@' expr
  119 slot_acc: expr • '.' IDENT
  120         | expr • '.' IDENT '[' aidx_expr ']'
  121 intslot_acc: expr • opINTNAME class_name_expr
  122            | expr • opINTNAMER class_name_expr
  142 stmt_expr: VAR '[' aidx_expr ']' '=' expr •
  151 funcall_expr: expr • '.' IDENT '(' func_arg_list_decl ')'

    '+'         shift, and go to state 102
    '-'         shift, and go to state 103
    '*'         shift, and go to state 104
    '/'         shift, and go to state 105
    '<'         shift, and go to state 106
    '>'         shift, and go to state 107
    '.'         shift, and go to state 108
    '|'         shift, and go to state 109
    '&'         shift, and go to state 110
    '%'         shift, and go to state 111
    '^'         shift, and go to state 112
    '@'         shift, and go to state 113
    opINTNAME   shift, and go to state 114
    opINTNAMER  shift, and go to state 115
    opSHL       shift, and go to state 116
    opSHR       shift, and go to state 117
    opEQ        shift, and go to state 118
    opNE        shift, and go to state 119
    opGE        shift, and go to state 120
    opLE        shift, and go to state 121
    opAND       shift, and go to state 122
    opOR        shift, and go to state 123
    opSTREQ     shift, and go to state 124
    opSTRNE     shift, and go to state 125
    '?'         shift, and go to state 126

    $default  reduce using rule 142 (stmt_expr)


State 310

  150 funcall_expr: IDENT opCOLONCOLON IDENT '(' func_arg_list_decl ')' •

    $default  reduce using rule 150 (funcall_expr)


State 311

  151 funcall_expr: expr '.' IDENT '(' func_arg_list_decl ')' •

    $default  reduce using rule 151 (funcall_expr)


State 312

  120 slot_acc: expr '.' IDENT '[' aidx_expr ']' •

    $default  reduce using rule 120 (slot_acc)


State 313

   36 param: VAR '?' '=' expr •
   82 expr: expr • '^' expr
   83     | expr • '%' expr
   84     | expr • '&' expr
   85     | expr • '|' expr
   86     | expr • '+' expr
   87     | expr • '-' expr
   88     | expr • '*' expr
   89     | expr • '/' expr
   93     | expr • '?' expr ':' expr
   94     | expr • '<' expr
   95     | expr • '>' expr
   96     | expr • opGE expr
   97     | expr • opLE expr
   98     | expr • opEQ expr
   99     | expr • opNE expr
  100     | expr • opOR expr
  101     | expr • opSHL expr
  102     | expr • opSHR expr
  103     | expr • opAND expr
  104     | expr • opSTREQ expr
  105     | expr • opSTRNE expr
  106     | expr • '@' expr
  119 slot_acc: expr • '.' IDENT
  120         | expr • '.' IDENT '[' aidx_expr ']'
  121 intslot_acc: expr • opINTNAME class_name_expr
  122            | expr • opINTNAMER class_name_expr
  151 funcall_expr: expr • '.' IDENT '(' func_arg_list_decl ')'

    '+'         shift, and go to state 102
    '-'         shift, and go to state 103
    '*'         shift, and go to state 104
    '/'         shift, and go to state 105
    '<'         shift, and go to state 106
    '>'         shift, and go to state 107
    '.'         shift, and go to state 108
    '|'         shift, and go to state 109
    '&'         shift, and go to state 110
    '%'         shift, and go to state 111
    '^'         shift, and go to state 112
    '@'         shift, and go to state 113
    opINTNAME   shift, and go to state 114
    opINTNAMER  shift, and go to state 115
    opSHL       shift, and go to state 116
    opSHR       shift, and go to state 117
    opEQ        shift, and go to state 118
    opNE        shift, and go to state 119
    opGE        shift, and go to state 120
    opLE        shift, and go to state 121
    opAND       shift, and go to state 122
    opOR        shift, and go to state 123
    opSTREQ     shift, and go to state 124
    opSTRNE     shift, and go to state 125
    '?'         shift, and go to state 126

    $default  reduce using rule 36 (param)


State 314

   11 statement_list: statement_list • stmt
   27 fn_decl_stmt: rwDEFINE IDENT '(' var_list_decl ')' '{' statement_list • '}'

    rwDECLARE           shift, and go to state 5
    rwDECLARESINGLETON  shift, and go to state 6
    rwBREAK             shift, and go to state 7
    rwCONTINUE          shift, and go to state 8
    rwIF                shift, and go to state 9
    rwRETURN            shift, and go to state 10
    rwWHILE             shift, and go to state 11
    rwDO                shift, and go to state 12
    rwFOR               shift, and go to state 13
    rwFOREACH           shift, and go to state 14
    rwFOREACHSTR        shift, and go to state 15
    rwDATABLOCK         shift, and go to state 16
    rwSWITCH            shift, and go to state 17
    rwSWITCHSTR         shift, and go to state 18
    rwASSERT            shift, and go to state 20
    INTCONST            shift, and go to state 21
    TTAG                shift, and go to state 22
    VAR                 shift, and go to state 23
    IDENT               shift, and go to state 24
    DOCBLOCK            shift, and go to state 25
    STRATOM             shift, and go to state 26
    TAGATOM             shift, and go to state 27
    FLTCONST            shift, and go to state 28
    '-'                 shift, and go to state 29
    '*'                 shift, and go to state 30
    '('                 shift, and go to state 31
    '}'                 shift, and go to state 336
    '~'                 shift, and go to state 32
    '!'                 shift, and go to state 33

    stmt             go to state 214
    datablock_decl   go to state 38
    object_decl      go to state 39
    switch_stmt      go to state 40
    if_stmt          go to state 41
    while_stmt       go to state 42
    for_stmt         go to state 43
    foreach_stmt     go to state 44
    expression_stmt  go to state 45
    expr             go to state 46
    slot_acc         go to state 47
    intslot_acc      go to state 48
    stmt_expr        go to state 49
    funcall_expr     go to state 50
    assert_expr      go to state 51


State 315

   28 fn_decl_stmt: rwDEFINE IDENT opCOLONCOLON IDENT '(' var_list_decl ')' • '{' statement_list '}'

    '{'  shift, and go to state 337


State 316

   40 object_decl: rwDECLARE class_name_expr '(' '[' object_name ']' parent_block • object_args ')' '{' object_declare_block '}'
   41            | rwDECLARE class_name_expr '(' '[' object_name ']' parent_block • object_args ')'

    ','  shift, and go to state 287

    $default  reduce using rule 48 (object_args)

    object_args  go to state 338


State 317

   49 object_args: ',' expr_list •
  161 expr_list: expr_list • ',' expr

    ','  shift, and go to state 210

    $default  reduce using rule 49 (object_args)


State 318

   38 object_decl: rwDECLARE class_name_expr '(' object_name parent_block object_args ')' • '{' object_declare_block '}'
   39            | rwDECLARE class_name_expr '(' object_name parent_block object_args ')' •

    '{'  shift, and go to state 339

    $default  reduce using rule 39 (object_decl)


State 319

   42 object_decl: rwDECLARESINGLETON class_name_expr '(' object_name parent_block object_args ')' • '{' object_declare_block '}'
   43            | rwDECLARESINGLETON class_name_expr '(' object_name parent_block object_args ')' •

    '{'  shift, and go to state 340

    $default  reduce using rule 43 (object_decl)


State 320

   66 if_stmt: rwIF '(' expr ')' stmt_block rwELSE stmt_block •

    $default  reduce using rule 66 (if_stmt)


State 321

   75 for_stmt: rwFOR '(' ';' ';' expr ')' stmt_block •

    $default  reduce using rule 75 (for_stmt)


State 322

   74 for_stmt: rwFOR '(' ';' expr ';' ')' stmt_block •

    $default  reduce using rule 74 (for_stmt)


State 323

   73 for_stmt: rwFOR '(' ';' expr ';' expr ')' • stmt_block

    rwDECLARE           shift, and go to state 5
    rwDECLARESINGLETON  shift, and go to state 6
    rwBREAK             shift, and go to state 7
    rwCONTINUE          shift, and go to state 8
    rwIF                shift, and go to state 9
    rwRETURN            shift, and go to state 10
    rwWHILE             shift, and go to state 11
    rwDO                shift, and go to state 12
    rwFOR               shift, and go to state 13
    rwFOREACH           shift, and go to state 14
    rwFOREACHSTR        shift, and go to state 15
    rwDATABLOCK         shift, and go to state 16
    rwSWITCH            shift, and go to state 17
    rwSWITCHSTR         shift, and go to state 18
    rwASSERT            shift, and go to state 20
    INTCONST            shift, and go to state 21
    TTAG                shift, and go to state 22
    VAR                 shift, and go to state 23
    IDENT               shift, and go to state 24
    DOCBLOCK            shift, and go to state 25
    STRATOM             shift, and go to state 26
    TAGATOM             shift, and go to state 27
    FLTCONST            shift, and go to state 28
    '-'                 shift, and go to state 29
    '*'                 shift, and go to state 30
    '('                 shift, and go to state 31
    '{'                 shift, and go to state 67
    '~'                 shift, and go to state 32
    '!'                 shift, and go to state 33

    stmt             go to state 68
    datablock_decl   go to state 38
    object_decl      go to state 39
    stmt_block       go to state 341
    switch_stmt      go to state 40
    if_stmt          go to state 41
    while_stmt       go to state 42
    for_stmt         go to state 43
    foreach_stmt     go to state 44
    expression_stmt  go to state 45
    expr             go to state 46
    slot_acc         go to state 47
    intslot_acc      go to state 48
    stmt_expr        go to state 49
    funcall_expr     go to state 50
    assert_expr      go to state 51


State 324

   72 for_stmt: rwFOR '(' expr ';' ';' ')' stmt_block •

    $default  reduce using rule 72 (for_stmt)


State 325

   71 for_stmt: rwFOR '(' expr ';' ';' expr ')' • stmt_block

    rwDECLARE           shift, and go to state 5
    rwDECLARESINGLETON  shift, and go to state 6
    rwBREAK             shift, and go to state 7
    rwCONTINUE          shift, and go to state 8
    rwIF                shift, and go to state 9
    rwRETURN            shift, and go to state 10
    rwWHILE             shift, and go to state 11
    rwDO                shift, and go to state 12
    rwFOR               shift, and go to state 13
    rwFOREACH           shift, and go to state 14
    rwFOREACHSTR        shift, and go to state 15
    rwDATABLOCK         shift, and go to state 16
    rwSWITCH            shift, and go to state 17
    rwSWITCHSTR         shift, and go to state 18
    rwASSERT            shift, and go to state 20
    INTCONST            shift, and go to state 21
    TTAG                shift, and go to state 22
    VAR                 shift, and go to state 23
    IDENT               shift, and go to state 24
    DOCBLOCK            shift, and go to state 25
    STRATOM             shift, and go to state 26
    TAGATOM             shift, and go to state 27
    FLTCONST            shift, and go to state 28
    '-'                 shift, and go to state 29
    '*'                 shift, and go to state 30
    '('                 shift, and go to state 31
    '{'                 shift, and go to state 67
    '~'                 shift, and go to state 32
    '!'                 shift, and go to state 33

    stmt             go to state 68
    datablock_decl   go to state 38
    object_decl      go to state 39
    stmt_block       go to state 342
    switch_stmt      go to state 40
    if_stmt          go to state 41
    while_stmt       go to state 42
    for_stmt         go to state 43
    foreach_stmt     go to state 44
    expression_stmt  go to state 45
    expr             go to state 46
    slot_acc         go to state 47
    intslot_acc      go to state 48
    stmt_expr        go to state 49
    funcall_expr     go to state 50
    assert_expr      go to state 51


State 326

   70 for_stmt: rwFOR '(' expr ';' expr ';' ')' • stmt_block

    rwDECLARE           shift, and go to state 5
    rwDECLARESINGLETON  shift, and go to state 6
    rwBREAK             shift, and go to state 7
    rwCONTINUE          shift, and go to state 8
    rwIF                shift, and go to state 9
    rwRETURN            shift, and go to state 10
    rwWHILE             shift, and go to state 11
    rwDO                shift, and go to state 12
    rwFOR               shift, and go to state 13
    rwFOREACH           shift, and go to state 14
    rwFOREACHSTR        shift, and go to state 15
    rwDATABLOCK         shift, and go to state 16
    rwSWITCH            shift, and go to state 17
    rwSWITCHSTR         shift, and go to state 18
    rwASSERT            shift, and go to state 20
    INTCONST            shift, and go to state 21
    TTAG                shift, and go to state 22
    VAR                 shift, and go to state 23
    IDENT               shift, and go to state 24
    DOCBLOCK            shift, and go to state 25
    STRATOM             shift, and go to state 26
    TAGATOM             shift, and go to state 27
    FLTCONST            shift, and go to state 28
    '-'                 shift, and go to state 29
    '*'                 shift, and go to state 30
    '('                 shift, and go to state 31
    '{'                 shift, and go to state 67
    '~'                 shift, and go to state 32
    '!'                 shift, and go to state 33

    stmt             go to state 68
    datablock_decl   go to state 38
    object_decl      go to state 39
    stmt_block       go to state 343
    switch_stmt      go to state 40
    if_stmt          go to state 41
    while_stmt       go to state 42
    for_stmt         go to state 43
    foreach_stmt     go to state 44
    expression_stmt  go to state 45
    expr             go to state 46
    slot_acc         go to state 47
    intslot_acc      go to state 48
    stmt_expr        go to state 49
    funcall_expr     go to state 50
    assert_expr      go to state 51


State 327

   69 for_stmt: rwFOR '(' expr ';' expr ';' expr • ')' stmt_block
   82 expr: expr • '^' expr
   83     | expr • '%' expr
   84     | expr • '&' expr
   85     | expr • '|' expr
   86     | expr • '+' expr
   87     | expr • '-' expr
   88     | expr • '*' expr
   89     | expr • '/' expr
   93     | expr • '?' expr ':' expr
   94     | expr • '<' expr
   95     | expr • '>' expr
   96     | expr • opGE expr
   97     | expr • opLE expr
   98     | expr • opEQ expr
   99     | expr • opNE expr
  100     | expr • opOR expr
  101     | expr • opSHL expr
  102     | expr • opSHR expr
  103     | expr • opAND expr
  104     | expr • opSTREQ expr
  105     | expr • opSTRNE expr
  106     | expr • '@' expr
  119 slot_acc: expr • '.' IDENT
  120         | expr • '.' IDENT '[' aidx_expr ']'
  121 intslot_acc: expr • opINTNAME class_name_expr
  122            | expr • opINTNAMER class_name_expr
  151 funcall_expr: expr • '.' IDENT '(' func_arg_list_decl ')'

    '+'         shift, and go to state 102
    '-'         shift, and go to state 103
    '*'         shift, and go to state 104
    '/'         shift, and go to state 105
    '<'         shift, and go to state 106
    '>'         shift, and go to state 107
    '.'         shift, and go to state 108
    '|'         shift, and go to state 109
    '&'         shift, and go to state 110
    '%'         shift, and go to state 111
    ')'         shift, and go to state 344
    '^'         shift, and go to state 112
    '@'         shift, and go to state 113
    opINTNAME   shift, and go to state 114
    opINTNAMER  shift, and go to state 115
    opSHL       shift, and go to state 116
    opSHR       shift, and go to state 117
    opEQ        shift, and go to state 118
    opNE        shift, and go to state 119
    opGE        shift, and go to state 120
    opLE        shift, and go to state 121
    opAND       shift, and go to state 122
    opOR        shift, and go to state 123
    opSTREQ     shift, and go to state 124
    opSTRNE     shift, and go to state 125
    '?'         shift, and go to state 126


State 328

   77 foreach_stmt: rwFOREACH '(' VAR rwIN expr ')' stmt_block •

    $default  reduce using rule 77 (foreach_stmt)


State 329

   78 foreach_stmt: rwFOREACHSTR '(' VAR rwIN expr ')' stmt_block •

    $default  reduce using rule 78 (foreach_stmt)


State 330

   37 datablock_decl: rwDATABLOCK class_name_expr '(' expr parent_block ')' '{' • slot_assign_list_opt '}' ';'

    rwDATABLOCK  shift, and go to state 345
    IDENT        shift, and go to state 346
    TYPEIDENT    shift, and go to state 347

    $default  reduce using rule 162 (slot_assign_list_opt)

    slot_assign_list_opt  go to state 348
    slot_assign_list      go to state 349
    slot_assign           go to state 350


State 331

   60 case_block: rwCASE case_expr • ':' statement_list
   61           | rwCASE case_expr • ':' statement_list rwDEFAULT ':' statement_list
   62           | rwCASE case_expr • ':' statement_list case_block
   64 case_expr: case_expr • rwCASEOR expr

    rwCASEOR  shift, and go to state 351
    ':'       shift, and go to state 352


State 332

   63 case_expr: expr •
   82 expr: expr • '^' expr
   83     | expr • '%' expr
   84     | expr • '&' expr
   85     | expr • '|' expr
   86     | expr • '+' expr
   87     | expr • '-' expr
   88     | expr • '*' expr
   89     | expr • '/' expr
   93     | expr • '?' expr ':' expr
   94     | expr • '<' expr
   95     | expr • '>' expr
   96     | expr • opGE expr
   97     | expr • opLE expr
   98     | expr • opEQ expr
   99     | expr • opNE expr
  100     | expr • opOR expr
  101     | expr • opSHL expr
  102     | expr • opSHR expr
  103     | expr • opAND expr
  104     | expr • opSTREQ expr
  105     | expr • opSTRNE expr
  106     | expr • '@' expr
  119 slot_acc: expr • '.' IDENT
  120         | expr • '.' IDENT '[' aidx_expr ']'
  121 intslot_acc: expr • opINTNAME class_name_expr
  122            | expr • opINTNAMER class_name_expr
  151 funcall_expr: expr • '.' IDENT '(' func_arg_list_decl ')'

    '+'         shift, and go to state 102
    '-'         shift, and go to state 103
    '*'         shift, and go to state 104
    '/'         shift, and go to state 105
    '<'         shift, and go to state 106
    '>'         shift, and go to state 107
    '.'         shift, and go to state 108
    '|'         shift, and go to state 109
    '&'         shift, and go to state 110
    '%'         shift, and go to state 111
    '^'         shift, and go to state 112
    '@'         shift, and go to state 113
    opINTNAME   shift, and go to state 114
    opINTNAMER  shift, and go to state 115
    opSHL       shift, and go to state 116
    opSHR       shift, and go to state 117
    opEQ        shift, and go to state 118
    opNE        shift, and go to state 119
    opGE        shift, and go to state 120
    opLE        shift, and go to state 121
    opAND       shift, and go to state 122
    opOR        shift, and go to state 123
    opSTREQ     shift, and go to state 124
    opSTRNE     shift, and go to state 125
    '?'         shift, and go to state 126

    $default  reduce using rule 63 (case_expr)


State 333

   58 switch_stmt: rwSWITCH '(' expr ')' '{' case_block '}' •

    $default  reduce using rule 58 (switch_stmt)


State 334

   59 switch_stmt: rwSWITCHSTR '(' expr ')' '{' case_block '}' •

    $default  reduce using rule 59 (switch_stmt)


State 335

  143 stmt_expr: VAR '[' aidx_expr ']' '=' '{' expr_list • '}'
  161 expr_list: expr_list • ',' expr

    ','  shift, and go to state 210
    '}'  shift, and go to state 353


State 336

   27 fn_decl_stmt: rwDEFINE IDENT '(' var_list_decl ')' '{' statement_list '}' •

    $default  reduce using rule 27 (fn_decl_stmt)


State 337

   28 fn_decl_stmt: rwDEFINE IDENT opCOLONCOLON IDENT '(' var_list_decl ')' '{' • statement_list '}'

    $default  reduce using rule 10 (statement_list)

    statement_list  go to state 354


State 338

   40 object_decl: rwDECLARE class_name_expr '(' '[' object_name ']' parent_block object_args • ')' '{' object_declare_block '}'
   41            | rwDECLARE class_name_expr '(' '[' object_name ']' parent_block object_args • ')'

    ')'  shift, and go to state 355


State 339

   38 object_decl: rwDECLARE class_name_expr '(' object_name parent_block object_args ')' '{' • object_declare_block '}'

    rwDECLARE           shift, and go to state 5
    rwDECLARESINGLETON  shift, and go to state 6
    rwDATABLOCK         shift, and go to state 345
    IDENT               shift, and go to state 346
    TYPEIDENT           shift, and go to state 347

    $default  reduce using rule 50 (object_declare_block)

    object_decl           go to state 356
    object_declare_block  go to state 357
    object_decl_list      go to state 358
    slot_assign_list      go to state 359
    slot_assign           go to state 350


State 340

   42 object_decl: rwDECLARESINGLETON class_name_expr '(' object_name parent_block object_args ')' '{' • object_declare_block '}'

    rwDECLARE           shift, and go to state 5
    rwDECLARESINGLETON  shift, and go to state 6
    rwDATABLOCK         shift, and go to state 345
    IDENT               shift, and go to state 346
    TYPEIDENT           shift, and go to state 347

    $default  reduce using rule 50 (object_declare_block)

    object_decl           go to state 356
    object_declare_block  go to state 360
    object_decl_list      go to state 358
    slot_assign_list      go to state 359
    slot_assign           go to state 350


State 341

   73 for_stmt: rwFOR '(' ';' expr ';' expr ')' stmt_block •

    $default  reduce using rule 73 (for_stmt)


State 342

   71 for_stmt: rwFOR '(' expr ';' ';' expr ')' stmt_block •

    $default  reduce using rule 71 (for_stmt)


State 343

   70 for_stmt: rwFOR '(' expr ';' expr ';' ')' stmt_block •

    $default  reduce using rule 70 (for_stmt)


State 344

   69 for_stmt: rwFOR '(' expr ';' expr ';' expr ')' • stmt_block

    rwDECLARE           shift, and go to state 5
    rwDECLARESINGLETON  shift, and go to state 6
    rwBREAK             shift, and go to state 7
    rwCONTINUE          shift, and go to state 8
    rwIF                shift, and go to state 9
    rwRETURN            shift, and go to state 10
    rwWHILE             shift, and go to state 11
    rwDO                shift, and go to state 12
    rwFOR               shift, and go to state 13
    rwFOREACH           shift, and go to state 14
    rwFOREACHSTR        shift, and go to state 15
    rwDATABLOCK         shift, and go to state 16
    rwSWITCH            shift, and go to state 17
    rwSWITCHSTR         shift, and go to state 18
    rwASSERT            shift, and go to state 20
    INTCONST            shift, and go to state 21
    TTAG                shift, and go to state 22
    VAR                 shift, and go to state 23
    IDENT               shift, and go to state 24
    DOCBLOCK            shift, and go to state 25
    STRATOM             shift, and go to state 26
    TAGATOM             shift, and go to state 27
    FLTCONST            shift, and go to state 28
    '-'                 shift, and go to state 29
    '*'                 shift, and go to state 30
    '('                 shift, and go to state 31
    '{'                 shift, and go to state 67
    '~'                 shift, and go to state 32
    '!'                 shift, and go to state 33

    stmt             go to state 68
    datablock_decl   go to state 38
    object_decl      go to state 39
    stmt_block       go to state 361
    switch_stmt      go to state 40
    if_stmt          go to state 41
    while_stmt       go to state 42
    for_stmt         go to state 43
    foreach_stmt     go to state 44
    expression_stmt  go to state 45
    expr             go to state 46
    slot_acc         go to state 47
    intslot_acc      go to state 48
    stmt_expr        go to state 49
    funcall_expr     go to state 50
    assert_expr      go to state 51


State 345

  170 slot_assign: rwDATABLOCK • '=' expr ';'

    '='  shift, and go to state 362


State 346

  166 slot_assign: IDENT • '=' expr ';'
  167            | IDENT • '=' '{' expr_list '}' ';'
  171            | IDENT • '[' aidx_expr ']' '=' expr ';'
  172            | IDENT • '[' aidx_expr ']' '=' '{' expr_list '}' ';'

    '='  shift, and go to state 363
    '['  shift, and go to state 364


State 347

  168 slot_assign: TYPEIDENT • IDENT '=' expr ';'
  169            | TYPEIDENT • IDENT '=' '{' expr_list '}' ';'
  173            | TYPEIDENT • IDENT '[' aidx_expr ']' '=' expr ';'

    IDENT  shift, and go to state 365


State 348

   37 datablock_decl: rwDATABLOCK class_name_expr '(' expr parent_block ')' '{' slot_assign_list_opt • '}' ';'

    '}'  shift, and go to state 366


State 349

  163 slot_assign_list_opt: slot_assign_list •
  165 slot_assign_list: slot_assign_list • slot_assign

    rwDATABLOCK  shift, and go to state 345
    IDENT        shift, and go to state 346
    TYPEIDENT    shift, and go to state 347

    $default  reduce using rule 163 (slot_assign_list_opt)

    slot_assign  go to state 367


State 350

  164 slot_assign_list: slot_assign •

    $default  reduce using rule 164 (slot_assign_list)


State 351

   64 case_expr: case_expr rwCASEOR • expr

    rwDECLARE           shift, and go to state 5
    rwDECLARESINGLETON  shift, and go to state 6
    rwBREAK             shift, and go to state 60
    rwASSERT            shift, and go to state 20
    INTCONST            shift, and go to state 21
    TTAG                shift, and go to state 61
    VAR                 shift, and go to state 23
    IDENT               shift, and go to state 24
    STRATOM             shift, and go to state 26
    TAGATOM             shift, and go to state 27
    FLTCONST            shift, and go to state 28
    '-'                 shift, and go to state 29
    '*'                 shift, and go to state 30
    '('                 shift, and go to state 31
    '~'                 shift, and go to state 32
    '!'                 shift, and go to state 33

    object_decl   go to state 39
    expr          go to state 368
    slot_acc      go to state 47
    intslot_acc   go to state 48
    stmt_expr     go to state 65
    funcall_expr  go to state 50
    assert_expr   go to state 51


State 352

   60 case_block: rwCASE case_expr ':' • statement_list
   61           | rwCASE case_expr ':' • statement_list rwDEFAULT ':' statement_list
   62           | rwCASE case_expr ':' • statement_list case_block

    $default  reduce using rule 10 (statement_list)

    statement_list  go to state 369


State 353

  143 stmt_expr: VAR '[' aidx_expr ']' '=' '{' expr_list '}' •

    $default  reduce using rule 143 (stmt_expr)


State 354

   11 statement_list: statement_list • stmt
   28 fn_decl_stmt: rwDEFINE IDENT opCOLONCOLON IDENT '(' var_list_decl ')' '{' statement_list • '}'

    rwDECLARE           shift, and go to state 5
    rwDECLARESINGLETON  shift, and go to state 6
    rwBREAK             shift, and go to state 7
    rwCONTINUE          shift, and go to state 8
    rwIF                shift, and go to state 9
    rwRETURN            shift, and go to state 10
    rwWHILE             shift, and go to state 11
    rwDO                shift, and go to state 12
    rwFOR               shift, and go to state 13
    rwFOREACH           shift, and go to state 14
    rwFOREACHSTR        shift, and go to state 15
    rwDATABLOCK         shift, and go to state 16
    rwSWITCH            shift, and go to state 17
    rwSWITCHSTR         shift, and go to state 18
    rwASSERT            shift, and go to state 20
    INTCONST            shift, and go to state 21
    TTAG                shift, and go to state 22
    VAR                 shift, and go to state 23
    IDENT               shift, and go to state 24
    DOCBLOCK            shift, and go to state 25
    STRATOM             shift, and go to state 26
    TAGATOM             shift, and go to state 27
    FLTCONST            shift, and go to state 28
    '-'                 shift, and go to state 29
    '*'                 shift, and go to state 30
    '('                 shift, and go to state 31
    '}'                 shift, and go to state 370
    '~'                 shift, and go to state 32
    '!'                 shift, and go to state 33

    stmt             go to state 214
    datablock_decl   go to state 38
    object_decl      go to state 39
    switch_stmt      go to state 40
    if_stmt          go to state 41
    while_stmt       go to state 42
    for_stmt         go to state 43
    foreach_stmt     go to state 44
    expression_stmt  go to state 45
    expr             go to state 46
    slot_acc         go to state 47
    intslot_acc      go to state 48
    stmt_expr        go to state 49
    funcall_expr     go to state 50
    assert_expr      go to state 51


State 355

   40 object_decl: rwDECLARE class_name_expr '(' '[' object_name ']' parent_block object_args ')' • '{' object_declare_block '}'
   41            | rwDECLARE class_name_expr '(' '[' object_name ']' parent_block object_args ')' •

    '{'  shift, and go to state 371

    $default  reduce using rule 41 (object_decl)


State 356

   54 object_decl_list: object_decl • ';'

    ';'  shift, and go to state 372


State 357

   38 object_decl: rwDECLARE class_name_expr '(' object_name parent_block object_args ')' '{' object_declare_block • '}'

    '}'  shift, and go to state 373


State 358

   52 object_declare_block: object_decl_list •
   55 object_decl_list: object_decl_list • object_decl ';'

    rwDECLARE           shift, and go to state 5
    rwDECLARESINGLETON  shift, and go to state 6

    $default  reduce using rule 52 (object_declare_block)

    object_decl  go to state 374


State 359

   51 object_declare_block: slot_assign_list •
   53                     | slot_assign_list • object_decl_list
  165 slot_assign_list: slot_assign_list • slot_assign

    rwDECLARE           shift, and go to state 5
    rwDECLARESINGLETON  shift, and go to state 6
    rwDATABLOCK         shift, and go to state 345
    IDENT               shift, and go to state 346
    TYPEIDENT           shift, and go to state 347

    $default  reduce using rule 51 (object_declare_block)

    object_decl       go to state 356
    object_decl_list  go to state 375
    slot_assign       go to state 367


State 360

   42 object_decl: rwDECLARESINGLETON class_name_expr '(' object_name parent_block object_args ')' '{' object_declare_block • '}'

    '}'  shift, and go to state 376


State 361

   69 for_stmt: rwFOR '(' expr ';' expr ';' expr ')' stmt_block •

    $default  reduce using rule 69 (for_stmt)


State 362

  170 slot_assign: rwDATABLOCK '=' • expr ';'

    rwDECLARE           shift, and go to state 5
    rwDECLARESINGLETON  shift, and go to state 6
    rwBREAK             shift, and go to state 60
    rwASSERT            shift, and go to state 20
    INTCONST            shift, and go to state 21
    TTAG                shift, and go to state 61
    VAR                 shift, and go to state 23
    IDENT               shift, and go to state 24
    STRATOM             shift, and go to state 26
    TAGATOM             shift, and go to state 27
    FLTCONST            shift, and go to state 28
    '-'                 shift, and go to state 29
    '*'                 shift, and go to state 30
    '('                 shift, and go to state 31
    '~'                 shift, and go to state 32
    '!'                 shift, and go to state 33

    object_decl   go to state 39
    expr          go to state 377
    slot_acc      go to state 47
    intslot_acc   go to state 48
    stmt_expr     go to state 65
    funcall_expr  go to state 50
    assert_expr   go to state 51


State 363

  166 slot_assign: IDENT '=' • expr ';'
  167            | IDENT '=' • '{' expr_list '}' ';'

    rwDECLARE           shift, and go to state 5
    rwDECLARESINGLETON  shift, and go to state 6
    rwBREAK             shift, and go to state 60
    rwASSERT            shift, and go to state 20
    INTCONST            shift, and go to state 21
    TTAG                shift, and go to state 61
    VAR                 shift, and go to state 23
    IDENT               shift, and go to state 24
    STRATOM             shift, and go to state 26
    TAGATOM             shift, and go to state 27
    FLTCONST            shift, and go to state 28
    '-'                 shift, and go to state 29
    '*'                 shift, and go to state 30
    '('                 shift, and go to state 31
    '{'                 shift, and go to state 378
    '~'                 shift, and go to state 32
    '!'                 shift, and go to state 33

    object_decl   go to state 39
    expr          go to state 379
    slot_acc      go to state 47
    intslot_acc   go to state 48
    stmt_expr     go to state 65
    funcall_expr  go to state 50
    assert_expr   go to state 51


State 364

  171 slot_assign: IDENT '[' • aidx_expr ']' '=' expr ';'
  172            | IDENT '[' • aidx_expr ']' '=' '{' expr_list '}' ';'

    rwDECLARE           shift, and go to state 5
    rwDECLARESINGLETON  shift, and go to state 6
    rwBREAK             shift, and go to state 60
    rwASSERT            shift, and go to state 20
    INTCONST            shift, and go to state 21
    TTAG                shift, and go to state 61
    VAR                 shift, and go to state 23
    IDENT               shift, and go to state 24
    STRATOM             shift, and go to state 26
    TAGATOM             shift, and go to state 27
    FLTCONST            shift, and go to state 28
    '-'                 shift, and go to state 29
    '*'                 shift, and go to state 30
    '('                 shift, and go to state 31
    '~'                 shift, and go to state 32
    '!'                 shift, and go to state 33

    object_decl   go to state 39
    expr          go to state 163
    slot_acc      go to state 47
    intslot_acc   go to state 48
    stmt_expr     go to state 65
    funcall_expr  go to state 50
    assert_expr   go to state 51
    aidx_expr     go to state 380


State 365

  168 slot_assign: TYPEIDENT IDENT • '=' expr ';'
  169            | TYPEIDENT IDENT • '=' '{' expr_list '}' ';'
  173            | TYPEIDENT IDENT • '[' aidx_expr ']' '=' expr ';'

    '='  shift, and go to state 381
    '['  shift, and go to state 382


State 366

   37 datablock_decl: rwDATABLOCK class_name_expr '(' expr parent_block ')' '{' slot_assign_list_opt '}' • ';'

    ';'  shift, and go to state 383


State 367

  165 slot_assign_list: slot_assign_list slot_assign •

    $default  reduce using rule 165 (slot_assign_list)


State 368

   64 case_expr: case_expr rwCASEOR expr •
   82 expr: expr • '^' expr
   83     | expr • '%' expr
   84     | expr • '&' expr
   85     | expr • '|' expr
   86     | expr • '+' expr
   87     | expr • '-' expr
   88     | expr • '*' expr
   89     | expr • '/' expr
   93     | expr • '?' expr ':' expr
   94     | expr • '<' expr
   95     | expr • '>' expr
   96     | expr • opGE expr
   97     | expr • opLE expr
   98     | expr • opEQ expr
   99     | expr • opNE expr
  100     | expr • opOR expr
  101     | expr • opSHL expr
  102     | expr • opSHR expr
  103     | expr • opAND expr
  104     | expr • opSTREQ expr
  105     | expr • opSTRNE expr
  106     | expr • '@' expr
  119 slot_acc: expr • '.' IDENT
  120         | expr • '.' IDENT '[' aidx_expr ']'
  121 intslot_acc: expr • opINTNAME class_name_expr
  122            | expr • opINTNAMER class_name_expr
  151 funcall_expr: expr • '.' IDENT '(' func_arg_list_decl ')'

    '+'         shift, and go to state 102
    '-'         shift, and go to state 103
    '*'         shift, and go to state 104
    '/'         shift, and go to state 105
    '<'         shift, and go to state 106
    '>'         shift, and go to state 107
    '.'         shift, and go to state 108
    '|'         shift, and go to state 109
    '&'         shift, and go to state 110
    '%'         shift, and go to state 111
    '^'         shift, and go to state 112
    '@'         shift, and go to state 113
    opINTNAME   shift, and go to state 114
    opINTNAMER  shift, and go to state 115
    opSHL       shift, and go to state 116
    opSHR       shift, and go to state 117
    opEQ        shift, and go to state 118
    opNE        shift, and go to state 119
    opGE        shift, and go to state 120
    opLE        shift, and go to state 121
    opAND       shift, and go to state 122
    opOR        shift, and go to state 123
    opSTREQ     shift, and go to state 124
    opSTRNE     shift, and go to state 125
    '?'         shift, and go to state 126

    $default  reduce using rule 64 (case_expr)


State 369

   11 statement_list: statement_list • stmt
   60 case_block: rwCASE case_expr ':' statement_list •
   61           | rwCASE case_expr ':' statement_list • rwDEFAULT ':' statement_list
   62           | rwCASE case_expr ':' statement_list • case_block

    rwDECLARE           shift, and go to state 5
    rwDECLARESINGLETON  shift, and go to state 6
    rwBREAK             shift, and go to state 7
    rwCONTINUE          shift, and go to state 8
    rwIF                shift, and go to state 9
    rwRETURN            shift, and go to state 10
    rwWHILE             shift, and go to state 11
    rwDO                shift, and go to state 12
    rwDEFAULT           shift, and go to state 384
    rwFOR               shift, and go to state 13
    rwFOREACH           shift, and go to state 14
    rwFOREACHSTR        shift, and go to state 15
    rwDATABLOCK         shift, and go to state 16
    rwSWITCH            shift, and go to state 17
    rwCASE              shift, and go to state 302
    rwSWITCHSTR         shift, and go to state 18
    rwASSERT            shift, and go to state 20
    INTCONST            shift, and go to state 21
    TTAG                shift, and go to state 22
    VAR                 shift, and go to state 23
    IDENT               shift, and go to state 24
    DOCBLOCK            shift, and go to state 25
    STRATOM             shift, and go to state 26
    TAGATOM             shift, and go to state 27
    FLTCONST            shift, and go to state 28
    '-'                 shift, and go to state 29
    '*'                 shift, and go to state 30
    '('                 shift, and go to state 31
    '~'                 shift, and go to state 32
    '!'                 shift, and go to state 33

    $default  reduce using rule 60 (case_block)

    stmt             go to state 214
    datablock_decl   go to state 38
    object_decl      go to state 39
    switch_stmt      go to state 40
    case_block       go to state 385
    if_stmt          go to state 41
    while_stmt       go to state 42
    for_stmt         go to state 43
    foreach_stmt     go to state 44
    expression_stmt  go to state 45
    expr             go to state 46
    slot_acc         go to state 47
    intslot_acc      go to state 48
    stmt_expr        go to state 49
    funcall_expr     go to state 50
    assert_expr      go to state 51


State 370

   28 fn_decl_stmt: rwDEFINE IDENT opCOLONCOLON IDENT '(' var_list_decl ')' '{' statement_list '}' •

    $default  reduce using rule 28 (fn_decl_stmt)


State 371

   40 object_decl: rwDECLARE class_name_expr '(' '[' object_name ']' parent_block object_args ')' '{' • object_declare_block '}'

    rwDECLARE           shift, and go to state 5
    rwDECLARESINGLETON  shift, and go to state 6
    rwDATABLOCK         shift, and go to state 345
    IDENT               shift, and go to state 346
    TYPEIDENT           shift, and go to state 347

    $default  reduce using rule 50 (object_declare_block)

    object_decl           go to state 356
    object_declare_block  go to state 386
    object_decl_list      go to state 358
    slot_assign_list      go to state 359
    slot_assign           go to state 350


State 372

   54 object_decl_list: object_decl ';' •

    $default  reduce using rule 54 (object_decl_list)


State 373

   38 object_decl: rwDECLARE class_name_expr '(' object_name parent_block object_args ')' '{' object_declare_block '}' •

    $default  reduce using rule 38 (object_decl)


State 374

   55 object_decl_list: object_decl_list object_decl • ';'

    ';'  shift, and go to state 387


State 375

   53 object_declare_block: slot_assign_list object_decl_list •
   55 object_decl_list: object_decl_list • object_decl ';'

    rwDECLARE           shift, and go to state 5
    rwDECLARESINGLETON  shift, and go to state 6

    $default  reduce using rule 53 (object_declare_block)

    object_decl  go to state 374


State 376

   42 object_decl: rwDECLARESINGLETON class_name_expr '(' object_name parent_block object_args ')' '{' object_declare_block '}' •

    $default  reduce using rule 42 (object_decl)


State 377

   82 expr: expr • '^' expr
   83     | expr • '%' expr
   84     | expr • '&' expr
   85     | expr • '|' expr
   86     | expr • '+' expr
   87     | expr • '-' expr
   88     | expr • '*' expr
   89     | expr • '/' expr
   93     | expr • '?' expr ':' expr
   94     | expr • '<' expr
   95     | expr • '>' expr
   96     | expr • opGE expr
   97     | expr • opLE expr
   98     | expr • opEQ expr
   99     | expr • opNE expr
  100     | expr • opOR expr
  101     | expr • opSHL expr
  102     | expr • opSHR expr
  103     | expr • opAND expr
  104     | expr • opSTREQ expr
  105     | expr • opSTRNE expr
  106     | expr • '@' expr
  119 slot_acc: expr • '.' IDENT
  120         | expr • '.' IDENT '[' aidx_expr ']'
  121 intslot_acc: expr • opINTNAME class_name_expr
  122            | expr • opINTNAMER class_name_expr
  151 funcall_expr: expr • '.' IDENT '(' func_arg_list_decl ')'
  170 slot_assign: rwDATABLOCK '=' expr • ';'

    '+'         shift, and go to state 102
    '-'         shift, and go to state 103
    '*'         shift, and go to state 104
    '/'         shift, and go to state 105
    '<'         shift, and go to state 106
    '>'         shift, and go to state 107
    '.'         shift, and go to state 108
    '|'         shift, and go to state 109
    '&'         shift, and go to state 110
    '%'         shift, and go to state 111
    ';'         shift, and go to state 388
    '^'         shift, and go to state 112
    '@'         shift, and go to state 113
    opINTNAME   shift, and go to state 114
    opINTNAMER  shift, and go to state 115
    opSHL       shift, and go to state 116
    opSHR       shift, and go to state 117
    opEQ        shift, and go to state 118
    opNE        shift, and go to state 119
    opGE        shift, and go to state 120
    opLE        shift, and go to state 121
    opAND       shift, and go to state 122
    opOR        shift, and go to state 123
    opSTREQ     shift, and go to state 124
    opSTRNE     shift, and go to state 125
    '?'         shift, and go to state 126


State 378

  167 slot_assign: IDENT '=' '{' • expr_list '}' ';'

    rwDECLARE           shift, and go to state 5
    rwDECLARESINGLETON  shift, and go to state 6
    rwBREAK             shift, and go to state 60
    rwASSERT            shift, and go to state 20
    INTCONST            shift, and go to state 21
    TTAG                shift, and go to state 61
    VAR                 shift, and go to state 23
    IDENT               shift, and go to state 24
    STRATOM             shift, and go to state 26
    TAGATOM             shift, and go to state 27
    FLTCONST            shift, and go to state 28
    '-'                 shift, and go to state 29
    '*'                 shift, and go to state 30
    '('                 shift, and go to state 31
    '~'                 shift, and go to state 32
    '!'                 shift, and go to state 33

    object_decl   go to state 39
    expr          go to state 135
    slot_acc      go to state 47
    intslot_acc   go to state 48
    stmt_expr     go to state 65
    funcall_expr  go to state 50
    assert_expr   go to state 51
    expr_list     go to state 389


State 379

   82 expr: expr • '^' expr
   83     | expr • '%' expr
   84     | expr • '&' expr
   85     | expr • '|' expr
   86     | expr • '+' expr
   87     | expr • '-' expr
   88     | expr • '*' expr
   89     | expr • '/' expr
   93     | expr • '?' expr ':' expr
   94     | expr • '<' expr
   95     | expr • '>' expr
   96     | expr • opGE expr
   97     | expr • opLE expr
   98     | expr • opEQ expr
   99     | expr • opNE expr
  100     | expr • opOR expr
  101     | expr • opSHL expr
  102     | expr • opSHR expr
  103     | expr • opAND expr
  104     | expr • opSTREQ expr
  105     | expr • opSTRNE expr
  106     | expr • '@' expr
  119 slot_acc: expr • '.' IDENT
  120         | expr • '.' IDENT '[' aidx_expr ']'
  121 intslot_acc: expr • opINTNAME class_name_expr
  122            | expr • opINTNAMER class_name_expr
  151 funcall_expr: expr • '.' IDENT '(' func_arg_list_decl ')'
  166 slot_assign: IDENT '=' expr • ';'

    '+'         shift, and go to state 102
    '-'         shift, and go to state 103
    '*'         shift, and go to state 104
    '/'         shift, and go to state 105
    '<'         shift, and go to state 106
    '>'         shift, and go to state 107
    '.'         shift, and go to state 108
    '|'         shift, and go to state 109
    '&'         shift, and go to state 110
    '%'         shift, and go to state 111
    ';'         shift, and go to state 390
    '^'         shift, and go to state 112
    '@'         shift, and go to state 113
    opINTNAME   shift, and go to state 114
    opINTNAMER  shift, and go to state 115
    opSHL       shift, and go to state 116
    opSHR       shift, and go to state 117
    opEQ        shift, and go to state 118
    opNE        shift, and go to state 119
    opGE        shift, and go to state 120
    opLE        shift, and go to state 121
    opAND       shift, and go to state 122
    opOR        shift, and go to state 123
    opSTREQ     shift, and go to state 124
    opSTRNE     shift, and go to state 125
    '?'         shift, and go to state 126


State 380

  171 slot_assign: IDENT '[' aidx_expr • ']' '=' expr ';'
  172            | IDENT '[' aidx_expr • ']' '=' '{' expr_list '}' ';'
  175 aidx_expr: aidx_expr • ',' expr

    ','  shift, and go to state 231
    ']'  shift, and go to state 391


State 381

  168 slot_assign: TYPEIDENT IDENT '=' • expr ';'
  169            | TYPEIDENT IDENT '=' • '{' expr_list '}' ';'

    rwDECLARE           shift, and go to state 5
    rwDECLARESINGLETON  shift, and go to state 6
    rwBREAK             shift, and go to state 60
    rwASSERT            shift, and go to state 20
    INTCONST            shift, and go to state 21
    TTAG                shift, and go to state 61
    VAR                 shift, and go to state 23
    IDENT               shift, and go to state 24
    STRATOM             shift, and go to state 26
    TAGATOM             shift, and go to state 27
    FLTCONST            shift, and go to state 28
    '-'                 shift, and go to state 29
    '*'                 shift, and go to state 30
    '('                 shift, and go to state 31
    '{'                 shift, and go to state 392
    '~'                 shift, and go to state 32
    '!'                 shift, and go to state 33

    object_decl   go to state 39
    expr          go to state 393
    slot_acc      go to state 47
    intslot_acc   go to state 48
    stmt_expr     go to state 65
    funcall_expr  go to state 50
    assert_expr   go to state 51


State 382

  173 slot_assign: TYPEIDENT IDENT '[' • aidx_expr ']' '=' expr ';'

    rwDECLARE           shift, and go to state 5
    rwDECLARESINGLETON  shift, and go to state 6
    rwBREAK             shift, and go to state 60
    rwASSERT            shift, and go to state 20
    INTCONST            shift, and go to state 21
    TTAG                shift, and go to state 61
    VAR                 shift, and go to state 23
    IDENT               shift, and go to state 24
    STRATOM             shift, and go to state 26
    TAGATOM             shift, and go to state 27
    FLTCONST            shift, and go to state 28
    '-'                 shift, and go to state 29
    '*'                 shift, and go to state 30
    '('                 shift, and go to state 31
    '~'                 shift, and go to state 32
    '!'                 shift, and go to state 33

    object_decl   go to state 39
    expr          go to state 163
    slot_acc      go to state 47
    intslot_acc   go to state 48
    stmt_expr     go to state 65
    funcall_expr  go to state 50
    assert_expr   go to state 51
    aidx_expr     go to state 394


State 383

   37 datablock_decl: rwDATABLOCK class_name_expr '(' expr parent_block ')' '{' slot_assign_list_opt '}' ';' •

    $default  reduce using rule 37 (datablock_decl)


State 384

   61 case_block: rwCASE case_expr ':' statement_list rwDEFAULT • ':' statement_list

    ':'  shift, and go to state 395


State 385

   62 case_block: rwCASE case_expr ':' statement_list case_block •

    $default  reduce using rule 62 (case_block)


State 386

   40 object_decl: rwDECLARE class_name_expr '(' '[' object_name ']' parent_block object_args ')' '{' object_declare_block • '}'

    '}'  shift, and go to state 396


State 387

   55 object_decl_list: object_decl_list object_decl ';' •

    $default  reduce using rule 55 (object_decl_list)


State 388

  170 slot_assign: rwDATABLOCK '=' expr ';' •

    $default  reduce using rule 170 (slot_assign)


State 389

  161 expr_list: expr_list • ',' expr
  167 slot_assign: IDENT '=' '{' expr_list • '}' ';'

    ','  shift, and go to state 210
    '}'  shift, and go to state 397


State 390

  166 slot_assign: IDENT '=' expr ';' •

    $default  reduce using rule 166 (slot_assign)


State 391

  171 slot_assign: IDENT '[' aidx_expr ']' • '=' expr ';'
  172            | IDENT '[' aidx_expr ']' • '=' '{' expr_list '}' ';'

    '='  shift, and go to state 398


State 392

  169 slot_assign: TYPEIDENT IDENT '=' '{' • expr_list '}' ';'

    rwDECLARE           shift, and go to state 5
    rwDECLARESINGLETON  shift, and go to state 6
    rwBREAK             shift, and go to state 60
    rwASSERT            shift, and go to state 20
    INTCONST            shift, and go to state 21
    TTAG                shift, and go to state 61
    VAR                 shift, and go to state 23
    IDENT               shift, and go to state 24
    STRATOM             shift, and go to state 26
    TAGATOM             shift, and go to state 27
    FLTCONST            shift, and go to state 28
    '-'                 shift, and go to state 29
    '*'                 shift, and go to state 30
    '('                 shift, and go to state 31
    '~'                 shift, and go to state 32
    '!'                 shift, and go to state 33

    object_decl   go to state 39
    expr          go to state 135
    slot_acc      go to state 47
    intslot_acc   go to state 48
    stmt_expr     go to state 65
    funcall_expr  go to state 50
    assert_expr   go to state 51
    expr_list     go to state 399


State 393

   82 expr: expr • '^' expr
   83     | expr • '%' expr
   84     | expr • '&' expr
   85     | expr • '|' expr
   86     | expr • '+' expr
   87     | expr • '-' expr
   88     | expr • '*' expr
   89     | expr • '/' expr
   93     | expr • '?' expr ':' expr
   94     | expr • '<' expr
   95     | expr • '>' expr
   96     | expr • opGE expr
   97     | expr • opLE expr
   98     | expr • opEQ expr
   99     | expr • opNE expr
  100     | expr • opOR expr
  101     | expr • opSHL expr
  102     | expr • opSHR expr
  103     | expr • opAND expr
  104     | expr • opSTREQ expr
  105     | expr • opSTRNE expr
  106     | expr • '@' expr
  119 slot_acc: expr • '.' IDENT
  120         | expr • '.' IDENT '[' aidx_expr ']'
  121 intslot_acc: expr • opINTNAME class_name_expr
  122            | expr • opINTNAMER class_name_expr
  151 funcall_expr: expr • '.' IDENT '(' func_arg_list_decl ')'
  168 slot_assign: TYPEIDENT IDENT '=' expr • ';'

    '+'         shift, and go to state 102
    '-'         shift, and go to state 103
    '*'         shift, and go to state 104
    '/'         shift, and go to state 105
    '<'         shift, and go to state 106
    '>'         shift, and go to state 107
    '.'         shift, and go to state 108
    '|'         shift, and go to state 109
    '&'         shift, and go to state 110
    '%'         shift, and go to state 111
    ';'         shift, and go to state 400
    '^'         shift, and go to state 112
    '@'         shift, and go to state 113
    opINTNAME   shift, and go to state 114
    opINTNAMER  shift, and go to state 115
    opSHL       shift, and go to state 116
    opSHR       shift, and go to state 117
    opEQ        shift, and go to state 118
    opNE        shift, and go to state 119
    opGE        shift, and go to state 120
    opLE        shift, and go to state 121
    opAND       shift, and go to state 122
    opOR        shift, and go to state 123
    opSTREQ     shift, and go to state 124
    opSTRNE     shift, and go to state 125
    '?'         shift, and go to state 126


State 394

  173 slot_assign: TYPEIDENT IDENT '[' aidx_expr • ']' '=' expr ';'
  175 aidx_expr: aidx_expr • ',' expr

    ','  shift, and go to state 231
    ']'  shift, and go to state 401


State 395

   61 case_block: rwCASE case_expr ':' statement_list rwDEFAULT ':' • statement_list

    $default  reduce using rule 10 (statement_list)

    statement_list  go to state 402


State 396

   40 object_decl: rwDECLARE class_name_expr '(' '[' object_name ']' parent_block object_args ')' '{' object_declare_block '}' •

    $default  reduce using rule 40 (object_decl)


State 397

  167 slot_assign: IDENT '=' '{' expr_list '}' • ';'

    ';'  shift, and go to state 403


State 398

  171 slot_assign: IDENT '[' aidx_expr ']' '=' • expr ';'
  172            | IDENT '[' aidx_expr ']' '=' • '{' expr_list '}' ';'

    rwDECLARE           shift, and go to state 5
    rwDECLARESINGLETON  shift, and go to state 6
    rwBREAK             shift, and go to state 60
    rwASSERT            shift, and go to state 20
    INTCONST            shift, and go to state 21
    TTAG                shift, and go to state 61
    VAR                 shift, and go to state 23
    IDENT               shift, and go to state 24
    STRATOM             shift, and go to state 26
    TAGATOM             shift, and go to state 27
    FLTCONST            shift, and go to state 28
    '-'                 shift, and go to state 29
    '*'                 shift, and go to state 30
    '('                 shift, and go to state 31
    '{'                 shift, and go to state 404
    '~'                 shift, and go to state 32
    '!'                 shift, and go to state 33

    object_decl   go to state 39
    expr          go to state 405
    slot_acc      go to state 47
    intslot_acc   go to state 48
    stmt_expr     go to state 65
    funcall_expr  go to state 50
    assert_expr   go to state 51


State 399

  161 expr_list: expr_list • ',' expr
  169 slot_assign: TYPEIDENT IDENT '=' '{' expr_list • '}' ';'

    ','  shift, and go to state 210
    '}'  shift, and go to state 406


State 400

  168 slot_assign: TYPEIDENT IDENT '=' expr ';' •

    $default  reduce using rule 168 (slot_assign)


State 401

  173 slot_assign: TYPEIDENT IDENT '[' aidx_expr ']' • '=' expr ';'

    '='  shift, and go to state 407


State 402

   11 statement_list: statement_list • stmt
   61 case_block: rwCASE case_expr ':' statement_list rwDEFAULT ':' statement_list •

    rwDECLARE           shift, and go to state 5
    rwDECLARESINGLETON  shift, and go to state 6
    rwBREAK             shift, and go to state 7
    rwCONTINUE          shift, and go to state 8
    rwIF                shift, and go to state 9
    rwRETURN            shift, and go to state 10
    rwWHILE             shift, and go to state 11
    rwDO                shift, and go to state 12
    rwFOR               shift, and go to state 13
    rwFOREACH           shift, and go to state 14
    rwFOREACHSTR        shift, and go to state 15
    rwDATABLOCK         shift, and go to state 16
    rwSWITCH            shift, and go to state 17
    rwSWITCHSTR         shift, and go to state 18
    rwASSERT            shift, and go to state 20
    INTCONST            shift, and go to state 21
    TTAG                shift, and go to state 22
    VAR                 shift, and go to state 23
    IDENT               shift, and go to state 24
    DOCBLOCK            shift, and go to state 25
    STRATOM             shift, and go to state 26
    TAGATOM             shift, and go to state 27
    FLTCONST            shift, and go to state 28
    '-'                 shift, and go to state 29
    '*'                 shift, and go to state 30
    '('                 shift, and go to state 31
    '~'                 shift, and go to state 32
    '!'                 shift, and go to state 33

    $default  reduce using rule 61 (case_block)

    stmt             go to state 214
    datablock_decl   go to state 38
    object_decl      go to state 39
    switch_stmt      go to state 40
    if_stmt          go to state 41
    while_stmt       go to state 42
    for_stmt         go to state 43
    foreach_stmt     go to state 44
    expression_stmt  go to state 45
    expr             go to state 46
    slot_acc         go to state 47
    intslot_acc      go to state 48
    stmt_expr        go to state 49
    funcall_expr     go to state 50
    assert_expr      go to state 51


State 403

  167 slot_assign: IDENT '=' '{' expr_list '}' ';' •

    $default  reduce using rule 167 (slot_assign)


State 404

  172 slot_assign: IDENT '[' aidx_expr ']' '=' '{' • expr_list '}' ';'

    rwDECLARE           shift, and go to state 5
    rwDECLARESINGLETON  shift, and go to state 6
    rwBREAK             shift, and go to state 60
    rwASSERT            shift, and go to state 20
    INTCONST            shift, and go to state 21
    TTAG                shift, and go to state 61
    VAR                 shift, and go to state 23
    IDENT               shift, and go to state 24
    STRATOM             shift, and go to state 26
    TAGATOM             shift, and go to state 27
    FLTCONST            shift, and go to state 28
    '-'                 shift, and go to state 29
    '*'                 shift, and go to state 30
    '('                 shift, and go to state 31
    '~'                 shift, and go to state 32
    '!'                 shift, and go to state 33

    object_decl   go to state 39
    expr          go to state 135
    slot_acc      go to state 47
    intslot_acc   go to state 48
    stmt_expr     go to state 65
    funcall_expr  go to state 50
    assert_expr   go to state 51
    expr_list     go to state 408


State 405

   82 expr: expr • '^' expr
   83     | expr • '%' expr
   84     | expr • '&' expr
   85     | expr • '|' expr
   86     | expr • '+' expr
   87     | expr • '-' expr
   88     | expr • '*' expr
   89     | expr • '/' expr
   93     | expr • '?' expr ':' expr
   94     | expr • '<' expr
   95     | expr • '>' expr
   96     | expr • opGE expr
   97     | expr • opLE expr
   98     | expr • opEQ expr
   99     | expr • opNE expr
  100     | expr • opOR expr
  101     | expr • opSHL expr
  102     | expr • opSHR expr
  103     | expr • opAND expr
  104     | expr • opSTREQ expr
  105     | expr • opSTRNE expr
  106     | expr • '@' expr
  119 slot_acc: expr • '.' IDENT
  120         | expr • '.' IDENT '[' aidx_expr ']'
  121 intslot_acc: expr • opINTNAME class_name_expr
  122            | expr • opINTNAMER class_name_expr
  151 funcall_expr: expr • '.' IDENT '(' func_arg_list_decl ')'
  171 slot_assign: IDENT '[' aidx_expr ']' '=' expr • ';'

    '+'         shift, and go to state 102
    '-'         shift, and go to state 103
    '*'         shift, and go to state 104
    '/'         shift, and go to state 105
    '<'         shift, and go to state 106
    '>'         shift, and go to state 107
    '.'         shift, and go to state 108
    '|'         shift, and go to state 109
    '&'         shift, and go to state 110
    '%'         shift, and go to state 111
    ';'         shift, and go to state 409
    '^'         shift, and go to state 112
    '@'         shift, and go to state 113
    opINTNAME   shift, and go to state 114
    opINTNAMER  shift, and go to state 115
    opSHL       shift, and go to state 116
    opSHR       shift, and go to state 117
    opEQ        shift, and go to state 118
    opNE        shift, and go to state 119
    opGE        shift, and go to state 120
    opLE        shift, and go to state 121
    opAND       shift, and go to state 122
    opOR        shift, and go to state 123
    opSTREQ     shift, and go to state 124
    opSTRNE     shift, and go to state 125
    '?'         shift, and go to state 126


State 406

  169 slot_assign: TYPEIDENT IDENT '=' '{' expr_list '}' • ';'

    ';'  shift, and go to state 410


State 407

  173 slot_assign: TYPEIDENT IDENT '[' aidx_expr ']' '=' • expr ';'

    rwDECLARE           shift, and go to state 5
    rwDECLARESINGLETON  shift, and go to state 6
    rwBREAK             shift, and go to state 60
    rwASSERT            shift, and go to state 20
    INTCONST            shift, and go to state 21
    TTAG                shift, and go to state 61
    VAR                 shift, and go to state 23
    IDENT               shift, and go to state 24
    STRATOM             shift, and go to state 26
    TAGATOM             shift, and go to state 27
    FLTCONST            shift, and go to state 28
    '-'                 shift, and go to state 29
    '*'                 shift, and go to state 30
    '('                 shift, and go to state 31
    '~'                 shift, and go to state 32
    '!'                 shift, and go to state 33

    object_decl   go to state 39
    expr          go to state 411
    slot_acc      go to state 47
    intslot_acc   go to state 48
    stmt_expr     go to state 65
    funcall_expr  go to state 50
    assert_expr   go to state 51


State 408

  161 expr_list: expr_list • ',' expr
  172 slot_assign: IDENT '[' aidx_expr ']' '=' '{' expr_list • '}' ';'

    ','  shift, and go to state 210
    '}'  shift, and go to state 412


State 409

  171 slot_assign: IDENT '[' aidx_expr ']' '=' expr ';' •

    $default  reduce using rule 171 (slot_assign)


State 410

  169 slot_assign: TYPEIDENT IDENT '=' '{' expr_list '}' ';' •

    $default  reduce using rule 169 (slot_assign)


State 411

   82 expr: expr • '^' expr
   83     | expr • '%' expr
   84     | expr • '&' expr
   85     | expr • '|' expr
   86     | expr • '+' expr
   87     | expr • '-' expr
   88     | expr • '*' expr
   89     | expr • '/' expr
   93     | expr • '?' expr ':' expr
   94     | expr • '<' expr
   95     | expr • '>' expr
   96     | expr • opGE expr
   97     | expr • opLE expr
   98     | expr • opEQ expr
   99     | expr • opNE expr
  100     | expr • opOR expr
  101     | expr • opSHL expr
  102     | expr • opSHR expr
  103     | expr • opAND expr
  104     | expr • opSTREQ expr
  105     | expr • opSTRNE expr
  106     | expr • '@' expr
  119 slot_acc: expr • '.' IDENT
  120         | expr • '.' IDENT '[' aidx_expr ']'
  121 intslot_acc: expr • opINTNAME class_name_expr
  122            | expr • opINTNAMER class_name_expr
  151 funcall_expr: expr • '.' IDENT '(' func_arg_list_decl ')'
  173 slot_assign: TYPEIDENT IDENT '[' aidx_expr ']' '=' expr • ';'

    '+'         shift, and go to state 102
    '-'         shift, and go to state 103
    '*'         shift, and go to state 104
    '/'         shift, and go to state 105
    '<'         shift, and go to state 106
    '>'         shift, and go to state 107
    '.'         shift, and go to state 108
    '|'         shift, and go to state 109
    '&'         shift, and go to state 110
    '%'         shift, and go to state 111
    ';'         shift, and go to state 413
    '^'         shift, and go to state 112
    '@'         shift, and go to state 113
    opINTNAME   shift, and go to state 114
    opINTNAMER  shift, and go to state 115
    opSHL       shift, and go to state 116
    opSHR       shift, and go to state 117
    opEQ        shift, and go to state 118
    opNE        shift, and go to state 119
    opGE        shift, and go to state 120
    opLE        shift, and go to state 121
    opAND       shift, and go to state 122
    opOR        shift, and go to state 123
    opSTREQ     shift, and go to state 124
    opSTRNE     shift, and go to state 125
    '?'         shift, and go to state 126


State 412

  172 slot_assign: IDENT '[' aidx_expr ']' '=' '{' expr_list '}' • ';'

    ';'  shift, and go to state 414


State 413

  173 slot_assign: TYPEIDENT IDENT '[' aidx_expr ']' '=' expr ';' •

    $default  reduce using rule 173 (slot_assign)


State 414

  172 slot_assign: IDENT '[' aidx_expr ']' '=' '{' expr_list '}' ';' •

    $default  reduce using rule 172 (slot_assign)
